[00:03:07] [Server thread/INFO]: Starting minecraft server version 1.8.8
[00:03:07] [Server thread/INFO]: Loading properties
[00:03:07] [Server thread/WARN]: You have used the Spigot command line EULA agreement flag.
[00:03:07] [Server thread/WARN]: By using this setting you are indicating your agreement to Mojang's EULA (https://account.mojang.com/documents/minecraft_eula).
[00:03:07] [Server thread/WARN]: If you do not agree to the above EULA please stop your server and remove this flag immediately.
[00:03:07] [Server thread/INFO]: Default game type: SURVIVAL
[00:03:07] [Server thread/INFO]: This server is running CraftBukkit version git-edaterSpigot-7e8d4bd (MC: 1.8.8) (Implementing API version Unknown-Version)
[00:03:07] [Server thread/INFO]: Spigot Timings: true - Verbose: true - Interval: 5m - Length: 60m
[00:03:07] [Server thread/INFO]: Server Ping Player Sample Count: 12
[00:03:07] [Server thread/INFO]: Using 4 threads for Netty based IO
[00:03:07] [Server thread/INFO]: Debug logging is disabled
[00:03:07] [Server thread/INFO]: Data value allowed items: 
[00:03:07] [Server thread/INFO]: Mob Spawn Range: 4
[00:03:07] [Server thread/INFO]: Sending up to 10 chunks per packet
[00:03:07] [Server thread/INFO]: Random Lighting Updates: false
[00:03:07] [Server thread/INFO]: Structure Info Saving: true
[00:03:07] [Server thread/INFO]: Max TNT Explosions: 100
[00:03:07] [Server thread/INFO]: Entity Tracking Range: Pl 48 / An 48 / Mo 48 / Mi 32 / Other 64
[00:03:07] [Server thread/INFO]: Custom Map Seeds:  Village: 10387312 Feature: 14357617
[00:03:07] [Server thread/INFO]: Entity Activation Range: An 32 / Mo 32 / Mi 16
[00:03:07] [Server thread/INFO]: Nerfing mobs spawned from spawners: false
[00:03:07] [Server thread/INFO]: Tile Max Tick Time: 50ms Entity max Tick Time: 50ms
[00:03:07] [Server thread/INFO]: Cactus Growth Modifier: 100%
[00:03:07] [Server thread/INFO]: Cane Growth Modifier: 100%
[00:03:07] [Server thread/INFO]: Melon Growth Modifier: 100%
[00:03:07] [Server thread/INFO]: Mushroom Growth Modifier: 100%
[00:03:07] [Server thread/INFO]: Pumpkin Growth Modifier: 100%
[00:03:07] [Server thread/INFO]: Sapling Growth Modifier: 100%
[00:03:07] [Server thread/INFO]: Wheat Growth Modifier: 100%
[00:03:07] [Server thread/INFO]: NetherWart Growth Modifier: 100%
[00:03:07] [Server thread/INFO]: Max Entity Collisions: 8
[00:03:07] [Server thread/INFO]: Hopper Transfer: 8 Hopper Check: 8 Hopper Amount: 1
[00:03:07] [Server thread/INFO]: Anti X-Ray: true
[00:03:07] [Server thread/INFO]: 	Engine Mode: 1
[00:03:07] [Server thread/INFO]: 	Hidden Blocks: [14, 15, 16, 21, 48, 49, 54, 56, 73, 74, 82, 129, 130]
[00:03:07] [Server thread/INFO]: 	Replace Blocks: [1, 5]
[00:03:07] [Server thread/INFO]: Item Despawn Rate: 6000
[00:03:07] [Server thread/INFO]: Item Merge Radius: 2.5
[00:03:07] [Server thread/INFO]: Arrow Despawn Rate: 1200
[00:03:07] [Server thread/INFO]: Allow Zombie Pigmen to spawn from portal blocks: true
[00:03:07] [Server thread/INFO]: View Distance: 10
[00:03:07] [Server thread/INFO]: Zombie Aggressive Towards Villager: true
[00:03:07] [Server thread/INFO]: Chunks to Grow per Tick: 650
[00:03:07] [Server thread/INFO]: Clear tick list: false
[00:03:07] [Server thread/INFO]: Experience Merge Radius: 3.0
[00:03:07] [Server thread/INFO]: Player blocking damage multiplier set to 0.5
[00:03:07] [Server thread/INFO]: Max height for cactus growth 3. Max height for reed growth 3
[00:03:07] [Server thread/INFO]: Remove invalid mob spawner tile entities: true
[00:03:07] [Server thread/INFO]: Squids will spawn between Y: 45.0 and Y: 63.0
[00:03:07] [Server thread/INFO]: Living Entity Despawn Ranges:  Soft: 32 Hard: 128
[00:03:07] [Server thread/INFO]: Grass Spread Tick Rate: 1
[00:03:07] [Server thread/INFO]: Water over lava flow speed: 5
[00:03:07] [Server thread/INFO]: Allow undead horse types to be leashed: false
[00:03:07] [Server thread/INFO]: Keep spawn chunk loaded: true
[00:03:07] [Server thread/INFO]: WorldServer TickNextTick cap set at 10000
[00:03:07] [Server thread/INFO]: WorldServer TickNextTickList cap always processes redstone: false
[00:03:07] [Server thread/INFO]: World async lighting: false
[00:03:08] [Server thread/INFO]: Loading edaterSpigot config...
[00:03:08] [Server thread/INFO]: Loading config options...
[00:03:08] [Server thread/INFO]: Loading messages...
[00:03:08] [Server thread/INFO]: Loading edaterSpigot knockback settings...
[00:03:08] [Server thread/INFO]: Generating keypair
[00:03:08] [Server thread/INFO]: Starting Minecraft server on *:25567
[00:03:08] [Server thread/INFO]: Using epoll channel type
[00:03:08] [Server thread/INFO]: Set PluginClassLoader as parallel capable
[00:03:08] [Server thread/INFO]: [CoreProtect] Loading CoreProtect v2.12.0
[00:03:08] [Server thread/INFO]: [SpigotGuard] Loading SpigotGuard v5.3.1 BULLET-PROOF
[00:03:08] [Server thread/INFO]: [LunarClient-API] Loading LunarClient-API v1.0
[00:03:08] [Server thread/INFO]: [FastAsyncWorldEdit] Loading FastAsyncWorldEdit v19.11.13-5505943-1282-22.3.5
[00:03:08] [Server thread/INFO]: [ViaVersion] Loading ViaVersion v2.2.3
[00:03:08] [Server thread/INFO]: [ViaVersion] ViaVersion 2.2.3 is now loaded, injecting!
[00:03:08] [Server thread/INFO]: [ViaVersion] Loading 1.12.2 -> 1.13 block mapping...
[00:03:08] [Server thread/INFO]: [ViaVersion] Loading 1.12.2 -> 1.13 item mapping...
[00:03:08] [Server thread/INFO]: [ViaVersion] Loading new 1.13 tags...
[00:03:08] [Server thread/INFO]: [ViaVersion] Loading 1.12.2 -> 1.13 enchantment mapping...
[00:03:08] [Server thread/INFO]: [ViaVersion] Loading 1.12.2 -> 1.13 sound mapping...
[00:03:08] [Server thread/INFO]: [ViaVersion] Loading translation mapping
[00:03:08] [Server thread/INFO]: [ViaVersion] Loading 1.13.2 -> 1.14 blockstate mapping...
[00:03:08] [Server thread/INFO]: [ViaVersion] Loading 1.13.2 -> 1.14 block mapping...
[00:03:08] [Server thread/INFO]: [ViaVersion] Loading 1.13.2 -> 1.14 item mapping...
[00:03:08] [Server thread/INFO]: [ViaVersion] Loading 1.13.2 -> 1.14 sound mapping...
[00:03:08] [Server thread/INFO]: [ViaVersion] Loading 1.14 blockstates...
[00:03:08] [Server thread/INFO]: [ViaVersion] Loading 1.14 heightmap data...
[00:03:08] [Server thread/INFO]: [ViaVersion] Loading 1.14.4 -> 1.15 blockstate mapping...
[00:03:09] [Server thread/INFO]: [ViaVersion] Loading 1.14.4 -> 1.15 block mapping...
[00:03:09] [Server thread/INFO]: [ViaVersion] Loading 1.14.4 -> 1.15 item mapping...
[00:03:09] [Server thread/INFO]: [ViaVersion] Loading 1.14.4 -> 1.15 sound mapping...
[00:03:09] [Server thread/INFO]: [IPWhitelist] Loading IPWhitelist v1.7
[00:03:09] [Server thread/INFO]: [Queue] Loading Queue v${project.version}
[00:03:09] [Server thread/INFO]: [ProtocolLib] Loading ProtocolLib v4.5.0-SNAPSHOT
[00:03:09] [Server thread/INFO]: [Core] Loading Core v1.0
[00:03:09] [Server thread/INFO]: [ViaRewind] Loading ViaRewind v1.4.5
[00:03:09] [Server thread/INFO]: [WorldEdit] Loading WorldEdit v6.1.7;dd00bb1
[00:03:09] [Server thread/INFO]: [Practice] Loading Practice v1.0
[00:03:09] [Server thread/INFO]: [LunarClient-API] Enabling LunarClient-API v1.0
[00:03:09] [Server thread/INFO]: 1.7.10-R0.1-SNAPSHOT
[00:03:09] [Server thread/INFO]: 1.7.10
[00:03:09] [Server thread/INFO]: 1.13
[00:03:09] [Server thread/INFO]: 1.7.10
[00:03:09] [Server thread/INFO]: 1.13
[00:03:09] [Server thread/INFO]: [FastAsyncWorldEdit] Enabling FastAsyncWorldEdit v19.11.13-5505943-1282-22.3.5
[00:03:09] [Server thread/INFO]: Vault is used for persistent `/wea` toggles.
[00:03:09] [Server thread/INFO]: [ProtocolLib] Enabling ProtocolLib v4.5.0-SNAPSHOT
[00:03:09] [Server thread/INFO]: [ProtocolLib] Started structure compiler thread.
[00:03:09] [Server thread/INFO]: [ViaRewind] Enabling ViaRewind v1.4.5
[00:03:09] [Server thread/WARN]: **** SERVER IS RUNNING IN OFFLINE/INSECURE MODE!
[00:03:09] [Server thread/WARN]: The server will make no attempt to authenticate usernames. Beware.
[00:03:09] [Server thread/WARN]: Whilst this makes it possible to use BungeeCord, unless access to your server is properly restricted, it also opens up the ability for hackers to connect with any username they choose.
[00:03:09] [Server thread/WARN]: Please see http://www.spigotmc.org/wiki/firewall-guide/ for further information.
[00:03:09] [Server thread/WARN]: To change this, set "online-mode" to "true" in the server.properties file.
[00:03:09] [Server thread/INFO]: **** Beginning UUID conversion, this may take A LONG time ****
[00:03:09] [Server thread/INFO]: Preparing level "world"
[00:03:09] [Server thread/INFO]: Preparing start region for level 0 (Seed: 243506024930888772)
[00:03:10] [Server thread/INFO]: Preparing start region for level 1 (Seed: -4813238852500949873)
[00:03:10] [Server thread/INFO]: Preparing start region for level 2 (Seed: -4813238852500949873)
[00:03:10] [Server thread/INFO]: [CoreProtect] Enabling CoreProtect v2.12.0
[00:03:10] [Server thread/INFO]: CoreProtect version 2.12.0 is enabled!
[00:03:10] [Server thread/INFO]: [CoreProtect] Using SQLite for data storage.
[00:03:10] [Server thread/INFO]: [SpigotGuard] Enabling SpigotGuard v5.3.1 BULLET-PROOF
[00:03:10] [Server thread/WARN]: [SpigotGuard] Could not send license request to license server! Plugin will try to work normally if it is our license server issue. Just ignore this message. (dev: Connection refused (Connection refused))

[00:03:10] [Server thread/INFO]: [ViaVersion] Enabling ViaVersion v2.2.3
[00:03:10] [Server thread/INFO]: [IPWhitelist] Enabling IPWhitelist v1.7
[00:03:10] [Server thread/INFO]: [Queue] Enabling Queue v${project.version}
[00:03:10] [Server thread/INFO]: [Core] Enabling Core v1.0
[00:03:10] [Server thread/WARN]: [Core] Could not save config.yml to plugins/Core/config.yml because config.yml already exists.
[00:03:10] [Server thread/WARN]: [Server thread] INFO org.mongodb.driver.cluster - Cluster created with settings {hosts=[127.0.0.1:27017], mode=SINGLE, requiredClusterType=UNKNOWN, serverSelectionTimeout='30000 ms', maxWaitQueueSize=500}
[00:03:10] [Server thread/INFO]: Jedis is now reading on global-messages
[00:03:10] [cluster-ClusterId{value='607cc8be1909620eb021f86b', description='null'}-127.0.0.1:27017/WARN]: [cluster-ClusterId{value='607cc8be1909620eb021f86b', description='null'}-127.0.0.1:27017] INFO org.mongodb.driver.connection - Opened connection [connectionId{localValue:1, serverValue:107}] to 127.0.0.1:27017
[00:03:10] [cluster-ClusterId{value='607cc8be1909620eb021f86b', description='null'}-127.0.0.1:27017/WARN]: [cluster-ClusterId{value='607cc8be1909620eb021f86b', description='null'}-127.0.0.1:27017] INFO org.mongodb.driver.cluster - Monitor thread successfully connected to server with description ServerDescription{address=127.0.0.1:27017, type=STANDALONE, state=CONNECTED, ok=true, version=ServerVersion{versionList=[4, 4, 5]}, minWireVersion=0, maxWireVersion=9, maxDocumentSize=16777216, logicalSessionTimeoutMinutes=30, roundTripTimeNanos=2282778}
[00:03:11] [Server thread/WARN]: [Server thread] INFO org.mongodb.driver.connection - Opened connection [connectionId{localValue:2, serverValue:108}] to 127.0.0.1:27017
[00:03:11] [Server thread/INFO]: [WorldEdit] Enabling WorldEdit v6.1.7;dd00bb1
[00:03:11] [Server thread/INFO]: WEPIF: Using the Bukkit Permissions API.
[00:03:11] [Server thread/INFO]: [WorldEdit] Using com.sk89q.worldedit.bukkit.adapter.impl.Spigot_v1_8_R3 as the Bukkit adapter
[00:03:11] [Server thread/INFO]: [Practice] Enabling Practice v1.0
[00:03:11] [Server thread/WARN]: [Practice] Could not save config.yml to plugins/Practice/config.yml because config.yml already exists.
[00:03:11] [Server thread/WARN]: [Practice] Could not save locations.yml to plugins/Practice/locations.yml because locations.yml already exists.
[00:03:11] [Server thread/WARN]: [Practice] Could not save arenas.yml to plugins/Practice/arenas.yml because arenas.yml already exists.
[00:03:11] [Server thread/WARN]: [Practice] Could not save kits.yml to plugins/Practice/kits.yml because kits.yml already exists.
[00:03:11] [Server thread/INFO]: Preparing start region for level 3 (Seed: 1264246606977285352)
[00:03:11] [Server thread/WARN]: [Server thread] INFO org.mongodb.driver.cluster - Cluster created with settings {hosts=[127.0.0.1:27017], mode=SINGLE, requiredClusterType=UNKNOWN, serverSelectionTimeout='30000 ms', maxWaitQueueSize=500}
[00:03:11] [cluster-ClusterId{value='607cc8bf1909620eb021f86c', description='null'}-127.0.0.1:27017/WARN]: [cluster-ClusterId{value='607cc8bf1909620eb021f86c', description='null'}-127.0.0.1:27017] INFO org.mongodb.driver.connection - Opened connection [connectionId{localValue:3, serverValue:109}] to 127.0.0.1:27017
[00:03:11] [cluster-ClusterId{value='607cc8bf1909620eb021f86c', description='null'}-127.0.0.1:27017/WARN]: [cluster-ClusterId{value='607cc8bf1909620eb021f86c', description='null'}-127.0.0.1:27017] INFO org.mongodb.driver.cluster - Monitor thread successfully connected to server with description ServerDescription{address=127.0.0.1:27017, type=STANDALONE, state=CONNECTED, ok=true, version=ServerVersion{versionList=[4, 4, 5]}, minWireVersion=0, maxWireVersion=9, maxDocumentSize=16777216, logicalSessionTimeoutMinutes=30, roundTripTimeNanos=292971}
[00:03:11] [Server thread/INFO]: Server permissions file update is empty, ignoring it
[00:03:11] [Server thread/INFO]: Done (1.659s)! For help, type "help" or "?"
[00:03:11] [Server thread/INFO]: Timings Reset
[00:03:11] [Craft Scheduler Thread - 0/INFO]: [Core] The server is currently setting up.
[00:03:11] [Server thread/INFO]: [ViaVersion] ViaVersion detected server version: 1.8.x(47)
[00:03:11] [Server thread/INFO]: (FAWE) Detected class org.bukkit.event.block.BlockExplodeEvent
[00:03:11] [Server thread/INFO]: [Practice] Started loading all the chunks...
[00:03:11] [Server thread/INFO]: [Practice] Finished loading all the chunks!
[00:03:11] [Thread-18/INFO]: Disconnecting com.mojang.authlib.GameProfile@6fc072d3[id=bff23c05-a3f7-45a5-b604-90b473c801c0,name=Weird_Kid247,properties={textures=[com.mojang.authlib.properties.Property@712ed32b]},legacy=false] (/73.72.162.169:45439): §cServer is setting up!
[00:03:11] [Server thread/WARN]: [ViaVersion] There is a newer version available: 3.2.1, you're on: 2.2.3
[00:03:11] [Server thread/INFO]: com.mojang.authlib.GameProfile@6fc072d3[id=bff23c05-a3f7-45a5-b604-90b473c801c0,name=Weird_Kid247,properties={textures=[com.mojang.authlib.properties.Property@712ed32b]},legacy=false] (/73.72.162.169:45439) lost connection: §cServer is setting up!
[00:03:12] [Craft Scheduler Thread - 4/INFO]: [Core] The server is currently setting up.
[00:03:13] [Craft Scheduler Thread - 7/INFO]: [Core] The server is currently setting up.
[00:03:13] [Thread-19/INFO]: Disconnecting com.mojang.authlib.GameProfile@75cc013a[id=0b5cd2ba-133d-49e8-a272-bef974e207c5,name=BankrolHayden,properties={textures=[com.mojang.authlib.properties.Property@5892c929]},legacy=false] (/160.19.107.244:46561): §cServer is setting up!
[00:03:13] [Server thread/INFO]: com.mojang.authlib.GameProfile@75cc013a[id=0b5cd2ba-133d-49e8-a272-bef974e207c5,name=BankrolHayden,properties={textures=[com.mojang.authlib.properties.Property@5892c929]},legacy=false] (/160.19.107.244:46561) lost connection: §cServer is setting up!
[00:03:14] [Craft Scheduler Thread - 8/INFO]: [Core] The server is currently setting up.
[00:03:15] [Craft Scheduler Thread - 6/INFO]: [Core] The server is currently setting up.
[00:03:16] [Craft Scheduler Thread - 7/INFO]: [Core] The server is now setup and ready.
[00:03:22] [Thread-20/INFO]: UUID of player BankrolHayden is 0b5cd2ba-133d-49e8-a272-bef974e207c5
[00:03:22] [Server thread/INFO]: BankrolHayden[/160.19.107.244:60867] logged in with entity id 22 at ([world]0.0, 60.0, 0.0)
[00:03:22] [Craft Scheduler Thread - 8/WARN]: [Craft Scheduler Thread - 8] INFO org.mongodb.driver.connection - Opened connection [connectionId{localValue:4, serverValue:110}] to 127.0.0.1:27017
[00:03:26] [Thread-22/INFO]: UUID of player Weird_Kid247 is bff23c05-a3f7-45a5-b604-90b473c801c0
[00:03:26] [Server thread/INFO]: Weird_Kid247[/73.72.162.169:51013] logged in with entity id 520 at ([world]0.0, 60.0, 0.0)
[00:03:29] [Server thread/ERROR]: Could not pass event MatchStartEvent to Practice v1.0
org.bukkit.event.EventException
	at org.bukkit.plugin.java.JavaPluginLoader$1.execute(JavaPluginLoader.java:302) ~[server.jar:git-edaterSpigot-7e8d4bd]
	at co.aikar.timings.TimedEventExecutor.execute(TimedEventExecutor.java:74) ~[server.jar:git-edaterSpigot-7e8d4bd]
	at org.bukkit.plugin.RegisteredListener.callEvent(RegisteredListener.java:65) ~[server.jar:git-edaterSpigot-7e8d4bd]
	at org.bukkit.plugin.SimplePluginManager.callEventHandler(SimplePluginManager.java:569) ~[server.jar:git-edaterSpigot-7e8d4bd]
	at org.bukkit.plugin.SimplePluginManager.dispatchEvent(SimplePluginManager.java:534) ~[server.jar:git-edaterSpigot-7e8d4bd]
	at org.bukkit.plugin.SimplePluginManager.access$0(SimplePluginManager.java:531) ~[server.jar:git-edaterSpigot-7e8d4bd]
	at org.bukkit.plugin.SimplePluginManager$2.callEvent(SimplePluginManager.java:536) ~[server.jar:git-edaterSpigot-7e8d4bd]
	at org.bukkit.plugin.SimplePluginManager.callEventBody(SimplePluginManager.java:586) ~[server.jar:git-edaterSpigot-7e8d4bd]
	at org.bukkit.plugin.SimplePluginManager.callEventHandler(SimplePluginManager.java:579) ~[server.jar:git-edaterSpigot-7e8d4bd]
	at org.bukkit.plugin.SimplePluginManager.dispatchEvent(SimplePluginManager.java:534) ~[server.jar:git-edaterSpigot-7e8d4bd]
	at org.bukkit.plugin.SimplePluginManager.callEventSynchronously(SimplePluginManager.java:527) ~[server.jar:git-edaterSpigot-7e8d4bd]
	at org.bukkit.plugin.SimplePluginManager.callEvent(SimplePluginManager.java:521) ~[server.jar:git-edaterSpigot-7e8d4bd]
	at org.bukkit.plugin.SimplePluginManager.callEvent(SimplePluginManager.java:496) ~[server.jar:git-edaterSpigot-7e8d4bd]
	at us.zonix.practice.managers.MatchManager.createMatch(MatchManager.java:121) ~[?:?]
	at us.zonix.practice.managers.QueueManager.findMatch(QueueManager.java:265) ~[?:?]
	at us.zonix.practice.managers.QueueManager.lambda$new$0(QueueManager.java:47) ~[?:?]
	at java.util.concurrent.ConcurrentHashMap.forEach(ConcurrentHashMap.java:1597) ~[?:1.8.0_282]
	at us.zonix.practice.managers.QueueManager.lambda$new$1(QueueManager.java:43) ~[?:?]
	at org.bukkit.craftbukkit.v1_8_R3.scheduler.CraftTask.run(CraftTask.java:64) [server.jar:git-edaterSpigot-7e8d4bd]
	at org.bukkit.craftbukkit.v1_8_R3.scheduler.CraftScheduler.mainThreadHeartbeat(CraftScheduler.java:412) [server.jar:git-edaterSpigot-7e8d4bd]
	at net.minecraft.server.v1_8_R3.MinecraftServer.B(MinecraftServer.java:800) [server.jar:git-edaterSpigot-7e8d4bd]
	at net.minecraft.server.v1_8_R3.DedicatedServer.B(DedicatedServer.java:366) [server.jar:git-edaterSpigot-7e8d4bd]
	at net.minecraft.server.v1_8_R3.MinecraftServer.A(MinecraftServer.java:729) [server.jar:git-edaterSpigot-7e8d4bd]
	at net.minecraft.server.v1_8_R3.MinecraftServer.run(MinecraftServer.java:629) [server.jar:git-edaterSpigot-7e8d4bd]
	at java.lang.Thread.run(Thread.java:748) [?:1.8.0_282]
Caused by: java.lang.NullPointerException
	at us.zonix.practice.listeners.MatchListener.lambda$onMatchStart$0(MatchListener.java:94) ~[?:?]
	at java.util.stream.ForEachOps$ForEachOp$OfRef.accept(ForEachOps.java:183) ~[?:1.8.0_282]
	at java.util.stream.ReferencePipeline$2$1.accept(ReferencePipeline.java:175) ~[?:1.8.0_282]
	at java.util.stream.ReferencePipeline$3$1.accept(ReferencePipeline.java:193) ~[?:1.8.0_282]
	at java.util.ArrayList$ArrayListSpliterator.forEachRemaining(ArrayList.java:1384) ~[?:1.8.0_282]
	at java.util.stream.AbstractPipeline.copyInto(AbstractPipeline.java:482) ~[?:1.8.0_282]
	at java.util.stream.AbstractPipeline.wrapAndCopyInto(AbstractPipeline.java:472) ~[?:1.8.0_282]
	at java.util.stream.ForEachOps$ForEachOp.evaluateSequential(ForEachOps.java:150) ~[?:1.8.0_282]
	at java.util.stream.ForEachOps$ForEachOp$OfRef.evaluateSequential(ForEachOps.java:173) ~[?:1.8.0_282]
	at java.util.stream.AbstractPipeline.evaluate(AbstractPipeline.java:234) ~[?:1.8.0_282]
	at java.util.stream.ReferencePipeline.forEach(ReferencePipeline.java:485) ~[?:1.8.0_282]
	at us.zonix.practice.listeners.MatchListener.lambda$onMatchStart$1(MatchListener.java:74) ~[?:?]
	at java.util.Arrays$ArrayList.forEach(Arrays.java:3880) ~[?:1.8.0_282]
	at us.zonix.practice.listeners.MatchListener.onMatchStart(MatchListener.java:74) ~[?:?]
	at sun.reflect.NativeMethodAccessorImpl.invoke0(Native Method) ~[?:1.8.0_282]
	at sun.reflect.NativeMethodAccessorImpl.invoke(NativeMethodAccessorImpl.java:62) ~[?:1.8.0_282]
	at sun.reflect.DelegatingMethodAccessorImpl.invoke(DelegatingMethodAccessorImpl.java:43) ~[?:1.8.0_282]
	at java.lang.reflect.Method.invoke(Method.java:498) ~[?:1.8.0_282]
	at org.bukkit.plugin.java.JavaPluginLoader$1.execute(JavaPluginLoader.java:300) ~[server.jar:git-edaterSpigot-7e8d4bd]
	... 24 more
[00:03:29] [Craft Scheduler Thread - 3/WARN]: java.lang.NullPointerException
[00:03:29] [Craft Scheduler Thread - 3/WARN]: 	at us.zonix.practice.board.adapter.PracticeBoard.getLobbyBoard(PracticeBoard.java:133)
[00:03:29] [Craft Scheduler Thread - 3/WARN]: 	at us.zonix.practice.board.adapter.PracticeBoard.getScoreboard(PracticeBoard.java:74)
[00:03:29] [Craft Scheduler Thread - 3/WARN]: 	at us.zonix.practice.board.BoardManager.run(BoardManager.java:42)
[00:03:29] [Craft Scheduler Thread - 3/WARN]: 	at org.bukkit.craftbukkit.v1_8_R3.scheduler.CraftTask.run(CraftTask.java:64)
[00:03:29] [Craft Scheduler Thread - 3/WARN]: 	at org.bukkit.craftbukkit.v1_8_R3.scheduler.CraftAsyncTask.run(CraftAsyncTask.java:53)
[00:03:29] [Craft Scheduler Thread - 3/WARN]: 	at org.github.paperspigot.ServerSchedulerReportingWrapper.run(ServerSchedulerReportingWrapper.java:23)
[00:03:29] [Craft Scheduler Thread - 3/WARN]: 	at java.util.concurrent.ThreadPoolExecutor.runWorker(ThreadPoolExecutor.java:1149)
[00:03:29] [Craft Scheduler Thread - 3/WARN]: 	at java.util.concurrent.ThreadPoolExecutor$Worker.run(ThreadPoolExecutor.java:624)
[00:03:29] [Craft Scheduler Thread - 3/WARN]: 	at java.lang.Thread.run(Thread.java:748)
[00:03:29] [Craft Scheduler Thread - 3/WARN]: java.lang.NullPointerException
[00:03:29] [Craft Scheduler Thread - 3/WARN]: 	at us.zonix.practice.board.adapter.PracticeBoard.getLobbyBoard(PracticeBoard.java:133)
[00:03:29] [Craft Scheduler Thread - 3/WARN]: 	at us.zonix.practice.board.adapter.PracticeBoard.getScoreboard(PracticeBoard.java:74)
[00:03:29] [Craft Scheduler Thread - 3/WARN]: 	at us.zonix.practice.board.BoardManager.run(BoardManager.java:42)
[00:03:29] [Craft Scheduler Thread - 3/WARN]: 	at org.bukkit.craftbukkit.v1_8_R3.scheduler.CraftTask.run(CraftTask.java:64)
[00:03:29] [Craft Scheduler Thread - 3/WARN]: 	at org.bukkit.craftbukkit.v1_8_R3.scheduler.CraftAsyncTask.run(CraftAsyncTask.java:53)
[00:03:29] [Craft Scheduler Thread - 3/WARN]: 	at org.github.paperspigot.ServerSchedulerReportingWrapper.run(ServerSchedulerReportingWrapper.java:23)
[00:03:29] [Craft Scheduler Thread - 3/WARN]: 	at java.util.concurrent.ThreadPoolExecutor.runWorker(ThreadPoolExecutor.java:1149)
[00:03:29] [Craft Scheduler Thread - 3/WARN]: 	at java.util.concurrent.ThreadPoolExecutor$Worker.run(ThreadPoolExecutor.java:624)
[00:03:29] [Craft Scheduler Thread - 3/WARN]: 	at java.lang.Thread.run(Thread.java:748)
[00:03:29] [Craft Scheduler Thread - 7/WARN]: java.lang.NullPointerException
[00:03:29] [Craft Scheduler Thread - 7/WARN]: 	at us.zonix.practice.board.adapter.PracticeBoard.getLobbyBoard(PracticeBoard.java:133)
[00:03:29] [Craft Scheduler Thread - 7/WARN]: 	at us.zonix.practice.board.adapter.PracticeBoard.getScoreboard(PracticeBoard.java:74)
[00:03:29] [Craft Scheduler Thread - 7/WARN]: 	at us.zonix.practice.board.BoardManager.run(BoardManager.java:42)
[00:03:29] [Craft Scheduler Thread - 7/WARN]: 	at org.bukkit.craftbukkit.v1_8_R3.scheduler.CraftTask.run(CraftTask.java:64)
[00:03:29] [Craft Scheduler Thread - 7/WARN]: 	at org.bukkit.craftbukkit.v1_8_R3.scheduler.CraftAsyncTask.run(CraftAsyncTask.java:53)
[00:03:29] [Craft Scheduler Thread - 7/WARN]: 	at org.github.paperspigot.ServerSchedulerReportingWrapper.run(ServerSchedulerReportingWrapper.java:23)
[00:03:29] [Craft Scheduler Thread - 7/WARN]: 	at java.util.concurrent.ThreadPoolExecutor.runWorker(ThreadPoolExecutor.java:1149)
[00:03:29] [Craft Scheduler Thread - 7/WARN]: 	at java.util.concurrent.ThreadPoolExecutor$Worker.run(ThreadPoolExecutor.java:624)
[00:03:29] [Craft Scheduler Thread - 7/WARN]: 	at java.lang.Thread.run(Thread.java:748)
[00:03:29] [Craft Scheduler Thread - 7/WARN]: java.lang.NullPointerException
[00:03:29] [Craft Scheduler Thread - 7/WARN]: 	at us.zonix.practice.board.adapter.PracticeBoard.getLobbyBoard(PracticeBoard.java:133)
[00:03:29] [Craft Scheduler Thread - 7/WARN]: 	at us.zonix.practice.board.adapter.PracticeBoard.getScoreboard(PracticeBoard.java:74)
[00:03:29] [Craft Scheduler Thread - 7/WARN]: 	at us.zonix.practice.board.BoardManager.run(BoardManager.java:42)
[00:03:29] [Craft Scheduler Thread - 7/WARN]: 	at org.bukkit.craftbukkit.v1_8_R3.scheduler.CraftTask.run(CraftTask.java:64)
[00:03:29] [Craft Scheduler Thread - 7/WARN]: 	at org.bukkit.craftbukkit.v1_8_R3.scheduler.CraftAsyncTask.run(CraftAsyncTask.java:53)
[00:03:29] [Craft Scheduler Thread - 7/WARN]: 	at org.github.paperspigot.ServerSchedulerReportingWrapper.run(ServerSchedulerReportingWrapper.java:23)
[00:03:29] [Craft Scheduler Thread - 7/WARN]: 	at java.util.concurrent.ThreadPoolExecutor.runWorker(ThreadPoolExecutor.java:1149)
[00:03:29] [Craft Scheduler Thread - 7/WARN]: 	at java.util.concurrent.ThreadPoolExecutor$Worker.run(ThreadPoolExecutor.java:624)
[00:03:29] [Craft Scheduler Thread - 7/WARN]: 	at java.lang.Thread.run(Thread.java:748)
[00:03:29] [Craft Scheduler Thread - 0/WARN]: java.lang.NullPointerException
[00:03:29] [Craft Scheduler Thread - 0/WARN]: 	at us.zonix.practice.board.adapter.PracticeBoard.getLobbyBoard(PracticeBoard.java:133)
[00:03:29] [Craft Scheduler Thread - 0/WARN]: 	at us.zonix.practice.board.adapter.PracticeBoard.getScoreboard(PracticeBoard.java:74)
[00:03:29] [Craft Scheduler Thread - 0/WARN]: 	at us.zonix.practice.board.BoardManager.run(BoardManager.java:42)
[00:03:29] [Craft Scheduler Thread - 0/WARN]: 	at org.bukkit.craftbukkit.v1_8_R3.scheduler.CraftTask.run(CraftTask.java:64)
[00:03:29] [Craft Scheduler Thread - 0/WARN]: 	at org.bukkit.craftbukkit.v1_8_R3.scheduler.CraftAsyncTask.run(CraftAsyncTask.java:53)
[00:03:29] [Craft Scheduler Thread - 0/WARN]: 	at org.github.paperspigot.ServerSchedulerReportingWrapper.run(ServerSchedulerReportingWrapper.java:23)
[00:03:29] [Craft Scheduler Thread - 0/WARN]: 	at java.util.concurrent.ThreadPoolExecutor.runWorker(ThreadPoolExecutor.java:1149)
[00:03:29] [Craft Scheduler Thread - 0/WARN]: 	at java.util.concurrent.ThreadPoolExecutor$Worker.run(ThreadPoolExecutor.java:624)
[00:03:29] [Craft Scheduler Thread - 0/WARN]: 	at java.lang.Thread.run(Thread.java:748)
[00:03:29] [Craft Scheduler Thread - 0/WARN]: java.lang.NullPointerException
[00:03:29] [Craft Scheduler Thread - 0/WARN]: 	at us.zonix.practice.board.adapter.PracticeBoard.getLobbyBoard(PracticeBoard.java:133)
[00:03:29] [Craft Scheduler Thread - 0/WARN]: 	at us.zonix.practice.board.adapter.PracticeBoard.getScoreboard(PracticeBoard.java:74)
[00:03:29] [Craft Scheduler Thread - 0/WARN]: 	at us.zonix.practice.board.BoardManager.run(BoardManager.java:42)
[00:03:29] [Craft Scheduler Thread - 0/WARN]: 	at org.bukkit.craftbukkit.v1_8_R3.scheduler.CraftTask.run(CraftTask.java:64)
[00:03:29] [Craft Scheduler Thread - 0/WARN]: 	at org.bukkit.craftbukkit.v1_8_R3.scheduler.CraftAsyncTask.run(CraftAsyncTask.java:53)
[00:03:29] [Craft Scheduler Thread - 0/WARN]: 	at org.github.paperspigot.ServerSchedulerReportingWrapper.run(ServerSchedulerReportingWrapper.java:23)
[00:03:29] [Craft Scheduler Thread - 0/WARN]: 	at java.util.concurrent.ThreadPoolExecutor.runWorker(ThreadPoolExecutor.java:1149)
[00:03:29] [Craft Scheduler Thread - 0/WARN]: 	at java.util.concurrent.ThreadPoolExecutor$Worker.run(ThreadPoolExecutor.java:624)
[00:03:29] [Craft Scheduler Thread - 0/WARN]: 	at java.lang.Thread.run(Thread.java:748)
[00:03:29] [Craft Scheduler Thread - 9/WARN]: java.lang.NullPointerException
[00:03:29] [Craft Scheduler Thread - 9/WARN]: 	at us.zonix.practice.board.adapter.PracticeBoard.getLobbyBoard(PracticeBoard.java:133)
[00:03:29] [Craft Scheduler Thread - 9/WARN]: 	at us.zonix.practice.board.adapter.PracticeBoard.getScoreboard(PracticeBoard.java:74)
[00:03:29] [Craft Scheduler Thread - 9/WARN]: 	at us.zonix.practice.board.BoardManager.run(BoardManager.java:42)
[00:03:29] [Craft Scheduler Thread - 9/WARN]: 	at org.bukkit.craftbukkit.v1_8_R3.scheduler.CraftTask.run(CraftTask.java:64)
[00:03:29] [Craft Scheduler Thread - 9/WARN]: 	at org.bukkit.craftbukkit.v1_8_R3.scheduler.CraftAsyncTask.run(CraftAsyncTask.java:53)
[00:03:29] [Craft Scheduler Thread - 9/WARN]: 	at org.github.paperspigot.ServerSchedulerReportingWrapper.run(ServerSchedulerReportingWrapper.java:23)
[00:03:29] [Craft Scheduler Thread - 9/WARN]: 	at java.util.concurrent.ThreadPoolExecutor.runWorker(ThreadPoolExecutor.java:1149)
[00:03:29] [Craft Scheduler Thread - 9/WARN]: 	at java.util.concurrent.ThreadPoolExecutor$Worker.run(ThreadPoolExecutor.java:624)
[00:03:29] [Craft Scheduler Thread - 9/WARN]: 	at java.lang.Thread.run(Thread.java:748)
[00:03:29] [Craft Scheduler Thread - 9/WARN]: java.lang.NullPointerException
[00:03:29] [Craft Scheduler Thread - 9/WARN]: 	at us.zonix.practice.board.adapter.PracticeBoard.getLobbyBoard(PracticeBoard.java:133)
[00:03:29] [Craft Scheduler Thread - 9/WARN]: 	at us.zonix.practice.board.adapter.PracticeBoard.getScoreboard(PracticeBoard.java:74)
[00:03:29] [Craft Scheduler Thread - 9/WARN]: 	at us.zonix.practice.board.BoardManager.run(BoardManager.java:42)
[00:03:29] [Craft Scheduler Thread - 9/WARN]: 	at org.bukkit.craftbukkit.v1_8_R3.scheduler.CraftTask.run(CraftTask.java:64)
[00:03:29] [Craft Scheduler Thread - 9/WARN]: 	at org.bukkit.craftbukkit.v1_8_R3.scheduler.CraftAsyncTask.run(CraftAsyncTask.java:53)
[00:03:29] [Craft Scheduler Thread - 9/WARN]: 	at org.github.paperspigot.ServerSchedulerReportingWrapper.run(ServerSchedulerReportingWrapper.java:23)
[00:03:29] [Craft Scheduler Thread - 9/WARN]: 	at java.util.concurrent.ThreadPoolExecutor.runWorker(ThreadPoolExecutor.java:1149)
[00:03:29] [Craft Scheduler Thread - 9/WARN]: 	at java.util.concurrent.ThreadPoolExecutor$Worker.run(ThreadPoolExecutor.java:624)
[00:03:29] [Craft Scheduler Thread - 9/WARN]: 	at java.lang.Thread.run(Thread.java:748)
[00:03:29] [Craft Scheduler Thread - 3/WARN]: java.lang.NullPointerException
[00:03:29] [Craft Scheduler Thread - 3/WARN]: 	at us.zonix.practice.board.adapter.PracticeBoard.getLobbyBoard(PracticeBoard.java:133)
[00:03:29] [Craft Scheduler Thread - 3/WARN]: 	at us.zonix.practice.board.adapter.PracticeBoard.getScoreboard(PracticeBoard.java:74)
[00:03:29] [Craft Scheduler Thread - 3/WARN]: 	at us.zonix.practice.board.BoardManager.run(BoardManager.java:42)
[00:03:29] [Craft Scheduler Thread - 3/WARN]: 	at org.bukkit.craftbukkit.v1_8_R3.scheduler.CraftTask.run(CraftTask.java:64)
[00:03:29] [Craft Scheduler Thread - 3/WARN]: 	at org.bukkit.craftbukkit.v1_8_R3.scheduler.CraftAsyncTask.run(CraftAsyncTask.java:53)
[00:03:29] [Craft Scheduler Thread - 3/WARN]: 	at org.github.paperspigot.ServerSchedulerReportingWrapper.run(ServerSchedulerReportingWrapper.java:23)
[00:03:29] [Craft Scheduler Thread - 3/WARN]: 	at java.util.concurrent.ThreadPoolExecutor.runWorker(ThreadPoolExecutor.java:1149)
[00:03:29] [Craft Scheduler Thread - 3/WARN]: 	at java.util.concurrent.ThreadPoolExecutor$Worker.run(ThreadPoolExecutor.java:624)
[00:03:29] [Craft Scheduler Thread - 3/WARN]: 	at java.lang.Thread.run(Thread.java:748)
[00:03:29] [Craft Scheduler Thread - 3/WARN]: java.lang.NullPointerException
[00:03:29] [Craft Scheduler Thread - 3/WARN]: 	at us.zonix.practice.board.adapter.PracticeBoard.getLobbyBoard(PracticeBoard.java:133)
[00:03:29] [Craft Scheduler Thread - 3/WARN]: 	at us.zonix.practice.board.adapter.PracticeBoard.getScoreboard(PracticeBoard.java:74)
[00:03:29] [Craft Scheduler Thread - 3/WARN]: 	at us.zonix.practice.board.BoardManager.run(BoardManager.java:42)
[00:03:29] [Craft Scheduler Thread - 3/WARN]: 	at org.bukkit.craftbukkit.v1_8_R3.scheduler.CraftTask.run(CraftTask.java:64)
[00:03:29] [Craft Scheduler Thread - 3/WARN]: 	at org.bukkit.craftbukkit.v1_8_R3.scheduler.CraftAsyncTask.run(CraftAsyncTask.java:53)
[00:03:29] [Craft Scheduler Thread - 3/WARN]: 	at org.github.paperspigot.ServerSchedulerReportingWrapper.run(ServerSchedulerReportingWrapper.java:23)
[00:03:29] [Craft Scheduler Thread - 3/WARN]: 	at java.util.concurrent.ThreadPoolExecutor.runWorker(ThreadPoolExecutor.java:1149)
[00:03:29] [Craft Scheduler Thread - 3/WARN]: 	at java.util.concurrent.ThreadPoolExecutor$Worker.run(ThreadPoolExecutor.java:624)
[00:03:29] [Craft Scheduler Thread - 3/WARN]: 	at java.lang.Thread.run(Thread.java:748)
[00:03:29] [Craft Scheduler Thread - 7/WARN]: java.lang.NullPointerException
[00:03:29] [Craft Scheduler Thread - 7/WARN]: 	at us.zonix.practice.board.adapter.PracticeBoard.getLobbyBoard(PracticeBoard.java:133)
[00:03:29] [Craft Scheduler Thread - 7/WARN]: 	at us.zonix.practice.board.adapter.PracticeBoard.getScoreboard(PracticeBoard.java:74)
[00:03:29] [Craft Scheduler Thread - 7/WARN]: 	at us.zonix.practice.board.BoardManager.run(BoardManager.java:42)
[00:03:29] [Craft Scheduler Thread - 7/WARN]: 	at org.bukkit.craftbukkit.v1_8_R3.scheduler.CraftTask.run(CraftTask.java:64)
[00:03:29] [Craft Scheduler Thread - 7/WARN]: 	at org.bukkit.craftbukkit.v1_8_R3.scheduler.CraftAsyncTask.run(CraftAsyncTask.java:53)
[00:03:29] [Craft Scheduler Thread - 7/WARN]: 	at org.github.paperspigot.ServerSchedulerReportingWrapper.run(ServerSchedulerReportingWrapper.java:23)
[00:03:29] [Craft Scheduler Thread - 7/WARN]: 	at java.util.concurrent.ThreadPoolExecutor.runWorker(ThreadPoolExecutor.java:1149)
[00:03:29] [Craft Scheduler Thread - 7/WARN]: 	at java.util.concurrent.ThreadPoolExecutor$Worker.run(ThreadPoolExecutor.java:624)
[00:03:29] [Craft Scheduler Thread - 7/WARN]: 	at java.lang.Thread.run(Thread.java:748)
[00:03:29] [Craft Scheduler Thread - 7/WARN]: java.lang.NullPointerException
[00:03:29] [Craft Scheduler Thread - 7/WARN]: 	at us.zonix.practice.board.adapter.PracticeBoard.getLobbyBoard(PracticeBoard.java:133)
[00:03:29] [Craft Scheduler Thread - 7/WARN]: 	at us.zonix.practice.board.adapter.PracticeBoard.getScoreboard(PracticeBoard.java:74)
[00:03:29] [Craft Scheduler Thread - 7/WARN]: 	at us.zonix.practice.board.BoardManager.run(BoardManager.java:42)
[00:03:29] [Craft Scheduler Thread - 7/WARN]: 	at org.bukkit.craftbukkit.v1_8_R3.scheduler.CraftTask.run(CraftTask.java:64)
[00:03:29] [Craft Scheduler Thread - 7/WARN]: 	at org.bukkit.craftbukkit.v1_8_R3.scheduler.CraftAsyncTask.run(CraftAsyncTask.java:53)
[00:03:29] [Craft Scheduler Thread - 7/WARN]: 	at org.github.paperspigot.ServerSchedulerReportingWrapper.run(ServerSchedulerReportingWrapper.java:23)
[00:03:29] [Craft Scheduler Thread - 7/WARN]: 	at java.util.concurrent.ThreadPoolExecutor.runWorker(ThreadPoolExecutor.java:1149)
[00:03:29] [Craft Scheduler Thread - 7/WARN]: 	at java.util.concurrent.ThreadPoolExecutor$Worker.run(ThreadPoolExecutor.java:624)
[00:03:29] [Craft Scheduler Thread - 7/WARN]: 	at java.lang.Thread.run(Thread.java:748)
[00:03:29] [Craft Scheduler Thread - 3/WARN]: java.lang.NullPointerException
[00:03:29] [Craft Scheduler Thread - 3/WARN]: 	at us.zonix.practice.board.adapter.PracticeBoard.getLobbyBoard(PracticeBoard.java:133)
[00:03:29] [Craft Scheduler Thread - 3/WARN]: 	at us.zonix.practice.board.adapter.PracticeBoard.getScoreboard(PracticeBoard.java:74)
[00:03:29] [Craft Scheduler Thread - 3/WARN]: 	at us.zonix.practice.board.BoardManager.run(BoardManager.java:42)
[00:03:29] [Craft Scheduler Thread - 3/WARN]: 	at org.bukkit.craftbukkit.v1_8_R3.scheduler.CraftTask.run(CraftTask.java:64)
[00:03:29] [Craft Scheduler Thread - 3/WARN]: 	at org.bukkit.craftbukkit.v1_8_R3.scheduler.CraftAsyncTask.run(CraftAsyncTask.java:53)
[00:03:29] [Craft Scheduler Thread - 3/WARN]: 	at org.github.paperspigot.ServerSchedulerReportingWrapper.run(ServerSchedulerReportingWrapper.java:23)
[00:03:29] [Craft Scheduler Thread - 3/WARN]: 	at java.util.concurrent.ThreadPoolExecutor.runWorker(ThreadPoolExecutor.java:1149)
[00:03:29] [Craft Scheduler Thread - 3/WARN]: 	at java.util.concurrent.ThreadPoolExecutor$Worker.run(ThreadPoolExecutor.java:624)
[00:03:29] [Craft Scheduler Thread - 3/WARN]: 	at java.lang.Thread.run(Thread.java:748)
[00:03:29] [Craft Scheduler Thread - 3/WARN]: java.lang.NullPointerException
[00:03:29] [Craft Scheduler Thread - 3/WARN]: 	at us.zonix.practice.board.adapter.PracticeBoard.getLobbyBoard(PracticeBoard.java:133)
[00:03:29] [Craft Scheduler Thread - 3/WARN]: 	at us.zonix.practice.board.adapter.PracticeBoard.getScoreboard(PracticeBoard.java:74)
[00:03:29] [Craft Scheduler Thread - 3/WARN]: 	at us.zonix.practice.board.BoardManager.run(BoardManager.java:42)
[00:03:29] [Craft Scheduler Thread - 3/WARN]: 	at org.bukkit.craftbukkit.v1_8_R3.scheduler.CraftTask.run(CraftTask.java:64)
[00:03:29] [Craft Scheduler Thread - 3/WARN]: 	at org.bukkit.craftbukkit.v1_8_R3.scheduler.CraftAsyncTask.run(CraftAsyncTask.java:53)
[00:03:29] [Craft Scheduler Thread - 3/WARN]: 	at org.github.paperspigot.ServerSchedulerReportingWrapper.run(ServerSchedulerReportingWrapper.java:23)
[00:03:29] [Craft Scheduler Thread - 3/WARN]: 	at java.util.concurrent.ThreadPoolExecutor.runWorker(ThreadPoolExecutor.java:1149)
[00:03:29] [Craft Scheduler Thread - 3/WARN]: 	at java.util.concurrent.ThreadPoolExecutor$Worker.run(ThreadPoolExecutor.java:624)
[00:03:29] [Craft Scheduler Thread - 3/WARN]: 	at java.lang.Thread.run(Thread.java:748)
[00:03:29] [Craft Scheduler Thread - 0/WARN]: java.lang.NullPointerException
[00:03:29] [Craft Scheduler Thread - 0/WARN]: 	at us.zonix.practice.board.adapter.PracticeBoard.getLobbyBoard(PracticeBoard.java:133)
[00:03:29] [Craft Scheduler Thread - 0/WARN]: 	at us.zonix.practice.board.adapter.PracticeBoard.getScoreboard(PracticeBoard.java:74)
[00:03:29] [Craft Scheduler Thread - 0/WARN]: 	at us.zonix.practice.board.BoardManager.run(BoardManager.java:42)
[00:03:29] [Craft Scheduler Thread - 0/WARN]: 	at org.bukkit.craftbukkit.v1_8_R3.scheduler.CraftTask.run(CraftTask.java:64)
[00:03:29] [Craft Scheduler Thread - 0/WARN]: 	at org.bukkit.craftbukkit.v1_8_R3.scheduler.CraftAsyncTask.run(CraftAsyncTask.java:53)
[00:03:29] [Craft Scheduler Thread - 0/WARN]: 	at org.github.paperspigot.ServerSchedulerReportingWrapper.run(ServerSchedulerReportingWrapper.java:23)
[00:03:29] [Craft Scheduler Thread - 0/WARN]: 	at java.util.concurrent.ThreadPoolExecutor.runWorker(ThreadPoolExecutor.java:1149)
[00:03:29] [Craft Scheduler Thread - 0/WARN]: 	at java.util.concurrent.ThreadPoolExecutor$Worker.run(ThreadPoolExecutor.java:624)
[00:03:29] [Craft Scheduler Thread - 0/WARN]: 	at java.lang.Thread.run(Thread.java:748)
[00:03:29] [Craft Scheduler Thread - 0/WARN]: java.lang.NullPointerException
[00:03:29] [Craft Scheduler Thread - 0/WARN]: 	at us.zonix.practice.board.adapter.PracticeBoard.getLobbyBoard(PracticeBoard.java:133)
[00:03:29] [Craft Scheduler Thread - 0/WARN]: 	at us.zonix.practice.board.adapter.PracticeBoard.getScoreboard(PracticeBoard.java:74)
[00:03:29] [Craft Scheduler Thread - 0/WARN]: 	at us.zonix.practice.board.BoardManager.run(BoardManager.java:42)
[00:03:29] [Craft Scheduler Thread - 0/WARN]: 	at org.bukkit.craftbukkit.v1_8_R3.scheduler.CraftTask.run(CraftTask.java:64)
[00:03:29] [Craft Scheduler Thread - 0/WARN]: 	at org.bukkit.craftbukkit.v1_8_R3.scheduler.CraftAsyncTask.run(CraftAsyncTask.java:53)
[00:03:29] [Craft Scheduler Thread - 0/WARN]: 	at org.github.paperspigot.ServerSchedulerReportingWrapper.run(ServerSchedulerReportingWrapper.java:23)
[00:03:29] [Craft Scheduler Thread - 0/WARN]: 	at java.util.concurrent.ThreadPoolExecutor.runWorker(ThreadPoolExecutor.java:1149)
[00:03:29] [Craft Scheduler Thread - 0/WARN]: 	at java.util.concurrent.ThreadPoolExecutor$Worker.run(ThreadPoolExecutor.java:624)
[00:03:29] [Craft Scheduler Thread - 0/WARN]: 	at java.lang.Thread.run(Thread.java:748)
[00:03:29] [Craft Scheduler Thread - 7/WARN]: java.lang.NullPointerException
[00:03:29] [Craft Scheduler Thread - 7/WARN]: 	at us.zonix.practice.board.adapter.PracticeBoard.getLobbyBoard(PracticeBoard.java:133)
[00:03:29] [Craft Scheduler Thread - 7/WARN]: 	at us.zonix.practice.board.adapter.PracticeBoard.getScoreboard(PracticeBoard.java:74)
[00:03:29] [Craft Scheduler Thread - 7/WARN]: 	at us.zonix.practice.board.BoardManager.run(BoardManager.java:42)
[00:03:29] [Craft Scheduler Thread - 7/WARN]: 	at org.bukkit.craftbukkit.v1_8_R3.scheduler.CraftTask.run(CraftTask.java:64)
[00:03:29] [Craft Scheduler Thread - 7/WARN]: 	at org.bukkit.craftbukkit.v1_8_R3.scheduler.CraftAsyncTask.run(CraftAsyncTask.java:53)
[00:03:29] [Craft Scheduler Thread - 7/WARN]: 	at org.github.paperspigot.ServerSchedulerReportingWrapper.run(ServerSchedulerReportingWrapper.java:23)
[00:03:29] [Craft Scheduler Thread - 7/WARN]: 	at java.util.concurrent.ThreadPoolExecutor.runWorker(ThreadPoolExecutor.java:1149)
[00:03:29] [Craft Scheduler Thread - 7/WARN]: 	at java.util.concurrent.ThreadPoolExecutor$Worker.run(ThreadPoolExecutor.java:624)
[00:03:29] [Craft Scheduler Thread - 7/WARN]: 	at java.lang.Thread.run(Thread.java:748)
[00:03:29] [Craft Scheduler Thread - 7/WARN]: java.lang.NullPointerException
[00:03:29] [Craft Scheduler Thread - 7/WARN]: 	at us.zonix.practice.board.adapter.PracticeBoard.getLobbyBoard(PracticeBoard.java:133)
[00:03:29] [Craft Scheduler Thread - 7/WARN]: 	at us.zonix.practice.board.adapter.PracticeBoard.getScoreboard(PracticeBoard.java:74)
[00:03:29] [Craft Scheduler Thread - 7/WARN]: 	at us.zonix.practice.board.BoardManager.run(BoardManager.java:42)
[00:03:29] [Craft Scheduler Thread - 7/WARN]: 	at org.bukkit.craftbukkit.v1_8_R3.scheduler.CraftTask.run(CraftTask.java:64)
[00:03:29] [Craft Scheduler Thread - 7/WARN]: 	at org.bukkit.craftbukkit.v1_8_R3.scheduler.CraftAsyncTask.run(CraftAsyncTask.java:53)
[00:03:29] [Craft Scheduler Thread - 7/WARN]: 	at org.github.paperspigot.ServerSchedulerReportingWrapper.run(ServerSchedulerReportingWrapper.java:23)
[00:03:29] [Craft Scheduler Thread - 7/WARN]: 	at java.util.concurrent.ThreadPoolExecutor.runWorker(ThreadPoolExecutor.java:1149)
[00:03:29] [Craft Scheduler Thread - 7/WARN]: 	at java.util.concurrent.ThreadPoolExecutor$Worker.run(ThreadPoolExecutor.java:624)
[00:03:29] [Craft Scheduler Thread - 7/WARN]: 	at java.lang.Thread.run(Thread.java:748)
[00:03:29] [Craft Scheduler Thread - 9/WARN]: java.lang.NullPointerException
[00:03:29] [Craft Scheduler Thread - 9/WARN]: 	at us.zonix.practice.board.adapter.PracticeBoard.getLobbyBoard(PracticeBoard.java:133)
[00:03:29] [Craft Scheduler Thread - 9/WARN]: 	at us.zonix.practice.board.adapter.PracticeBoard.getScoreboard(PracticeBoard.java:74)
[00:03:29] [Craft Scheduler Thread - 9/WARN]: 	at us.zonix.practice.board.BoardManager.run(BoardManager.java:42)
[00:03:29] [Craft Scheduler Thread - 9/WARN]: 	at org.bukkit.craftbukkit.v1_8_R3.scheduler.CraftTask.run(CraftTask.java:64)
[00:03:29] [Craft Scheduler Thread - 9/WARN]: 	at org.bukkit.craftbukkit.v1_8_R3.scheduler.CraftAsyncTask.run(CraftAsyncTask.java:53)
[00:03:29] [Craft Scheduler Thread - 9/WARN]: 	at org.github.paperspigot.ServerSchedulerReportingWrapper.run(ServerSchedulerReportingWrapper.java:23)
[00:03:29] [Craft Scheduler Thread - 9/WARN]: 	at java.util.concurrent.ThreadPoolExecutor.runWorker(ThreadPoolExecutor.java:1149)
[00:03:29] [Craft Scheduler Thread - 9/WARN]: 	at java.util.concurrent.ThreadPoolExecutor$Worker.run(ThreadPoolExecutor.java:624)
[00:03:29] [Craft Scheduler Thread - 9/WARN]: 	at java.lang.Thread.run(Thread.java:748)
[00:03:29] [Craft Scheduler Thread - 9/WARN]: java.lang.NullPointerException
[00:03:29] [Craft Scheduler Thread - 9/WARN]: 	at us.zonix.practice.board.adapter.PracticeBoard.getLobbyBoard(PracticeBoard.java:133)
[00:03:29] [Craft Scheduler Thread - 9/WARN]: 	at us.zonix.practice.board.adapter.PracticeBoard.getScoreboard(PracticeBoard.java:74)
[00:03:29] [Craft Scheduler Thread - 9/WARN]: 	at us.zonix.practice.board.BoardManager.run(BoardManager.java:42)
[00:03:29] [Craft Scheduler Thread - 9/WARN]: 	at org.bukkit.craftbukkit.v1_8_R3.scheduler.CraftTask.run(CraftTask.java:64)
[00:03:29] [Craft Scheduler Thread - 9/WARN]: 	at org.bukkit.craftbukkit.v1_8_R3.scheduler.CraftAsyncTask.run(CraftAsyncTask.java:53)
[00:03:29] [Craft Scheduler Thread - 9/WARN]: 	at org.github.paperspigot.ServerSchedulerReportingWrapper.run(ServerSchedulerReportingWrapper.java:23)
[00:03:29] [Craft Scheduler Thread - 9/WARN]: 	at java.util.concurrent.ThreadPoolExecutor.runWorker(ThreadPoolExecutor.java:1149)
[00:03:29] [Craft Scheduler Thread - 9/WARN]: 	at java.util.concurrent.ThreadPoolExecutor$Worker.run(ThreadPoolExecutor.java:624)
[00:03:29] [Craft Scheduler Thread - 9/WARN]: 	at java.lang.Thread.run(Thread.java:748)
[00:03:29] [Craft Scheduler Thread - 3/WARN]: java.lang.NullPointerException
[00:03:29] [Craft Scheduler Thread - 3/WARN]: 	at us.zonix.practice.board.adapter.PracticeBoard.getLobbyBoard(PracticeBoard.java:133)
[00:03:29] [Craft Scheduler Thread - 3/WARN]: 	at us.zonix.practice.board.adapter.PracticeBoard.getScoreboard(PracticeBoard.java:74)
[00:03:29] [Craft Scheduler Thread - 3/WARN]: 	at us.zonix.practice.board.BoardManager.run(BoardManager.java:42)
[00:03:29] [Craft Scheduler Thread - 3/WARN]: 	at org.bukkit.craftbukkit.v1_8_R3.scheduler.CraftTask.run(CraftTask.java:64)
[00:03:29] [Craft Scheduler Thread - 3/WARN]: 	at org.bukkit.craftbukkit.v1_8_R3.scheduler.CraftAsyncTask.run(CraftAsyncTask.java:53)
[00:03:29] [Craft Scheduler Thread - 3/WARN]: 	at org.github.paperspigot.ServerSchedulerReportingWrapper.run(ServerSchedulerReportingWrapper.java:23)
[00:03:29] [Craft Scheduler Thread - 3/WARN]: 	at java.util.concurrent.ThreadPoolExecutor.runWorker(ThreadPoolExecutor.java:1149)
[00:03:29] [Craft Scheduler Thread - 3/WARN]: 	at java.util.concurrent.ThreadPoolExecutor$Worker.run(ThreadPoolExecutor.java:624)
[00:03:29] [Craft Scheduler Thread - 3/WARN]: 	at java.lang.Thread.run(Thread.java:748)
[00:03:29] [Craft Scheduler Thread - 3/WARN]: java.lang.NullPointerException
[00:03:29] [Craft Scheduler Thread - 3/WARN]: 	at us.zonix.practice.board.adapter.PracticeBoard.getLobbyBoard(PracticeBoard.java:133)
[00:03:29] [Craft Scheduler Thread - 3/WARN]: 	at us.zonix.practice.board.adapter.PracticeBoard.getScoreboard(PracticeBoard.java:74)
[00:03:29] [Craft Scheduler Thread - 3/WARN]: 	at us.zonix.practice.board.BoardManager.run(BoardManager.java:42)
[00:03:29] [Craft Scheduler Thread - 3/WARN]: 	at org.bukkit.craftbukkit.v1_8_R3.scheduler.CraftTask.run(CraftTask.java:64)
[00:03:29] [Craft Scheduler Thread - 3/WARN]: 	at org.bukkit.craftbukkit.v1_8_R3.scheduler.CraftAsyncTask.run(CraftAsyncTask.java:53)
[00:03:29] [Craft Scheduler Thread - 3/WARN]: 	at org.github.paperspigot.ServerSchedulerReportingWrapper.run(ServerSchedulerReportingWrapper.java:23)
[00:03:29] [Craft Scheduler Thread - 3/WARN]: 	at java.util.concurrent.ThreadPoolExecutor.runWorker(ThreadPoolExecutor.java:1149)
[00:03:29] [Craft Scheduler Thread - 3/WARN]: 	at java.util.concurrent.ThreadPoolExecutor$Worker.run(ThreadPoolExecutor.java:624)
[00:03:29] [Craft Scheduler Thread - 3/WARN]: 	at java.lang.Thread.run(Thread.java:748)
[00:03:29] [Craft Scheduler Thread - 7/WARN]: java.lang.NullPointerException
[00:03:29] [Craft Scheduler Thread - 7/WARN]: 	at us.zonix.practice.board.adapter.PracticeBoard.getLobbyBoard(PracticeBoard.java:133)
[00:03:29] [Craft Scheduler Thread - 7/WARN]: 	at us.zonix.practice.board.adapter.PracticeBoard.getScoreboard(PracticeBoard.java:74)
[00:03:29] [Craft Scheduler Thread - 7/WARN]: 	at us.zonix.practice.board.BoardManager.run(BoardManager.java:42)
[00:03:29] [Craft Scheduler Thread - 7/WARN]: 	at org.bukkit.craftbukkit.v1_8_R3.scheduler.CraftTask.run(CraftTask.java:64)
[00:03:29] [Craft Scheduler Thread - 7/WARN]: 	at org.bukkit.craftbukkit.v1_8_R3.scheduler.CraftAsyncTask.run(CraftAsyncTask.java:53)
[00:03:29] [Craft Scheduler Thread - 7/WARN]: 	at org.github.paperspigot.ServerSchedulerReportingWrapper.run(ServerSchedulerReportingWrapper.java:23)
[00:03:29] [Craft Scheduler Thread - 7/WARN]: 	at java.util.concurrent.ThreadPoolExecutor.runWorker(ThreadPoolExecutor.java:1149)
[00:03:29] [Craft Scheduler Thread - 7/WARN]: 	at java.util.concurrent.ThreadPoolExecutor$Worker.run(ThreadPoolExecutor.java:624)
[00:03:29] [Craft Scheduler Thread - 7/WARN]: 	at java.lang.Thread.run(Thread.java:748)
[00:03:29] [Craft Scheduler Thread - 7/WARN]: java.lang.NullPointerException
[00:03:29] [Craft Scheduler Thread - 7/WARN]: 	at us.zonix.practice.board.adapter.PracticeBoard.getLobbyBoard(PracticeBoard.java:133)
[00:03:29] [Craft Scheduler Thread - 7/WARN]: 	at us.zonix.practice.board.adapter.PracticeBoard.getScoreboard(PracticeBoard.java:74)
[00:03:29] [Craft Scheduler Thread - 7/WARN]: 	at us.zonix.practice.board.BoardManager.run(BoardManager.java:42)
[00:03:29] [Craft Scheduler Thread - 7/WARN]: 	at org.bukkit.craftbukkit.v1_8_R3.scheduler.CraftTask.run(CraftTask.java:64)
[00:03:29] [Craft Scheduler Thread - 7/WARN]: 	at org.bukkit.craftbukkit.v1_8_R3.scheduler.CraftAsyncTask.run(CraftAsyncTask.java:53)
[00:03:29] [Craft Scheduler Thread - 7/WARN]: 	at org.github.paperspigot.ServerSchedulerReportingWrapper.run(ServerSchedulerReportingWrapper.java:23)
[00:03:29] [Craft Scheduler Thread - 7/WARN]: 	at java.util.concurrent.ThreadPoolExecutor.runWorker(ThreadPoolExecutor.java:1149)
[00:03:29] [Craft Scheduler Thread - 7/WARN]: 	at java.util.concurrent.ThreadPoolExecutor$Worker.run(ThreadPoolExecutor.java:624)
[00:03:29] [Craft Scheduler Thread - 7/WARN]: 	at java.lang.Thread.run(Thread.java:748)
[00:03:30] [Craft Scheduler Thread - 9/WARN]: java.lang.NullPointerException
[00:03:30] [Craft Scheduler Thread - 9/WARN]: 	at us.zonix.practice.board.adapter.PracticeBoard.getLobbyBoard(PracticeBoard.java:133)
[00:03:30] [Craft Scheduler Thread - 9/WARN]: 	at us.zonix.practice.board.adapter.PracticeBoard.getScoreboard(PracticeBoard.java:74)
[00:03:30] [Craft Scheduler Thread - 9/WARN]: 	at us.zonix.practice.board.BoardManager.run(BoardManager.java:42)
[00:03:30] [Craft Scheduler Thread - 9/WARN]: 	at org.bukkit.craftbukkit.v1_8_R3.scheduler.CraftTask.run(CraftTask.java:64)
[00:03:30] [Craft Scheduler Thread - 9/WARN]: 	at org.bukkit.craftbukkit.v1_8_R3.scheduler.CraftAsyncTask.run(CraftAsyncTask.java:53)
[00:03:30] [Craft Scheduler Thread - 9/WARN]: 	at org.github.paperspigot.ServerSchedulerReportingWrapper.run(ServerSchedulerReportingWrapper.java:23)
[00:03:30] [Craft Scheduler Thread - 9/WARN]: 	at java.util.concurrent.ThreadPoolExecutor.runWorker(ThreadPoolExecutor.java:1149)
[00:03:30] [Craft Scheduler Thread - 9/WARN]: 	at java.util.concurrent.ThreadPoolExecutor$Worker.run(ThreadPoolExecutor.java:624)
[00:03:30] [Craft Scheduler Thread - 9/WARN]: 	at java.lang.Thread.run(Thread.java:748)
[00:03:30] [Craft Scheduler Thread - 9/WARN]: java.lang.NullPointerException
[00:03:30] [Craft Scheduler Thread - 9/WARN]: 	at us.zonix.practice.board.adapter.PracticeBoard.getLobbyBoard(PracticeBoard.java:133)
[00:03:30] [Craft Scheduler Thread - 9/WARN]: 	at us.zonix.practice.board.adapter.PracticeBoard.getScoreboard(PracticeBoard.java:74)
[00:03:30] [Craft Scheduler Thread - 9/WARN]: 	at us.zonix.practice.board.BoardManager.run(BoardManager.java:42)
[00:03:30] [Craft Scheduler Thread - 9/WARN]: 	at org.bukkit.craftbukkit.v1_8_R3.scheduler.CraftTask.run(CraftTask.java:64)
[00:03:30] [Craft Scheduler Thread - 9/WARN]: 	at org.bukkit.craftbukkit.v1_8_R3.scheduler.CraftAsyncTask.run(CraftAsyncTask.java:53)
[00:03:30] [Craft Scheduler Thread - 9/WARN]: 	at org.github.paperspigot.ServerSchedulerReportingWrapper.run(ServerSchedulerReportingWrapper.java:23)
[00:03:30] [Craft Scheduler Thread - 9/WARN]: 	at java.util.concurrent.ThreadPoolExecutor.runWorker(ThreadPoolExecutor.java:1149)
[00:03:30] [Craft Scheduler Thread - 9/WARN]: 	at java.util.concurrent.ThreadPoolExecutor$Worker.run(ThreadPoolExecutor.java:624)
[00:03:30] [Craft Scheduler Thread - 9/WARN]: 	at java.lang.Thread.run(Thread.java:748)
[00:03:30] [Craft Scheduler Thread - 3/WARN]: java.lang.NullPointerException
[00:03:30] [Craft Scheduler Thread - 3/WARN]: 	at us.zonix.practice.board.adapter.PracticeBoard.getLobbyBoard(PracticeBoard.java:133)
[00:03:30] [Craft Scheduler Thread - 3/WARN]: 	at us.zonix.practice.board.adapter.PracticeBoard.getScoreboard(PracticeBoard.java:74)
[00:03:30] [Craft Scheduler Thread - 3/WARN]: 	at us.zonix.practice.board.BoardManager.run(BoardManager.java:42)
[00:03:30] [Craft Scheduler Thread - 3/WARN]: 	at org.bukkit.craftbukkit.v1_8_R3.scheduler.CraftTask.run(CraftTask.java:64)
[00:03:30] [Craft Scheduler Thread - 3/WARN]: 	at org.bukkit.craftbukkit.v1_8_R3.scheduler.CraftAsyncTask.run(CraftAsyncTask.java:53)
[00:03:30] [Craft Scheduler Thread - 3/WARN]: 	at org.github.paperspigot.ServerSchedulerReportingWrapper.run(ServerSchedulerReportingWrapper.java:23)
[00:03:30] [Craft Scheduler Thread - 3/WARN]: 	at java.util.concurrent.ThreadPoolExecutor.runWorker(ThreadPoolExecutor.java:1149)
[00:03:30] [Craft Scheduler Thread - 3/WARN]: 	at java.util.concurrent.ThreadPoolExecutor$Worker.run(ThreadPoolExecutor.java:624)
[00:03:30] [Craft Scheduler Thread - 3/WARN]: 	at java.lang.Thread.run(Thread.java:748)
[00:03:30] [Craft Scheduler Thread - 3/WARN]: java.lang.NullPointerException
[00:03:30] [Craft Scheduler Thread - 3/WARN]: 	at us.zonix.practice.board.adapter.PracticeBoard.getLobbyBoard(PracticeBoard.java:133)
[00:03:30] [Craft Scheduler Thread - 3/WARN]: 	at us.zonix.practice.board.adapter.PracticeBoard.getScoreboard(PracticeBoard.java:74)
[00:03:30] [Craft Scheduler Thread - 3/WARN]: 	at us.zonix.practice.board.BoardManager.run(BoardManager.java:42)
[00:03:30] [Craft Scheduler Thread - 3/WARN]: 	at org.bukkit.craftbukkit.v1_8_R3.scheduler.CraftTask.run(CraftTask.java:64)
[00:03:30] [Craft Scheduler Thread - 3/WARN]: 	at org.bukkit.craftbukkit.v1_8_R3.scheduler.CraftAsyncTask.run(CraftAsyncTask.java:53)
[00:03:30] [Craft Scheduler Thread - 3/WARN]: 	at org.github.paperspigot.ServerSchedulerReportingWrapper.run(ServerSchedulerReportingWrapper.java:23)
[00:03:30] [Craft Scheduler Thread - 3/WARN]: 	at java.util.concurrent.ThreadPoolExecutor.runWorker(ThreadPoolExecutor.java:1149)
[00:03:30] [Craft Scheduler Thread - 3/WARN]: 	at java.util.concurrent.ThreadPoolExecutor$Worker.run(ThreadPoolExecutor.java:624)
[00:03:30] [Craft Scheduler Thread - 3/WARN]: 	at java.lang.Thread.run(Thread.java:748)
[00:03:30] [Craft Scheduler Thread - 9/WARN]: java.lang.NullPointerException
[00:03:30] [Craft Scheduler Thread - 9/WARN]: 	at us.zonix.practice.board.adapter.PracticeBoard.getLobbyBoard(PracticeBoard.java:133)
[00:03:30] [Craft Scheduler Thread - 9/WARN]: 	at us.zonix.practice.board.adapter.PracticeBoard.getScoreboard(PracticeBoard.java:74)
[00:03:30] [Craft Scheduler Thread - 9/WARN]: 	at us.zonix.practice.board.BoardManager.run(BoardManager.java:42)
[00:03:30] [Craft Scheduler Thread - 9/WARN]: 	at org.bukkit.craftbukkit.v1_8_R3.scheduler.CraftTask.run(CraftTask.java:64)
[00:03:30] [Craft Scheduler Thread - 9/WARN]: 	at org.bukkit.craftbukkit.v1_8_R3.scheduler.CraftAsyncTask.run(CraftAsyncTask.java:53)
[00:03:30] [Craft Scheduler Thread - 9/WARN]: 	at org.github.paperspigot.ServerSchedulerReportingWrapper.run(ServerSchedulerReportingWrapper.java:23)
[00:03:30] [Craft Scheduler Thread - 9/WARN]: 	at java.util.concurrent.ThreadPoolExecutor.runWorker(ThreadPoolExecutor.java:1149)
[00:03:30] [Craft Scheduler Thread - 9/WARN]: 	at java.util.concurrent.ThreadPoolExecutor$Worker.run(ThreadPoolExecutor.java:624)
[00:03:30] [Craft Scheduler Thread - 9/WARN]: 	at java.lang.Thread.run(Thread.java:748)
[00:03:30] [Craft Scheduler Thread - 9/WARN]: java.lang.NullPointerException
[00:03:30] [Craft Scheduler Thread - 9/WARN]: 	at us.zonix.practice.board.adapter.PracticeBoard.getLobbyBoard(PracticeBoard.java:133)
[00:03:30] [Craft Scheduler Thread - 9/WARN]: 	at us.zonix.practice.board.adapter.PracticeBoard.getScoreboard(PracticeBoard.java:74)
[00:03:30] [Craft Scheduler Thread - 9/WARN]: 	at us.zonix.practice.board.BoardManager.run(BoardManager.java:42)
[00:03:30] [Craft Scheduler Thread - 9/WARN]: 	at org.bukkit.craftbukkit.v1_8_R3.scheduler.CraftTask.run(CraftTask.java:64)
[00:03:30] [Craft Scheduler Thread - 9/WARN]: 	at org.bukkit.craftbukkit.v1_8_R3.scheduler.CraftAsyncTask.run(CraftAsyncTask.java:53)
[00:03:30] [Craft Scheduler Thread - 9/WARN]: 	at org.github.paperspigot.ServerSchedulerReportingWrapper.run(ServerSchedulerReportingWrapper.java:23)
[00:03:30] [Craft Scheduler Thread - 9/WARN]: 	at java.util.concurrent.ThreadPoolExecutor.runWorker(ThreadPoolExecutor.java:1149)
[00:03:30] [Craft Scheduler Thread - 9/WARN]: 	at java.util.concurrent.ThreadPoolExecutor$Worker.run(ThreadPoolExecutor.java:624)
[00:03:30] [Craft Scheduler Thread - 9/WARN]: 	at java.lang.Thread.run(Thread.java:748)
[00:03:30] [Craft Scheduler Thread - 0/WARN]: java.lang.NullPointerException
[00:03:30] [Craft Scheduler Thread - 0/WARN]: 	at us.zonix.practice.board.adapter.PracticeBoard.getLobbyBoard(PracticeBoard.java:133)
[00:03:30] [Craft Scheduler Thread - 0/WARN]: 	at us.zonix.practice.board.adapter.PracticeBoard.getScoreboard(PracticeBoard.java:74)
[00:03:30] [Craft Scheduler Thread - 0/WARN]: 	at us.zonix.practice.board.BoardManager.run(BoardManager.java:42)
[00:03:30] [Craft Scheduler Thread - 0/WARN]: 	at org.bukkit.craftbukkit.v1_8_R3.scheduler.CraftTask.run(CraftTask.java:64)
[00:03:30] [Craft Scheduler Thread - 0/WARN]: 	at org.bukkit.craftbukkit.v1_8_R3.scheduler.CraftAsyncTask.run(CraftAsyncTask.java:53)
[00:03:30] [Craft Scheduler Thread - 0/WARN]: 	at org.github.paperspigot.ServerSchedulerReportingWrapper.run(ServerSchedulerReportingWrapper.java:23)
[00:03:30] [Craft Scheduler Thread - 0/WARN]: 	at java.util.concurrent.ThreadPoolExecutor.runWorker(ThreadPoolExecutor.java:1149)
[00:03:30] [Craft Scheduler Thread - 0/WARN]: 	at java.util.concurrent.ThreadPoolExecutor$Worker.run(ThreadPoolExecutor.java:624)
[00:03:30] [Craft Scheduler Thread - 0/WARN]: 	at java.lang.Thread.run(Thread.java:748)
[00:03:30] [Craft Scheduler Thread - 0/WARN]: java.lang.NullPointerException
[00:03:30] [Craft Scheduler Thread - 0/WARN]: 	at us.zonix.practice.board.adapter.PracticeBoard.getLobbyBoard(PracticeBoard.java:133)
[00:03:30] [Craft Scheduler Thread - 0/WARN]: 	at us.zonix.practice.board.adapter.PracticeBoard.getScoreboard(PracticeBoard.java:74)
[00:03:30] [Craft Scheduler Thread - 0/WARN]: 	at us.zonix.practice.board.BoardManager.run(BoardManager.java:42)
[00:03:30] [Craft Scheduler Thread - 0/WARN]: 	at org.bukkit.craftbukkit.v1_8_R3.scheduler.CraftTask.run(CraftTask.java:64)
[00:03:30] [Craft Scheduler Thread - 0/WARN]: 	at org.bukkit.craftbukkit.v1_8_R3.scheduler.CraftAsyncTask.run(CraftAsyncTask.java:53)
[00:03:30] [Craft Scheduler Thread - 0/WARN]: 	at org.github.paperspigot.ServerSchedulerReportingWrapper.run(ServerSchedulerReportingWrapper.java:23)
[00:03:30] [Craft Scheduler Thread - 0/WARN]: 	at java.util.concurrent.ThreadPoolExecutor.runWorker(ThreadPoolExecutor.java:1149)
[00:03:30] [Craft Scheduler Thread - 0/WARN]: 	at java.util.concurrent.ThreadPoolExecutor$Worker.run(ThreadPoolExecutor.java:624)
[00:03:30] [Craft Scheduler Thread - 0/WARN]: 	at java.lang.Thread.run(Thread.java:748)
[00:03:30] [Craft Scheduler Thread - 7/WARN]: java.lang.NullPointerException
[00:03:30] [Craft Scheduler Thread - 7/WARN]: 	at us.zonix.practice.board.adapter.PracticeBoard.getLobbyBoard(PracticeBoard.java:133)
[00:03:30] [Craft Scheduler Thread - 7/WARN]: 	at us.zonix.practice.board.adapter.PracticeBoard.getScoreboard(PracticeBoard.java:74)
[00:03:30] [Craft Scheduler Thread - 7/WARN]: 	at us.zonix.practice.board.BoardManager.run(BoardManager.java:42)
[00:03:30] [Craft Scheduler Thread - 7/WARN]: 	at org.bukkit.craftbukkit.v1_8_R3.scheduler.CraftTask.run(CraftTask.java:64)
[00:03:30] [Craft Scheduler Thread - 7/WARN]: 	at org.bukkit.craftbukkit.v1_8_R3.scheduler.CraftAsyncTask.run(CraftAsyncTask.java:53)
[00:03:30] [Craft Scheduler Thread - 7/WARN]: 	at org.github.paperspigot.ServerSchedulerReportingWrapper.run(ServerSchedulerReportingWrapper.java:23)
[00:03:30] [Craft Scheduler Thread - 7/WARN]: 	at java.util.concurrent.ThreadPoolExecutor.runWorker(ThreadPoolExecutor.java:1149)
[00:03:30] [Craft Scheduler Thread - 7/WARN]: 	at java.util.concurrent.ThreadPoolExecutor$Worker.run(ThreadPoolExecutor.java:624)
[00:03:30] [Craft Scheduler Thread - 7/WARN]: 	at java.lang.Thread.run(Thread.java:748)
[00:03:30] [Craft Scheduler Thread - 7/WARN]: java.lang.NullPointerException
[00:03:30] [Craft Scheduler Thread - 7/WARN]: 	at us.zonix.practice.board.adapter.PracticeBoard.getLobbyBoard(PracticeBoard.java:133)
[00:03:30] [Craft Scheduler Thread - 7/WARN]: 	at us.zonix.practice.board.adapter.PracticeBoard.getScoreboard(PracticeBoard.java:74)
[00:03:30] [Craft Scheduler Thread - 7/WARN]: 	at us.zonix.practice.board.BoardManager.run(BoardManager.java:42)
[00:03:30] [Craft Scheduler Thread - 7/WARN]: 	at org.bukkit.craftbukkit.v1_8_R3.scheduler.CraftTask.run(CraftTask.java:64)
[00:03:30] [Craft Scheduler Thread - 7/WARN]: 	at org.bukkit.craftbukkit.v1_8_R3.scheduler.CraftAsyncTask.run(CraftAsyncTask.java:53)
[00:03:30] [Craft Scheduler Thread - 7/WARN]: 	at org.github.paperspigot.ServerSchedulerReportingWrapper.run(ServerSchedulerReportingWrapper.java:23)
[00:03:30] [Craft Scheduler Thread - 7/WARN]: 	at java.util.concurrent.ThreadPoolExecutor.runWorker(ThreadPoolExecutor.java:1149)
[00:03:30] [Craft Scheduler Thread - 7/WARN]: 	at java.util.concurrent.ThreadPoolExecutor$Worker.run(ThreadPoolExecutor.java:624)
[00:03:30] [Craft Scheduler Thread - 7/WARN]: 	at java.lang.Thread.run(Thread.java:748)
[00:03:30] [Craft Scheduler Thread - 9/WARN]: java.lang.NullPointerException
[00:03:30] [Craft Scheduler Thread - 9/WARN]: 	at us.zonix.practice.board.adapter.PracticeBoard.getLobbyBoard(PracticeBoard.java:133)
[00:03:30] [Craft Scheduler Thread - 9/WARN]: 	at us.zonix.practice.board.adapter.PracticeBoard.getScoreboard(PracticeBoard.java:74)
[00:03:30] [Craft Scheduler Thread - 9/WARN]: 	at us.zonix.practice.board.BoardManager.run(BoardManager.java:42)
[00:03:30] [Craft Scheduler Thread - 9/WARN]: 	at org.bukkit.craftbukkit.v1_8_R3.scheduler.CraftTask.run(CraftTask.java:64)
[00:03:30] [Craft Scheduler Thread - 9/WARN]: 	at org.bukkit.craftbukkit.v1_8_R3.scheduler.CraftAsyncTask.run(CraftAsyncTask.java:53)
[00:03:30] [Craft Scheduler Thread - 9/WARN]: 	at org.github.paperspigot.ServerSchedulerReportingWrapper.run(ServerSchedulerReportingWrapper.java:23)
[00:03:30] [Craft Scheduler Thread - 9/WARN]: 	at java.util.concurrent.ThreadPoolExecutor.runWorker(ThreadPoolExecutor.java:1149)
[00:03:30] [Craft Scheduler Thread - 9/WARN]: 	at java.util.concurrent.ThreadPoolExecutor$Worker.run(ThreadPoolExecutor.java:624)
[00:03:30] [Craft Scheduler Thread - 9/WARN]: 	at java.lang.Thread.run(Thread.java:748)
[00:03:30] [Craft Scheduler Thread - 9/WARN]: java.lang.NullPointerException
[00:03:30] [Craft Scheduler Thread - 9/WARN]: 	at us.zonix.practice.board.adapter.PracticeBoard.getLobbyBoard(PracticeBoard.java:133)
[00:03:30] [Craft Scheduler Thread - 9/WARN]: 	at us.zonix.practice.board.adapter.PracticeBoard.getScoreboard(PracticeBoard.java:74)
[00:03:30] [Craft Scheduler Thread - 9/WARN]: 	at us.zonix.practice.board.BoardManager.run(BoardManager.java:42)
[00:03:30] [Craft Scheduler Thread - 9/WARN]: 	at org.bukkit.craftbukkit.v1_8_R3.scheduler.CraftTask.run(CraftTask.java:64)
[00:03:30] [Craft Scheduler Thread - 9/WARN]: 	at org.bukkit.craftbukkit.v1_8_R3.scheduler.CraftAsyncTask.run(CraftAsyncTask.java:53)
[00:03:30] [Craft Scheduler Thread - 9/WARN]: 	at org.github.paperspigot.ServerSchedulerReportingWrapper.run(ServerSchedulerReportingWrapper.java:23)
[00:03:30] [Craft Scheduler Thread - 9/WARN]: 	at java.util.concurrent.ThreadPoolExecutor.runWorker(ThreadPoolExecutor.java:1149)
[00:03:30] [Craft Scheduler Thread - 9/WARN]: 	at java.util.concurrent.ThreadPoolExecutor$Worker.run(ThreadPoolExecutor.java:624)
[00:03:30] [Craft Scheduler Thread - 9/WARN]: 	at java.lang.Thread.run(Thread.java:748)
[00:03:30] [Craft Scheduler Thread - 3/WARN]: java.lang.NullPointerException
[00:03:30] [Craft Scheduler Thread - 3/WARN]: 	at us.zonix.practice.board.adapter.PracticeBoard.getLobbyBoard(PracticeBoard.java:133)
[00:03:30] [Craft Scheduler Thread - 3/WARN]: 	at us.zonix.practice.board.adapter.PracticeBoard.getScoreboard(PracticeBoard.java:74)
[00:03:30] [Craft Scheduler Thread - 3/WARN]: 	at us.zonix.practice.board.BoardManager.run(BoardManager.java:42)
[00:03:30] [Craft Scheduler Thread - 3/WARN]: 	at org.bukkit.craftbukkit.v1_8_R3.scheduler.CraftTask.run(CraftTask.java:64)
[00:03:30] [Craft Scheduler Thread - 3/WARN]: 	at org.bukkit.craftbukkit.v1_8_R3.scheduler.CraftAsyncTask.run(CraftAsyncTask.java:53)
[00:03:30] [Craft Scheduler Thread - 3/WARN]: 	at org.github.paperspigot.ServerSchedulerReportingWrapper.run(ServerSchedulerReportingWrapper.java:23)
[00:03:30] [Craft Scheduler Thread - 3/WARN]: 	at java.util.concurrent.ThreadPoolExecutor.runWorker(ThreadPoolExecutor.java:1149)
[00:03:30] [Craft Scheduler Thread - 3/WARN]: 	at java.util.concurrent.ThreadPoolExecutor$Worker.run(ThreadPoolExecutor.java:624)
[00:03:30] [Craft Scheduler Thread - 3/WARN]: 	at java.lang.Thread.run(Thread.java:748)
[00:03:30] [Craft Scheduler Thread - 3/WARN]: java.lang.NullPointerException
[00:03:30] [Craft Scheduler Thread - 3/WARN]: 	at us.zonix.practice.board.adapter.PracticeBoard.getLobbyBoard(PracticeBoard.java:133)
[00:03:30] [Craft Scheduler Thread - 3/WARN]: 	at us.zonix.practice.board.adapter.PracticeBoard.getScoreboard(PracticeBoard.java:74)
[00:03:30] [Craft Scheduler Thread - 3/WARN]: 	at us.zonix.practice.board.BoardManager.run(BoardManager.java:42)
[00:03:30] [Craft Scheduler Thread - 3/WARN]: 	at org.bukkit.craftbukkit.v1_8_R3.scheduler.CraftTask.run(CraftTask.java:64)
[00:03:30] [Craft Scheduler Thread - 3/WARN]: 	at org.bukkit.craftbukkit.v1_8_R3.scheduler.CraftAsyncTask.run(CraftAsyncTask.java:53)
[00:03:30] [Craft Scheduler Thread - 3/WARN]: 	at org.github.paperspigot.ServerSchedulerReportingWrapper.run(ServerSchedulerReportingWrapper.java:23)
[00:03:30] [Craft Scheduler Thread - 3/WARN]: 	at java.util.concurrent.ThreadPoolExecutor.runWorker(ThreadPoolExecutor.java:1149)
[00:03:30] [Craft Scheduler Thread - 3/WARN]: 	at java.util.concurrent.ThreadPoolExecutor$Worker.run(ThreadPoolExecutor.java:624)
[00:03:30] [Craft Scheduler Thread - 3/WARN]: 	at java.lang.Thread.run(Thread.java:748)
[00:03:30] [Craft Scheduler Thread - 10/WARN]: java.lang.NullPointerException
[00:03:30] [Craft Scheduler Thread - 10/WARN]: 	at us.zonix.practice.board.adapter.PracticeBoard.getLobbyBoard(PracticeBoard.java:133)
[00:03:30] [Craft Scheduler Thread - 10/WARN]: 	at us.zonix.practice.board.adapter.PracticeBoard.getScoreboard(PracticeBoard.java:74)
[00:03:30] [Craft Scheduler Thread - 10/WARN]: 	at us.zonix.practice.board.BoardManager.run(BoardManager.java:42)
[00:03:30] [Craft Scheduler Thread - 10/WARN]: 	at org.bukkit.craftbukkit.v1_8_R3.scheduler.CraftTask.run(CraftTask.java:64)
[00:03:30] [Craft Scheduler Thread - 10/WARN]: 	at org.bukkit.craftbukkit.v1_8_R3.scheduler.CraftAsyncTask.run(CraftAsyncTask.java:53)
[00:03:30] [Craft Scheduler Thread - 10/WARN]: 	at org.github.paperspigot.ServerSchedulerReportingWrapper.run(ServerSchedulerReportingWrapper.java:23)
[00:03:30] [Craft Scheduler Thread - 10/WARN]: 	at java.util.concurrent.ThreadPoolExecutor.runWorker(ThreadPoolExecutor.java:1149)
[00:03:30] [Craft Scheduler Thread - 10/WARN]: 	at java.util.concurrent.ThreadPoolExecutor$Worker.run(ThreadPoolExecutor.java:624)
[00:03:30] [Craft Scheduler Thread - 10/WARN]: 	at java.lang.Thread.run(Thread.java:748)
[00:03:30] [Craft Scheduler Thread - 10/WARN]: java.lang.NullPointerException
[00:03:30] [Craft Scheduler Thread - 10/WARN]: 	at us.zonix.practice.board.adapter.PracticeBoard.getLobbyBoard(PracticeBoard.java:133)
[00:03:30] [Craft Scheduler Thread - 10/WARN]: 	at us.zonix.practice.board.adapter.PracticeBoard.getScoreboard(PracticeBoard.java:74)
[00:03:30] [Craft Scheduler Thread - 10/WARN]: 	at us.zonix.practice.board.BoardManager.run(BoardManager.java:42)
[00:03:30] [Craft Scheduler Thread - 10/WARN]: 	at org.bukkit.craftbukkit.v1_8_R3.scheduler.CraftTask.run(CraftTask.java:64)
[00:03:30] [Craft Scheduler Thread - 10/WARN]: 	at org.bukkit.craftbukkit.v1_8_R3.scheduler.CraftAsyncTask.run(CraftAsyncTask.java:53)
[00:03:30] [Craft Scheduler Thread - 10/WARN]: 	at org.github.paperspigot.ServerSchedulerReportingWrapper.run(ServerSchedulerReportingWrapper.java:23)
[00:03:30] [Craft Scheduler Thread - 10/WARN]: 	at java.util.concurrent.ThreadPoolExecutor.runWorker(ThreadPoolExecutor.java:1149)
[00:03:30] [Craft Scheduler Thread - 10/WARN]: 	at java.util.concurrent.ThreadPoolExecutor$Worker.run(ThreadPoolExecutor.java:624)
[00:03:30] [Craft Scheduler Thread - 10/WARN]: 	at java.lang.Thread.run(Thread.java:748)
[00:03:30] [Craft Scheduler Thread - 8/WARN]: java.lang.NullPointerException
[00:03:30] [Craft Scheduler Thread - 8/WARN]: 	at us.zonix.practice.board.adapter.PracticeBoard.getLobbyBoard(PracticeBoard.java:133)
[00:03:30] [Craft Scheduler Thread - 8/WARN]: 	at us.zonix.practice.board.adapter.PracticeBoard.getScoreboard(PracticeBoard.java:74)
[00:03:30] [Craft Scheduler Thread - 8/WARN]: 	at us.zonix.practice.board.BoardManager.run(BoardManager.java:42)
[00:03:30] [Craft Scheduler Thread - 8/WARN]: 	at org.bukkit.craftbukkit.v1_8_R3.scheduler.CraftTask.run(CraftTask.java:64)
[00:03:30] [Craft Scheduler Thread - 8/WARN]: 	at org.bukkit.craftbukkit.v1_8_R3.scheduler.CraftAsyncTask.run(CraftAsyncTask.java:53)
[00:03:30] [Craft Scheduler Thread - 8/WARN]: 	at org.github.paperspigot.ServerSchedulerReportingWrapper.run(ServerSchedulerReportingWrapper.java:23)
[00:03:30] [Craft Scheduler Thread - 8/WARN]: 	at java.util.concurrent.ThreadPoolExecutor.runWorker(ThreadPoolExecutor.java:1149)
[00:03:30] [Craft Scheduler Thread - 8/WARN]: 	at java.util.concurrent.ThreadPoolExecutor$Worker.run(ThreadPoolExecutor.java:624)
[00:03:30] [Craft Scheduler Thread - 8/WARN]: 	at java.lang.Thread.run(Thread.java:748)
[00:03:30] [Craft Scheduler Thread - 8/WARN]: java.lang.NullPointerException
[00:03:30] [Craft Scheduler Thread - 8/WARN]: 	at us.zonix.practice.board.adapter.PracticeBoard.getLobbyBoard(PracticeBoard.java:133)
[00:03:30] [Craft Scheduler Thread - 8/WARN]: 	at us.zonix.practice.board.adapter.PracticeBoard.getScoreboard(PracticeBoard.java:74)
[00:03:30] [Craft Scheduler Thread - 8/WARN]: 	at us.zonix.practice.board.BoardManager.run(BoardManager.java:42)
[00:03:30] [Craft Scheduler Thread - 8/WARN]: 	at org.bukkit.craftbukkit.v1_8_R3.scheduler.CraftTask.run(CraftTask.java:64)
[00:03:30] [Craft Scheduler Thread - 8/WARN]: 	at org.bukkit.craftbukkit.v1_8_R3.scheduler.CraftAsyncTask.run(CraftAsyncTask.java:53)
[00:03:30] [Craft Scheduler Thread - 8/WARN]: 	at org.github.paperspigot.ServerSchedulerReportingWrapper.run(ServerSchedulerReportingWrapper.java:23)
[00:03:30] [Craft Scheduler Thread - 8/WARN]: 	at java.util.concurrent.ThreadPoolExecutor.runWorker(ThreadPoolExecutor.java:1149)
[00:03:30] [Craft Scheduler Thread - 8/WARN]: 	at java.util.concurrent.ThreadPoolExecutor$Worker.run(ThreadPoolExecutor.java:624)
[00:03:30] [Craft Scheduler Thread - 8/WARN]: 	at java.lang.Thread.run(Thread.java:748)
[00:03:30] [Craft Scheduler Thread - 0/WARN]: java.lang.NullPointerException
[00:03:30] [Craft Scheduler Thread - 0/WARN]: 	at us.zonix.practice.board.adapter.PracticeBoard.getLobbyBoard(PracticeBoard.java:133)
[00:03:30] [Craft Scheduler Thread - 0/WARN]: 	at us.zonix.practice.board.adapter.PracticeBoard.getScoreboard(PracticeBoard.java:74)
[00:03:30] [Craft Scheduler Thread - 0/WARN]: 	at us.zonix.practice.board.BoardManager.run(BoardManager.java:42)
[00:03:30] [Craft Scheduler Thread - 0/WARN]: 	at org.bukkit.craftbukkit.v1_8_R3.scheduler.CraftTask.run(CraftTask.java:64)
[00:03:30] [Craft Scheduler Thread - 0/WARN]: 	at org.bukkit.craftbukkit.v1_8_R3.scheduler.CraftAsyncTask.run(CraftAsyncTask.java:53)
[00:03:30] [Craft Scheduler Thread - 0/WARN]: 	at org.github.paperspigot.ServerSchedulerReportingWrapper.run(ServerSchedulerReportingWrapper.java:23)
[00:03:30] [Craft Scheduler Thread - 0/WARN]: 	at java.util.concurrent.ThreadPoolExecutor.runWorker(ThreadPoolExecutor.java:1149)
[00:03:30] [Craft Scheduler Thread - 0/WARN]: 	at java.util.concurrent.ThreadPoolExecutor$Worker.run(ThreadPoolExecutor.java:624)
[00:03:30] [Craft Scheduler Thread - 0/WARN]: 	at java.lang.Thread.run(Thread.java:748)
[00:03:30] [Craft Scheduler Thread - 0/WARN]: java.lang.NullPointerException
[00:03:30] [Craft Scheduler Thread - 0/WARN]: 	at us.zonix.practice.board.adapter.PracticeBoard.getLobbyBoard(PracticeBoard.java:133)
[00:03:30] [Craft Scheduler Thread - 0/WARN]: 	at us.zonix.practice.board.adapter.PracticeBoard.getScoreboard(PracticeBoard.java:74)
[00:03:30] [Craft Scheduler Thread - 0/WARN]: 	at us.zonix.practice.board.BoardManager.run(BoardManager.java:42)
[00:03:30] [Craft Scheduler Thread - 0/WARN]: 	at org.bukkit.craftbukkit.v1_8_R3.scheduler.CraftTask.run(CraftTask.java:64)
[00:03:30] [Craft Scheduler Thread - 0/WARN]: 	at org.bukkit.craftbukkit.v1_8_R3.scheduler.CraftAsyncTask.run(CraftAsyncTask.java:53)
[00:03:30] [Craft Scheduler Thread - 0/WARN]: 	at org.github.paperspigot.ServerSchedulerReportingWrapper.run(ServerSchedulerReportingWrapper.java:23)
[00:03:30] [Craft Scheduler Thread - 0/WARN]: 	at java.util.concurrent.ThreadPoolExecutor.runWorker(ThreadPoolExecutor.java:1149)
[00:03:30] [Craft Scheduler Thread - 0/WARN]: 	at java.util.concurrent.ThreadPoolExecutor$Worker.run(ThreadPoolExecutor.java:624)
[00:03:30] [Craft Scheduler Thread - 0/WARN]: 	at java.lang.Thread.run(Thread.java:748)
[00:03:30] [Craft Scheduler Thread - 11/WARN]: java.lang.NullPointerException
[00:03:30] [Craft Scheduler Thread - 11/WARN]: 	at us.zonix.practice.board.adapter.PracticeBoard.getLobbyBoard(PracticeBoard.java:133)
[00:03:30] [Craft Scheduler Thread - 11/WARN]: 	at us.zonix.practice.board.adapter.PracticeBoard.getScoreboard(PracticeBoard.java:74)
[00:03:30] [Craft Scheduler Thread - 11/WARN]: 	at us.zonix.practice.board.BoardManager.run(BoardManager.java:42)
[00:03:30] [Craft Scheduler Thread - 11/WARN]: 	at org.bukkit.craftbukkit.v1_8_R3.scheduler.CraftTask.run(CraftTask.java:64)
[00:03:30] [Craft Scheduler Thread - 11/WARN]: 	at org.bukkit.craftbukkit.v1_8_R3.scheduler.CraftAsyncTask.run(CraftAsyncTask.java:53)
[00:03:30] [Craft Scheduler Thread - 11/WARN]: 	at org.github.paperspigot.ServerSchedulerReportingWrapper.run(ServerSchedulerReportingWrapper.java:23)
[00:03:30] [Craft Scheduler Thread - 11/WARN]: 	at java.util.concurrent.ThreadPoolExecutor.runWorker(ThreadPoolExecutor.java:1149)
[00:03:30] [Craft Scheduler Thread - 11/WARN]: 	at java.util.concurrent.ThreadPoolExecutor$Worker.run(ThreadPoolExecutor.java:624)
[00:03:30] [Craft Scheduler Thread - 11/WARN]: 	at java.lang.Thread.run(Thread.java:748)
[00:03:30] [Craft Scheduler Thread - 11/WARN]: java.lang.NullPointerException
[00:03:30] [Craft Scheduler Thread - 11/WARN]: 	at us.zonix.practice.board.adapter.PracticeBoard.getLobbyBoard(PracticeBoard.java:133)
[00:03:30] [Craft Scheduler Thread - 11/WARN]: 	at us.zonix.practice.board.adapter.PracticeBoard.getScoreboard(PracticeBoard.java:74)
[00:03:30] [Craft Scheduler Thread - 11/WARN]: 	at us.zonix.practice.board.BoardManager.run(BoardManager.java:42)
[00:03:30] [Craft Scheduler Thread - 11/WARN]: 	at org.bukkit.craftbukkit.v1_8_R3.scheduler.CraftTask.run(CraftTask.java:64)
[00:03:30] [Craft Scheduler Thread - 11/WARN]: 	at org.bukkit.craftbukkit.v1_8_R3.scheduler.CraftAsyncTask.run(CraftAsyncTask.java:53)
[00:03:30] [Craft Scheduler Thread - 11/WARN]: 	at org.github.paperspigot.ServerSchedulerReportingWrapper.run(ServerSchedulerReportingWrapper.java:23)
[00:03:30] [Craft Scheduler Thread - 11/WARN]: 	at java.util.concurrent.ThreadPoolExecutor.runWorker(ThreadPoolExecutor.java:1149)
[00:03:30] [Craft Scheduler Thread - 11/WARN]: 	at java.util.concurrent.ThreadPoolExecutor$Worker.run(ThreadPoolExecutor.java:624)
[00:03:30] [Craft Scheduler Thread - 11/WARN]: 	at java.lang.Thread.run(Thread.java:748)
[00:03:30] [Craft Scheduler Thread - 8/WARN]: java.lang.NullPointerException
[00:03:30] [Craft Scheduler Thread - 8/WARN]: 	at us.zonix.practice.board.adapter.PracticeBoard.getLobbyBoard(PracticeBoard.java:133)
[00:03:30] [Craft Scheduler Thread - 8/WARN]: 	at us.zonix.practice.board.adapter.PracticeBoard.getScoreboard(PracticeBoard.java:74)
[00:03:30] [Craft Scheduler Thread - 8/WARN]: 	at us.zonix.practice.board.BoardManager.run(BoardManager.java:42)
[00:03:30] [Craft Scheduler Thread - 8/WARN]: 	at org.bukkit.craftbukkit.v1_8_R3.scheduler.CraftTask.run(CraftTask.java:64)
[00:03:30] [Craft Scheduler Thread - 8/WARN]: 	at org.bukkit.craftbukkit.v1_8_R3.scheduler.CraftAsyncTask.run(CraftAsyncTask.java:53)
[00:03:30] [Craft Scheduler Thread - 8/WARN]: 	at org.github.paperspigot.ServerSchedulerReportingWrapper.run(ServerSchedulerReportingWrapper.java:23)
[00:03:30] [Craft Scheduler Thread - 8/WARN]: 	at java.util.concurrent.ThreadPoolExecutor.runWorker(ThreadPoolExecutor.java:1149)
[00:03:30] [Craft Scheduler Thread - 8/WARN]: 	at java.util.concurrent.ThreadPoolExecutor$Worker.run(ThreadPoolExecutor.java:624)
[00:03:30] [Craft Scheduler Thread - 8/WARN]: 	at java.lang.Thread.run(Thread.java:748)
[00:03:30] [Craft Scheduler Thread - 8/WARN]: java.lang.NullPointerException
[00:03:30] [Craft Scheduler Thread - 8/WARN]: 	at us.zonix.practice.board.adapter.PracticeBoard.getLobbyBoard(PracticeBoard.java:133)
[00:03:30] [Craft Scheduler Thread - 8/WARN]: 	at us.zonix.practice.board.adapter.PracticeBoard.getScoreboard(PracticeBoard.java:74)
[00:03:30] [Craft Scheduler Thread - 8/WARN]: 	at us.zonix.practice.board.BoardManager.run(BoardManager.java:42)
[00:03:30] [Craft Scheduler Thread - 8/WARN]: 	at org.bukkit.craftbukkit.v1_8_R3.scheduler.CraftTask.run(CraftTask.java:64)
[00:03:30] [Craft Scheduler Thread - 8/WARN]: 	at org.bukkit.craftbukkit.v1_8_R3.scheduler.CraftAsyncTask.run(CraftAsyncTask.java:53)
[00:03:30] [Craft Scheduler Thread - 8/WARN]: 	at org.github.paperspigot.ServerSchedulerReportingWrapper.run(ServerSchedulerReportingWrapper.java:23)
[00:03:30] [Craft Scheduler Thread - 8/WARN]: 	at java.util.concurrent.ThreadPoolExecutor.runWorker(ThreadPoolExecutor.java:1149)
[00:03:30] [Craft Scheduler Thread - 8/WARN]: 	at java.util.concurrent.ThreadPoolExecutor$Worker.run(ThreadPoolExecutor.java:624)
[00:03:30] [Craft Scheduler Thread - 8/WARN]: 	at java.lang.Thread.run(Thread.java:748)
[00:03:30] [Craft Scheduler Thread - 3/WARN]: java.lang.NullPointerException
[00:03:30] [Craft Scheduler Thread - 3/WARN]: 	at us.zonix.practice.board.adapter.PracticeBoard.getLobbyBoard(PracticeBoard.java:133)
[00:03:30] [Craft Scheduler Thread - 3/WARN]: 	at us.zonix.practice.board.adapter.PracticeBoard.getScoreboard(PracticeBoard.java:74)
[00:03:30] [Craft Scheduler Thread - 3/WARN]: 	at us.zonix.practice.board.BoardManager.run(BoardManager.java:42)
[00:03:30] [Craft Scheduler Thread - 3/WARN]: 	at org.bukkit.craftbukkit.v1_8_R3.scheduler.CraftTask.run(CraftTask.java:64)
[00:03:30] [Craft Scheduler Thread - 3/WARN]: 	at org.bukkit.craftbukkit.v1_8_R3.scheduler.CraftAsyncTask.run(CraftAsyncTask.java:53)
[00:03:30] [Craft Scheduler Thread - 3/WARN]: 	at org.github.paperspigot.ServerSchedulerReportingWrapper.run(ServerSchedulerReportingWrapper.java:23)
[00:03:30] [Craft Scheduler Thread - 3/WARN]: 	at java.util.concurrent.ThreadPoolExecutor.runWorker(ThreadPoolExecutor.java:1149)
[00:03:30] [Craft Scheduler Thread - 3/WARN]: 	at java.util.concurrent.ThreadPoolExecutor$Worker.run(ThreadPoolExecutor.java:624)
[00:03:30] [Craft Scheduler Thread - 3/WARN]: 	at java.lang.Thread.run(Thread.java:748)
[00:03:30] [Craft Scheduler Thread - 3/WARN]: java.lang.NullPointerException
[00:03:30] [Craft Scheduler Thread - 3/WARN]: 	at us.zonix.practice.board.adapter.PracticeBoard.getLobbyBoard(PracticeBoard.java:133)
[00:03:30] [Craft Scheduler Thread - 3/WARN]: 	at us.zonix.practice.board.adapter.PracticeBoard.getScoreboard(PracticeBoard.java:74)
[00:03:30] [Craft Scheduler Thread - 3/WARN]: 	at us.zonix.practice.board.BoardManager.run(BoardManager.java:42)
[00:03:30] [Craft Scheduler Thread - 3/WARN]: 	at org.bukkit.craftbukkit.v1_8_R3.scheduler.CraftTask.run(CraftTask.java:64)
[00:03:30] [Craft Scheduler Thread - 3/WARN]: 	at org.bukkit.craftbukkit.v1_8_R3.scheduler.CraftAsyncTask.run(CraftAsyncTask.java:53)
[00:03:30] [Craft Scheduler Thread - 3/WARN]: 	at org.github.paperspigot.ServerSchedulerReportingWrapper.run(ServerSchedulerReportingWrapper.java:23)
[00:03:30] [Craft Scheduler Thread - 3/WARN]: 	at java.util.concurrent.ThreadPoolExecutor.runWorker(ThreadPoolExecutor.java:1149)
[00:03:30] [Craft Scheduler Thread - 3/WARN]: 	at java.util.concurrent.ThreadPoolExecutor$Worker.run(ThreadPoolExecutor.java:624)
[00:03:30] [Craft Scheduler Thread - 3/WARN]: 	at java.lang.Thread.run(Thread.java:748)
[00:03:30] [Craft Scheduler Thread - 0/WARN]: java.lang.NullPointerException
[00:03:30] [Craft Scheduler Thread - 0/WARN]: 	at us.zonix.practice.board.adapter.PracticeBoard.getLobbyBoard(PracticeBoard.java:133)
[00:03:30] [Craft Scheduler Thread - 0/WARN]: 	at us.zonix.practice.board.adapter.PracticeBoard.getScoreboard(PracticeBoard.java:74)
[00:03:30] [Craft Scheduler Thread - 0/WARN]: 	at us.zonix.practice.board.BoardManager.run(BoardManager.java:42)
[00:03:30] [Craft Scheduler Thread - 0/WARN]: 	at org.bukkit.craftbukkit.v1_8_R3.scheduler.CraftTask.run(CraftTask.java:64)
[00:03:30] [Craft Scheduler Thread - 0/WARN]: 	at org.bukkit.craftbukkit.v1_8_R3.scheduler.CraftAsyncTask.run(CraftAsyncTask.java:53)
[00:03:30] [Craft Scheduler Thread - 0/WARN]: 	at org.github.paperspigot.ServerSchedulerReportingWrapper.run(ServerSchedulerReportingWrapper.java:23)
[00:03:30] [Craft Scheduler Thread - 0/WARN]: 	at java.util.concurrent.ThreadPoolExecutor.runWorker(ThreadPoolExecutor.java:1149)
[00:03:30] [Craft Scheduler Thread - 0/WARN]: 	at java.util.concurrent.ThreadPoolExecutor$Worker.run(ThreadPoolExecutor.java:624)
[00:03:30] [Craft Scheduler Thread - 0/WARN]: 	at java.lang.Thread.run(Thread.java:748)
[00:03:30] [Craft Scheduler Thread - 0/WARN]: java.lang.NullPointerException
[00:03:30] [Craft Scheduler Thread - 0/WARN]: 	at us.zonix.practice.board.adapter.PracticeBoard.getLobbyBoard(PracticeBoard.java:133)
[00:03:30] [Craft Scheduler Thread - 0/WARN]: 	at us.zonix.practice.board.adapter.PracticeBoard.getScoreboard(PracticeBoard.java:74)
[00:03:30] [Craft Scheduler Thread - 0/WARN]: 	at us.zonix.practice.board.BoardManager.run(BoardManager.java:42)
[00:03:30] [Craft Scheduler Thread - 0/WARN]: 	at org.bukkit.craftbukkit.v1_8_R3.scheduler.CraftTask.run(CraftTask.java:64)
[00:03:30] [Craft Scheduler Thread - 0/WARN]: 	at org.bukkit.craftbukkit.v1_8_R3.scheduler.CraftAsyncTask.run(CraftAsyncTask.java:53)
[00:03:30] [Craft Scheduler Thread - 0/WARN]: 	at org.github.paperspigot.ServerSchedulerReportingWrapper.run(ServerSchedulerReportingWrapper.java:23)
[00:03:30] [Craft Scheduler Thread - 0/WARN]: 	at java.util.concurrent.ThreadPoolExecutor.runWorker(ThreadPoolExecutor.java:1149)
[00:03:30] [Craft Scheduler Thread - 0/WARN]: 	at java.util.concurrent.ThreadPoolExecutor$Worker.run(ThreadPoolExecutor.java:624)
[00:03:30] [Craft Scheduler Thread - 0/WARN]: 	at java.lang.Thread.run(Thread.java:748)
[00:03:30] [Craft Scheduler Thread - 3/WARN]: java.lang.NullPointerException
[00:03:30] [Craft Scheduler Thread - 3/WARN]: 	at us.zonix.practice.board.adapter.PracticeBoard.getLobbyBoard(PracticeBoard.java:133)
[00:03:30] [Craft Scheduler Thread - 3/WARN]: 	at us.zonix.practice.board.adapter.PracticeBoard.getScoreboard(PracticeBoard.java:74)
[00:03:30] [Craft Scheduler Thread - 3/WARN]: 	at us.zonix.practice.board.BoardManager.run(BoardManager.java:42)
[00:03:30] [Craft Scheduler Thread - 3/WARN]: 	at org.bukkit.craftbukkit.v1_8_R3.scheduler.CraftTask.run(CraftTask.java:64)
[00:03:30] [Craft Scheduler Thread - 3/WARN]: 	at org.bukkit.craftbukkit.v1_8_R3.scheduler.CraftAsyncTask.run(CraftAsyncTask.java:53)
[00:03:30] [Craft Scheduler Thread - 3/WARN]: 	at org.github.paperspigot.ServerSchedulerReportingWrapper.run(ServerSchedulerReportingWrapper.java:23)
[00:03:30] [Craft Scheduler Thread - 3/WARN]: 	at java.util.concurrent.ThreadPoolExecutor.runWorker(ThreadPoolExecutor.java:1149)
[00:03:30] [Craft Scheduler Thread - 3/WARN]: 	at java.util.concurrent.ThreadPoolExecutor$Worker.run(ThreadPoolExecutor.java:624)
[00:03:30] [Craft Scheduler Thread - 3/WARN]: 	at java.lang.Thread.run(Thread.java:748)
[00:03:30] [Craft Scheduler Thread - 3/WARN]: java.lang.NullPointerException
[00:03:30] [Craft Scheduler Thread - 3/WARN]: 	at us.zonix.practice.board.adapter.PracticeBoard.getLobbyBoard(PracticeBoard.java:133)
[00:03:30] [Craft Scheduler Thread - 3/WARN]: 	at us.zonix.practice.board.adapter.PracticeBoard.getScoreboard(PracticeBoard.java:74)
[00:03:30] [Craft Scheduler Thread - 3/WARN]: 	at us.zonix.practice.board.BoardManager.run(BoardManager.java:42)
[00:03:30] [Craft Scheduler Thread - 3/WARN]: 	at org.bukkit.craftbukkit.v1_8_R3.scheduler.CraftTask.run(CraftTask.java:64)
[00:03:30] [Craft Scheduler Thread - 3/WARN]: 	at org.bukkit.craftbukkit.v1_8_R3.scheduler.CraftAsyncTask.run(CraftAsyncTask.java:53)
[00:03:30] [Craft Scheduler Thread - 3/WARN]: 	at org.github.paperspigot.ServerSchedulerReportingWrapper.run(ServerSchedulerReportingWrapper.java:23)
[00:03:30] [Craft Scheduler Thread - 3/WARN]: 	at java.util.concurrent.ThreadPoolExecutor.runWorker(ThreadPoolExecutor.java:1149)
[00:03:30] [Craft Scheduler Thread - 3/WARN]: 	at java.util.concurrent.ThreadPoolExecutor$Worker.run(ThreadPoolExecutor.java:624)
[00:03:30] [Craft Scheduler Thread - 3/WARN]: 	at java.lang.Thread.run(Thread.java:748)
[00:03:30] [Craft Scheduler Thread - 8/WARN]: java.lang.NullPointerException
[00:03:30] [Craft Scheduler Thread - 8/WARN]: 	at us.zonix.practice.board.adapter.PracticeBoard.getLobbyBoard(PracticeBoard.java:133)
[00:03:30] [Craft Scheduler Thread - 8/WARN]: 	at us.zonix.practice.board.adapter.PracticeBoard.getScoreboard(PracticeBoard.java:74)
[00:03:30] [Craft Scheduler Thread - 8/WARN]: 	at us.zonix.practice.board.BoardManager.run(BoardManager.java:42)
[00:03:30] [Craft Scheduler Thread - 8/WARN]: 	at org.bukkit.craftbukkit.v1_8_R3.scheduler.CraftTask.run(CraftTask.java:64)
[00:03:30] [Craft Scheduler Thread - 8/WARN]: 	at org.bukkit.craftbukkit.v1_8_R3.scheduler.CraftAsyncTask.run(CraftAsyncTask.java:53)
[00:03:30] [Craft Scheduler Thread - 8/WARN]: 	at org.github.paperspigot.ServerSchedulerReportingWrapper.run(ServerSchedulerReportingWrapper.java:23)
[00:03:30] [Craft Scheduler Thread - 8/WARN]: 	at java.util.concurrent.ThreadPoolExecutor.runWorker(ThreadPoolExecutor.java:1149)
[00:03:30] [Craft Scheduler Thread - 8/WARN]: 	at java.util.concurrent.ThreadPoolExecutor$Worker.run(ThreadPoolExecutor.java:624)
[00:03:30] [Craft Scheduler Thread - 8/WARN]: 	at java.lang.Thread.run(Thread.java:748)
[00:03:30] [Craft Scheduler Thread - 8/WARN]: java.lang.NullPointerException
[00:03:30] [Craft Scheduler Thread - 8/WARN]: 	at us.zonix.practice.board.adapter.PracticeBoard.getLobbyBoard(PracticeBoard.java:133)
[00:03:30] [Craft Scheduler Thread - 8/WARN]: 	at us.zonix.practice.board.adapter.PracticeBoard.getScoreboard(PracticeBoard.java:74)
[00:03:30] [Craft Scheduler Thread - 8/WARN]: 	at us.zonix.practice.board.BoardManager.run(BoardManager.java:42)
[00:03:30] [Craft Scheduler Thread - 8/WARN]: 	at org.bukkit.craftbukkit.v1_8_R3.scheduler.CraftTask.run(CraftTask.java:64)
[00:03:30] [Craft Scheduler Thread - 8/WARN]: 	at org.bukkit.craftbukkit.v1_8_R3.scheduler.CraftAsyncTask.run(CraftAsyncTask.java:53)
[00:03:30] [Craft Scheduler Thread - 8/WARN]: 	at org.github.paperspigot.ServerSchedulerReportingWrapper.run(ServerSchedulerReportingWrapper.java:23)
[00:03:30] [Craft Scheduler Thread - 8/WARN]: 	at java.util.concurrent.ThreadPoolExecutor.runWorker(ThreadPoolExecutor.java:1149)
[00:03:30] [Craft Scheduler Thread - 8/WARN]: 	at java.util.concurrent.ThreadPoolExecutor$Worker.run(ThreadPoolExecutor.java:624)
[00:03:30] [Craft Scheduler Thread - 8/WARN]: 	at java.lang.Thread.run(Thread.java:748)
[00:03:30] [Craft Scheduler Thread - 11/WARN]: java.lang.NullPointerException
[00:03:30] [Craft Scheduler Thread - 11/WARN]: 	at us.zonix.practice.board.adapter.PracticeBoard.getLobbyBoard(PracticeBoard.java:133)
[00:03:30] [Craft Scheduler Thread - 11/WARN]: 	at us.zonix.practice.board.adapter.PracticeBoard.getScoreboard(PracticeBoard.java:74)
[00:03:30] [Craft Scheduler Thread - 11/WARN]: 	at us.zonix.practice.board.BoardManager.run(BoardManager.java:42)
[00:03:30] [Craft Scheduler Thread - 11/WARN]: 	at org.bukkit.craftbukkit.v1_8_R3.scheduler.CraftTask.run(CraftTask.java:64)
[00:03:30] [Craft Scheduler Thread - 11/WARN]: 	at org.bukkit.craftbukkit.v1_8_R3.scheduler.CraftAsyncTask.run(CraftAsyncTask.java:53)
[00:03:30] [Craft Scheduler Thread - 11/WARN]: 	at org.github.paperspigot.ServerSchedulerReportingWrapper.run(ServerSchedulerReportingWrapper.java:23)
[00:03:30] [Craft Scheduler Thread - 11/WARN]: 	at java.util.concurrent.ThreadPoolExecutor.runWorker(ThreadPoolExecutor.java:1149)
[00:03:30] [Craft Scheduler Thread - 11/WARN]: 	at java.util.concurrent.ThreadPoolExecutor$Worker.run(ThreadPoolExecutor.java:624)
[00:03:30] [Craft Scheduler Thread - 11/WARN]: 	at java.lang.Thread.run(Thread.java:748)
[00:03:30] [Craft Scheduler Thread - 11/WARN]: java.lang.NullPointerException
[00:03:30] [Craft Scheduler Thread - 11/WARN]: 	at us.zonix.practice.board.adapter.PracticeBoard.getLobbyBoard(PracticeBoard.java:133)
[00:03:30] [Craft Scheduler Thread - 11/WARN]: 	at us.zonix.practice.board.adapter.PracticeBoard.getScoreboard(PracticeBoard.java:74)
[00:03:30] [Craft Scheduler Thread - 11/WARN]: 	at us.zonix.practice.board.BoardManager.run(BoardManager.java:42)
[00:03:30] [Craft Scheduler Thread - 11/WARN]: 	at org.bukkit.craftbukkit.v1_8_R3.scheduler.CraftTask.run(CraftTask.java:64)
[00:03:30] [Craft Scheduler Thread - 11/WARN]: 	at org.bukkit.craftbukkit.v1_8_R3.scheduler.CraftAsyncTask.run(CraftAsyncTask.java:53)
[00:03:30] [Craft Scheduler Thread - 11/WARN]: 	at org.github.paperspigot.ServerSchedulerReportingWrapper.run(ServerSchedulerReportingWrapper.java:23)
[00:03:30] [Craft Scheduler Thread - 11/WARN]: 	at java.util.concurrent.ThreadPoolExecutor.runWorker(ThreadPoolExecutor.java:1149)
[00:03:30] [Craft Scheduler Thread - 11/WARN]: 	at java.util.concurrent.ThreadPoolExecutor$Worker.run(ThreadPoolExecutor.java:624)
[00:03:30] [Craft Scheduler Thread - 11/WARN]: 	at java.lang.Thread.run(Thread.java:748)
[00:03:30] [Craft Scheduler Thread - 3/WARN]: java.lang.NullPointerException
[00:03:30] [Craft Scheduler Thread - 3/WARN]: 	at us.zonix.practice.board.adapter.PracticeBoard.getLobbyBoard(PracticeBoard.java:133)
[00:03:30] [Craft Scheduler Thread - 3/WARN]: 	at us.zonix.practice.board.adapter.PracticeBoard.getScoreboard(PracticeBoard.java:74)
[00:03:30] [Craft Scheduler Thread - 3/WARN]: 	at us.zonix.practice.board.BoardManager.run(BoardManager.java:42)
[00:03:30] [Craft Scheduler Thread - 3/WARN]: 	at org.bukkit.craftbukkit.v1_8_R3.scheduler.CraftTask.run(CraftTask.java:64)
[00:03:30] [Craft Scheduler Thread - 3/WARN]: 	at org.bukkit.craftbukkit.v1_8_R3.scheduler.CraftAsyncTask.run(CraftAsyncTask.java:53)
[00:03:30] [Craft Scheduler Thread - 3/WARN]: 	at org.github.paperspigot.ServerSchedulerReportingWrapper.run(ServerSchedulerReportingWrapper.java:23)
[00:03:30] [Craft Scheduler Thread - 3/WARN]: 	at java.util.concurrent.ThreadPoolExecutor.runWorker(ThreadPoolExecutor.java:1149)
[00:03:30] [Craft Scheduler Thread - 3/WARN]: 	at java.util.concurrent.ThreadPoolExecutor$Worker.run(ThreadPoolExecutor.java:624)
[00:03:30] [Craft Scheduler Thread - 3/WARN]: 	at java.lang.Thread.run(Thread.java:748)
[00:03:30] [Craft Scheduler Thread - 3/WARN]: java.lang.NullPointerException
[00:03:30] [Craft Scheduler Thread - 3/WARN]: 	at us.zonix.practice.board.adapter.PracticeBoard.getLobbyBoard(PracticeBoard.java:133)
[00:03:30] [Craft Scheduler Thread - 3/WARN]: 	at us.zonix.practice.board.adapter.PracticeBoard.getScoreboard(PracticeBoard.java:74)
[00:03:30] [Craft Scheduler Thread - 3/WARN]: 	at us.zonix.practice.board.BoardManager.run(BoardManager.java:42)
[00:03:30] [Craft Scheduler Thread - 3/WARN]: 	at org.bukkit.craftbukkit.v1_8_R3.scheduler.CraftTask.run(CraftTask.java:64)
[00:03:30] [Craft Scheduler Thread - 3/WARN]: 	at org.bukkit.craftbukkit.v1_8_R3.scheduler.CraftAsyncTask.run(CraftAsyncTask.java:53)
[00:03:30] [Craft Scheduler Thread - 3/WARN]: 	at org.github.paperspigot.ServerSchedulerReportingWrapper.run(ServerSchedulerReportingWrapper.java:23)
[00:03:30] [Craft Scheduler Thread - 3/WARN]: 	at java.util.concurrent.ThreadPoolExecutor.runWorker(ThreadPoolExecutor.java:1149)
[00:03:30] [Craft Scheduler Thread - 3/WARN]: 	at java.util.concurrent.ThreadPoolExecutor$Worker.run(ThreadPoolExecutor.java:624)
[00:03:30] [Craft Scheduler Thread - 3/WARN]: 	at java.lang.Thread.run(Thread.java:748)
[00:03:30] [Craft Scheduler Thread - 8/WARN]: java.lang.NullPointerException
[00:03:30] [Craft Scheduler Thread - 8/WARN]: 	at us.zonix.practice.board.adapter.PracticeBoard.getLobbyBoard(PracticeBoard.java:133)
[00:03:30] [Craft Scheduler Thread - 8/WARN]: 	at us.zonix.practice.board.adapter.PracticeBoard.getScoreboard(PracticeBoard.java:74)
[00:03:30] [Craft Scheduler Thread - 8/WARN]: 	at us.zonix.practice.board.BoardManager.run(BoardManager.java:42)
[00:03:30] [Craft Scheduler Thread - 8/WARN]: 	at org.bukkit.craftbukkit.v1_8_R3.scheduler.CraftTask.run(CraftTask.java:64)
[00:03:30] [Craft Scheduler Thread - 8/WARN]: 	at org.bukkit.craftbukkit.v1_8_R3.scheduler.CraftAsyncTask.run(CraftAsyncTask.java:53)
[00:03:30] [Craft Scheduler Thread - 8/WARN]: 	at org.github.paperspigot.ServerSchedulerReportingWrapper.run(ServerSchedulerReportingWrapper.java:23)
[00:03:30] [Craft Scheduler Thread - 8/WARN]: 	at java.util.concurrent.ThreadPoolExecutor.runWorker(ThreadPoolExecutor.java:1149)
[00:03:30] [Craft Scheduler Thread - 8/WARN]: 	at java.util.concurrent.ThreadPoolExecutor$Worker.run(ThreadPoolExecutor.java:624)
[00:03:30] [Craft Scheduler Thread - 8/WARN]: 	at java.lang.Thread.run(Thread.java:748)
[00:03:30] [Craft Scheduler Thread - 8/WARN]: java.lang.NullPointerException
[00:03:30] [Craft Scheduler Thread - 8/WARN]: 	at us.zonix.practice.board.adapter.PracticeBoard.getLobbyBoard(PracticeBoard.java:133)
[00:03:30] [Craft Scheduler Thread - 8/WARN]: 	at us.zonix.practice.board.adapter.PracticeBoard.getScoreboard(PracticeBoard.java:74)
[00:03:30] [Craft Scheduler Thread - 8/WARN]: 	at us.zonix.practice.board.BoardManager.run(BoardManager.java:42)
[00:03:30] [Craft Scheduler Thread - 8/WARN]: 	at org.bukkit.craftbukkit.v1_8_R3.scheduler.CraftTask.run(CraftTask.java:64)
[00:03:30] [Craft Scheduler Thread - 8/WARN]: 	at org.bukkit.craftbukkit.v1_8_R3.scheduler.CraftAsyncTask.run(CraftAsyncTask.java:53)
[00:03:30] [Craft Scheduler Thread - 8/WARN]: 	at org.github.paperspigot.ServerSchedulerReportingWrapper.run(ServerSchedulerReportingWrapper.java:23)
[00:03:30] [Craft Scheduler Thread - 8/WARN]: 	at java.util.concurrent.ThreadPoolExecutor.runWorker(ThreadPoolExecutor.java:1149)
[00:03:30] [Craft Scheduler Thread - 8/WARN]: 	at java.util.concurrent.ThreadPoolExecutor$Worker.run(ThreadPoolExecutor.java:624)
[00:03:30] [Craft Scheduler Thread - 8/WARN]: 	at java.lang.Thread.run(Thread.java:748)
[00:03:30] [Craft Scheduler Thread - 11/WARN]: java.lang.NullPointerException
[00:03:30] [Craft Scheduler Thread - 11/WARN]: 	at us.zonix.practice.board.adapter.PracticeBoard.getLobbyBoard(PracticeBoard.java:133)
[00:03:30] [Craft Scheduler Thread - 11/WARN]: 	at us.zonix.practice.board.adapter.PracticeBoard.getScoreboard(PracticeBoard.java:74)
[00:03:30] [Craft Scheduler Thread - 11/WARN]: 	at us.zonix.practice.board.BoardManager.run(BoardManager.java:42)
[00:03:30] [Craft Scheduler Thread - 11/WARN]: 	at org.bukkit.craftbukkit.v1_8_R3.scheduler.CraftTask.run(CraftTask.java:64)
[00:03:30] [Craft Scheduler Thread - 11/WARN]: 	at org.bukkit.craftbukkit.v1_8_R3.scheduler.CraftAsyncTask.run(CraftAsyncTask.java:53)
[00:03:30] [Craft Scheduler Thread - 11/WARN]: 	at org.github.paperspigot.ServerSchedulerReportingWrapper.run(ServerSchedulerReportingWrapper.java:23)
[00:03:30] [Craft Scheduler Thread - 11/WARN]: 	at java.util.concurrent.ThreadPoolExecutor.runWorker(ThreadPoolExecutor.java:1149)
[00:03:30] [Craft Scheduler Thread - 11/WARN]: 	at java.util.concurrent.ThreadPoolExecutor$Worker.run(ThreadPoolExecutor.java:624)
[00:03:30] [Craft Scheduler Thread - 11/WARN]: 	at java.lang.Thread.run(Thread.java:748)
[00:03:30] [Craft Scheduler Thread - 11/WARN]: java.lang.NullPointerException
[00:03:30] [Craft Scheduler Thread - 11/WARN]: 	at us.zonix.practice.board.adapter.PracticeBoard.getLobbyBoard(PracticeBoard.java:133)
[00:03:30] [Craft Scheduler Thread - 11/WARN]: 	at us.zonix.practice.board.adapter.PracticeBoard.getScoreboard(PracticeBoard.java:74)
[00:03:30] [Craft Scheduler Thread - 11/WARN]: 	at us.zonix.practice.board.BoardManager.run(BoardManager.java:42)
[00:03:30] [Craft Scheduler Thread - 11/WARN]: 	at org.bukkit.craftbukkit.v1_8_R3.scheduler.CraftTask.run(CraftTask.java:64)
[00:03:30] [Craft Scheduler Thread - 11/WARN]: 	at org.bukkit.craftbukkit.v1_8_R3.scheduler.CraftAsyncTask.run(CraftAsyncTask.java:53)
[00:03:30] [Craft Scheduler Thread - 11/WARN]: 	at org.github.paperspigot.ServerSchedulerReportingWrapper.run(ServerSchedulerReportingWrapper.java:23)
[00:03:30] [Craft Scheduler Thread - 11/WARN]: 	at java.util.concurrent.ThreadPoolExecutor.runWorker(ThreadPoolExecutor.java:1149)
[00:03:30] [Craft Scheduler Thread - 11/WARN]: 	at java.util.concurrent.ThreadPoolExecutor$Worker.run(ThreadPoolExecutor.java:624)
[00:03:30] [Craft Scheduler Thread - 11/WARN]: 	at java.lang.Thread.run(Thread.java:748)
[00:03:31] [Craft Scheduler Thread - 0/WARN]: java.lang.NullPointerException
[00:03:31] [Craft Scheduler Thread - 0/WARN]: 	at us.zonix.practice.board.adapter.PracticeBoard.getLobbyBoard(PracticeBoard.java:133)
[00:03:31] [Craft Scheduler Thread - 0/WARN]: 	at us.zonix.practice.board.adapter.PracticeBoard.getScoreboard(PracticeBoard.java:74)
[00:03:31] [Craft Scheduler Thread - 0/WARN]: 	at us.zonix.practice.board.BoardManager.run(BoardManager.java:42)
[00:03:31] [Craft Scheduler Thread - 0/WARN]: 	at org.bukkit.craftbukkit.v1_8_R3.scheduler.CraftTask.run(CraftTask.java:64)
[00:03:31] [Craft Scheduler Thread - 0/WARN]: 	at org.bukkit.craftbukkit.v1_8_R3.scheduler.CraftAsyncTask.run(CraftAsyncTask.java:53)
[00:03:31] [Craft Scheduler Thread - 0/WARN]: 	at org.github.paperspigot.ServerSchedulerReportingWrapper.run(ServerSchedulerReportingWrapper.java:23)
[00:03:31] [Craft Scheduler Thread - 0/WARN]: 	at java.util.concurrent.ThreadPoolExecutor.runWorker(ThreadPoolExecutor.java:1149)
[00:03:31] [Craft Scheduler Thread - 0/WARN]: 	at java.util.concurrent.ThreadPoolExecutor$Worker.run(ThreadPoolExecutor.java:624)
[00:03:31] [Craft Scheduler Thread - 0/WARN]: 	at java.lang.Thread.run(Thread.java:748)
[00:03:31] [Craft Scheduler Thread - 0/WARN]: java.lang.NullPointerException
[00:03:31] [Craft Scheduler Thread - 0/WARN]: 	at us.zonix.practice.board.adapter.PracticeBoard.getLobbyBoard(PracticeBoard.java:133)
[00:03:31] [Craft Scheduler Thread - 0/WARN]: 	at us.zonix.practice.board.adapter.PracticeBoard.getScoreboard(PracticeBoard.java:74)
[00:03:31] [Craft Scheduler Thread - 0/WARN]: 	at us.zonix.practice.board.BoardManager.run(BoardManager.java:42)
[00:03:31] [Craft Scheduler Thread - 0/WARN]: 	at org.bukkit.craftbukkit.v1_8_R3.scheduler.CraftTask.run(CraftTask.java:64)
[00:03:31] [Craft Scheduler Thread - 0/WARN]: 	at org.bukkit.craftbukkit.v1_8_R3.scheduler.CraftAsyncTask.run(CraftAsyncTask.java:53)
[00:03:31] [Craft Scheduler Thread - 0/WARN]: 	at org.github.paperspigot.ServerSchedulerReportingWrapper.run(ServerSchedulerReportingWrapper.java:23)
[00:03:31] [Craft Scheduler Thread - 0/WARN]: 	at java.util.concurrent.ThreadPoolExecutor.runWorker(ThreadPoolExecutor.java:1149)
[00:03:31] [Craft Scheduler Thread - 0/WARN]: 	at java.util.concurrent.ThreadPoolExecutor$Worker.run(ThreadPoolExecutor.java:624)
[00:03:31] [Craft Scheduler Thread - 0/WARN]: 	at java.lang.Thread.run(Thread.java:748)
[00:03:31] [Craft Scheduler Thread - 3/WARN]: java.lang.NullPointerException
[00:03:31] [Craft Scheduler Thread - 3/WARN]: 	at us.zonix.practice.board.adapter.PracticeBoard.getLobbyBoard(PracticeBoard.java:133)
[00:03:31] [Craft Scheduler Thread - 3/WARN]: 	at us.zonix.practice.board.adapter.PracticeBoard.getScoreboard(PracticeBoard.java:74)
[00:03:31] [Craft Scheduler Thread - 3/WARN]: 	at us.zonix.practice.board.BoardManager.run(BoardManager.java:42)
[00:03:31] [Craft Scheduler Thread - 3/WARN]: 	at org.bukkit.craftbukkit.v1_8_R3.scheduler.CraftTask.run(CraftTask.java:64)
[00:03:31] [Craft Scheduler Thread - 3/WARN]: 	at org.bukkit.craftbukkit.v1_8_R3.scheduler.CraftAsyncTask.run(CraftAsyncTask.java:53)
[00:03:31] [Craft Scheduler Thread - 3/WARN]: 	at org.github.paperspigot.ServerSchedulerReportingWrapper.run(ServerSchedulerReportingWrapper.java:23)
[00:03:31] [Craft Scheduler Thread - 3/WARN]: 	at java.util.concurrent.ThreadPoolExecutor.runWorker(ThreadPoolExecutor.java:1149)
[00:03:31] [Craft Scheduler Thread - 3/WARN]: 	at java.util.concurrent.ThreadPoolExecutor$Worker.run(ThreadPoolExecutor.java:624)
[00:03:31] [Craft Scheduler Thread - 3/WARN]: 	at java.lang.Thread.run(Thread.java:748)
[00:03:31] [Craft Scheduler Thread - 3/WARN]: java.lang.NullPointerException
[00:03:31] [Craft Scheduler Thread - 3/WARN]: 	at us.zonix.practice.board.adapter.PracticeBoard.getLobbyBoard(PracticeBoard.java:133)
[00:03:31] [Craft Scheduler Thread - 3/WARN]: 	at us.zonix.practice.board.adapter.PracticeBoard.getScoreboard(PracticeBoard.java:74)
[00:03:31] [Craft Scheduler Thread - 3/WARN]: 	at us.zonix.practice.board.BoardManager.run(BoardManager.java:42)
[00:03:31] [Craft Scheduler Thread - 3/WARN]: 	at org.bukkit.craftbukkit.v1_8_R3.scheduler.CraftTask.run(CraftTask.java:64)
[00:03:31] [Craft Scheduler Thread - 3/WARN]: 	at org.bukkit.craftbukkit.v1_8_R3.scheduler.CraftAsyncTask.run(CraftAsyncTask.java:53)
[00:03:31] [Craft Scheduler Thread - 3/WARN]: 	at org.github.paperspigot.ServerSchedulerReportingWrapper.run(ServerSchedulerReportingWrapper.java:23)
[00:03:31] [Craft Scheduler Thread - 3/WARN]: 	at java.util.concurrent.ThreadPoolExecutor.runWorker(ThreadPoolExecutor.java:1149)
[00:03:31] [Craft Scheduler Thread - 3/WARN]: 	at java.util.concurrent.ThreadPoolExecutor$Worker.run(ThreadPoolExecutor.java:624)
[00:03:31] [Craft Scheduler Thread - 3/WARN]: 	at java.lang.Thread.run(Thread.java:748)
[00:03:31] [Craft Scheduler Thread - 8/WARN]: java.lang.NullPointerException
[00:03:31] [Craft Scheduler Thread - 8/WARN]: 	at us.zonix.practice.board.adapter.PracticeBoard.getLobbyBoard(PracticeBoard.java:133)
[00:03:31] [Craft Scheduler Thread - 8/WARN]: 	at us.zonix.practice.board.adapter.PracticeBoard.getScoreboard(PracticeBoard.java:74)
[00:03:31] [Craft Scheduler Thread - 8/WARN]: 	at us.zonix.practice.board.BoardManager.run(BoardManager.java:42)
[00:03:31] [Craft Scheduler Thread - 8/WARN]: 	at org.bukkit.craftbukkit.v1_8_R3.scheduler.CraftTask.run(CraftTask.java:64)
[00:03:31] [Craft Scheduler Thread - 8/WARN]: 	at org.bukkit.craftbukkit.v1_8_R3.scheduler.CraftAsyncTask.run(CraftAsyncTask.java:53)
[00:03:31] [Craft Scheduler Thread - 8/WARN]: 	at org.github.paperspigot.ServerSchedulerReportingWrapper.run(ServerSchedulerReportingWrapper.java:23)
[00:03:31] [Craft Scheduler Thread - 8/WARN]: 	at java.util.concurrent.ThreadPoolExecutor.runWorker(ThreadPoolExecutor.java:1149)
[00:03:31] [Craft Scheduler Thread - 8/WARN]: 	at java.util.concurrent.ThreadPoolExecutor$Worker.run(ThreadPoolExecutor.java:624)
[00:03:31] [Craft Scheduler Thread - 8/WARN]: 	at java.lang.Thread.run(Thread.java:748)
[00:03:31] [Craft Scheduler Thread - 8/WARN]: java.lang.NullPointerException
[00:03:31] [Craft Scheduler Thread - 8/WARN]: 	at us.zonix.practice.board.adapter.PracticeBoard.getLobbyBoard(PracticeBoard.java:133)
[00:03:31] [Craft Scheduler Thread - 8/WARN]: 	at us.zonix.practice.board.adapter.PracticeBoard.getScoreboard(PracticeBoard.java:74)
[00:03:31] [Craft Scheduler Thread - 8/WARN]: 	at us.zonix.practice.board.BoardManager.run(BoardManager.java:42)
[00:03:31] [Craft Scheduler Thread - 8/WARN]: 	at org.bukkit.craftbukkit.v1_8_R3.scheduler.CraftTask.run(CraftTask.java:64)
[00:03:31] [Craft Scheduler Thread - 8/WARN]: 	at org.bukkit.craftbukkit.v1_8_R3.scheduler.CraftAsyncTask.run(CraftAsyncTask.java:53)
[00:03:31] [Craft Scheduler Thread - 8/WARN]: 	at org.github.paperspigot.ServerSchedulerReportingWrapper.run(ServerSchedulerReportingWrapper.java:23)
[00:03:31] [Craft Scheduler Thread - 8/WARN]: 	at java.util.concurrent.ThreadPoolExecutor.runWorker(ThreadPoolExecutor.java:1149)
[00:03:31] [Craft Scheduler Thread - 8/WARN]: 	at java.util.concurrent.ThreadPoolExecutor$Worker.run(ThreadPoolExecutor.java:624)
[00:03:31] [Craft Scheduler Thread - 8/WARN]: 	at java.lang.Thread.run(Thread.java:748)
[00:03:31] [Craft Scheduler Thread - 0/WARN]: java.lang.NullPointerException
[00:03:31] [Craft Scheduler Thread - 0/WARN]: 	at us.zonix.practice.board.adapter.PracticeBoard.getLobbyBoard(PracticeBoard.java:133)
[00:03:31] [Craft Scheduler Thread - 0/WARN]: 	at us.zonix.practice.board.adapter.PracticeBoard.getScoreboard(PracticeBoard.java:74)
[00:03:31] [Craft Scheduler Thread - 0/WARN]: 	at us.zonix.practice.board.BoardManager.run(BoardManager.java:42)
[00:03:31] [Craft Scheduler Thread - 0/WARN]: 	at org.bukkit.craftbukkit.v1_8_R3.scheduler.CraftTask.run(CraftTask.java:64)
[00:03:31] [Craft Scheduler Thread - 0/WARN]: 	at org.bukkit.craftbukkit.v1_8_R3.scheduler.CraftAsyncTask.run(CraftAsyncTask.java:53)
[00:03:31] [Craft Scheduler Thread - 0/WARN]: 	at org.github.paperspigot.ServerSchedulerReportingWrapper.run(ServerSchedulerReportingWrapper.java:23)
[00:03:31] [Craft Scheduler Thread - 0/WARN]: 	at java.util.concurrent.ThreadPoolExecutor.runWorker(ThreadPoolExecutor.java:1149)
[00:03:31] [Craft Scheduler Thread - 0/WARN]: 	at java.util.concurrent.ThreadPoolExecutor$Worker.run(ThreadPoolExecutor.java:624)
[00:03:31] [Craft Scheduler Thread - 0/WARN]: 	at java.lang.Thread.run(Thread.java:748)
[00:03:31] [Craft Scheduler Thread - 0/WARN]: java.lang.NullPointerException
[00:03:31] [Craft Scheduler Thread - 0/WARN]: 	at us.zonix.practice.board.adapter.PracticeBoard.getLobbyBoard(PracticeBoard.java:133)
[00:03:31] [Craft Scheduler Thread - 0/WARN]: 	at us.zonix.practice.board.adapter.PracticeBoard.getScoreboard(PracticeBoard.java:74)
[00:03:31] [Craft Scheduler Thread - 0/WARN]: 	at us.zonix.practice.board.BoardManager.run(BoardManager.java:42)
[00:03:31] [Craft Scheduler Thread - 0/WARN]: 	at org.bukkit.craftbukkit.v1_8_R3.scheduler.CraftTask.run(CraftTask.java:64)
[00:03:31] [Craft Scheduler Thread - 0/WARN]: 	at org.bukkit.craftbukkit.v1_8_R3.scheduler.CraftAsyncTask.run(CraftAsyncTask.java:53)
[00:03:31] [Craft Scheduler Thread - 0/WARN]: 	at org.github.paperspigot.ServerSchedulerReportingWrapper.run(ServerSchedulerReportingWrapper.java:23)
[00:03:31] [Craft Scheduler Thread - 0/WARN]: 	at java.util.concurrent.ThreadPoolExecutor.runWorker(ThreadPoolExecutor.java:1149)
[00:03:31] [Craft Scheduler Thread - 0/WARN]: 	at java.util.concurrent.ThreadPoolExecutor$Worker.run(ThreadPoolExecutor.java:624)
[00:03:31] [Craft Scheduler Thread - 0/WARN]: 	at java.lang.Thread.run(Thread.java:748)
[00:03:31] [Craft Scheduler Thread - 11/WARN]: java.lang.NullPointerException
[00:03:31] [Craft Scheduler Thread - 11/WARN]: 	at us.zonix.practice.board.adapter.PracticeBoard.getLobbyBoard(PracticeBoard.java:133)
[00:03:31] [Craft Scheduler Thread - 11/WARN]: 	at us.zonix.practice.board.adapter.PracticeBoard.getScoreboard(PracticeBoard.java:74)
[00:03:31] [Craft Scheduler Thread - 11/WARN]: 	at us.zonix.practice.board.BoardManager.run(BoardManager.java:42)
[00:03:31] [Craft Scheduler Thread - 11/WARN]: 	at org.bukkit.craftbukkit.v1_8_R3.scheduler.CraftTask.run(CraftTask.java:64)
[00:03:31] [Craft Scheduler Thread - 11/WARN]: 	at org.bukkit.craftbukkit.v1_8_R3.scheduler.CraftAsyncTask.run(CraftAsyncTask.java:53)
[00:03:31] [Craft Scheduler Thread - 11/WARN]: 	at org.github.paperspigot.ServerSchedulerReportingWrapper.run(ServerSchedulerReportingWrapper.java:23)
[00:03:31] [Craft Scheduler Thread - 11/WARN]: 	at java.util.concurrent.ThreadPoolExecutor.runWorker(ThreadPoolExecutor.java:1149)
[00:03:31] [Craft Scheduler Thread - 11/WARN]: 	at java.util.concurrent.ThreadPoolExecutor$Worker.run(ThreadPoolExecutor.java:624)
[00:03:31] [Craft Scheduler Thread - 11/WARN]: 	at java.lang.Thread.run(Thread.java:748)
[00:03:31] [Craft Scheduler Thread - 11/WARN]: java.lang.NullPointerException
[00:03:31] [Craft Scheduler Thread - 11/WARN]: 	at us.zonix.practice.board.adapter.PracticeBoard.getLobbyBoard(PracticeBoard.java:133)
[00:03:31] [Craft Scheduler Thread - 11/WARN]: 	at us.zonix.practice.board.adapter.PracticeBoard.getScoreboard(PracticeBoard.java:74)
[00:03:31] [Craft Scheduler Thread - 11/WARN]: 	at us.zonix.practice.board.BoardManager.run(BoardManager.java:42)
[00:03:31] [Craft Scheduler Thread - 11/WARN]: 	at org.bukkit.craftbukkit.v1_8_R3.scheduler.CraftTask.run(CraftTask.java:64)
[00:03:31] [Craft Scheduler Thread - 11/WARN]: 	at org.bukkit.craftbukkit.v1_8_R3.scheduler.CraftAsyncTask.run(CraftAsyncTask.java:53)
[00:03:31] [Craft Scheduler Thread - 11/WARN]: 	at org.github.paperspigot.ServerSchedulerReportingWrapper.run(ServerSchedulerReportingWrapper.java:23)
[00:03:31] [Craft Scheduler Thread - 11/WARN]: 	at java.util.concurrent.ThreadPoolExecutor.runWorker(ThreadPoolExecutor.java:1149)
[00:03:31] [Craft Scheduler Thread - 11/WARN]: 	at java.util.concurrent.ThreadPoolExecutor$Worker.run(ThreadPoolExecutor.java:624)
[00:03:31] [Craft Scheduler Thread - 11/WARN]: 	at java.lang.Thread.run(Thread.java:748)
[00:03:31] [Craft Scheduler Thread - 8/WARN]: java.lang.NullPointerException
[00:03:31] [Craft Scheduler Thread - 8/WARN]: 	at us.zonix.practice.board.adapter.PracticeBoard.getLobbyBoard(PracticeBoard.java:133)
[00:03:31] [Craft Scheduler Thread - 8/WARN]: 	at us.zonix.practice.board.adapter.PracticeBoard.getScoreboard(PracticeBoard.java:74)
[00:03:31] [Craft Scheduler Thread - 8/WARN]: 	at us.zonix.practice.board.BoardManager.run(BoardManager.java:42)
[00:03:31] [Craft Scheduler Thread - 8/WARN]: 	at org.bukkit.craftbukkit.v1_8_R3.scheduler.CraftTask.run(CraftTask.java:64)
[00:03:31] [Craft Scheduler Thread - 8/WARN]: 	at org.bukkit.craftbukkit.v1_8_R3.scheduler.CraftAsyncTask.run(CraftAsyncTask.java:53)
[00:03:31] [Craft Scheduler Thread - 8/WARN]: 	at org.github.paperspigot.ServerSchedulerReportingWrapper.run(ServerSchedulerReportingWrapper.java:23)
[00:03:31] [Craft Scheduler Thread - 8/WARN]: 	at java.util.concurrent.ThreadPoolExecutor.runWorker(ThreadPoolExecutor.java:1149)
[00:03:31] [Craft Scheduler Thread - 8/WARN]: 	at java.util.concurrent.ThreadPoolExecutor$Worker.run(ThreadPoolExecutor.java:624)
[00:03:31] [Craft Scheduler Thread - 8/WARN]: 	at java.lang.Thread.run(Thread.java:748)
[00:03:31] [Craft Scheduler Thread - 8/WARN]: java.lang.NullPointerException
[00:03:31] [Craft Scheduler Thread - 8/WARN]: 	at us.zonix.practice.board.adapter.PracticeBoard.getLobbyBoard(PracticeBoard.java:133)
[00:03:31] [Craft Scheduler Thread - 8/WARN]: 	at us.zonix.practice.board.adapter.PracticeBoard.getScoreboard(PracticeBoard.java:74)
[00:03:31] [Craft Scheduler Thread - 8/WARN]: 	at us.zonix.practice.board.BoardManager.run(BoardManager.java:42)
[00:03:31] [Craft Scheduler Thread - 8/WARN]: 	at org.bukkit.craftbukkit.v1_8_R3.scheduler.CraftTask.run(CraftTask.java:64)
[00:03:31] [Craft Scheduler Thread - 8/WARN]: 	at org.bukkit.craftbukkit.v1_8_R3.scheduler.CraftAsyncTask.run(CraftAsyncTask.java:53)
[00:03:31] [Craft Scheduler Thread - 8/WARN]: 	at org.github.paperspigot.ServerSchedulerReportingWrapper.run(ServerSchedulerReportingWrapper.java:23)
[00:03:31] [Craft Scheduler Thread - 8/WARN]: 	at java.util.concurrent.ThreadPoolExecutor.runWorker(ThreadPoolExecutor.java:1149)
[00:03:31] [Craft Scheduler Thread - 8/WARN]: 	at java.util.concurrent.ThreadPoolExecutor$Worker.run(ThreadPoolExecutor.java:624)
[00:03:31] [Craft Scheduler Thread - 8/WARN]: 	at java.lang.Thread.run(Thread.java:748)
[00:03:31] [Craft Scheduler Thread - 3/WARN]: java.lang.NullPointerException
[00:03:31] [Craft Scheduler Thread - 3/WARN]: 	at us.zonix.practice.board.adapter.PracticeBoard.getLobbyBoard(PracticeBoard.java:133)
[00:03:31] [Craft Scheduler Thread - 3/WARN]: 	at us.zonix.practice.board.adapter.PracticeBoard.getScoreboard(PracticeBoard.java:74)
[00:03:31] [Craft Scheduler Thread - 3/WARN]: 	at us.zonix.practice.board.BoardManager.run(BoardManager.java:42)
[00:03:31] [Craft Scheduler Thread - 3/WARN]: 	at org.bukkit.craftbukkit.v1_8_R3.scheduler.CraftTask.run(CraftTask.java:64)
[00:03:31] [Craft Scheduler Thread - 3/WARN]: 	at org.bukkit.craftbukkit.v1_8_R3.scheduler.CraftAsyncTask.run(CraftAsyncTask.java:53)
[00:03:31] [Craft Scheduler Thread - 3/WARN]: 	at org.github.paperspigot.ServerSchedulerReportingWrapper.run(ServerSchedulerReportingWrapper.java:23)
[00:03:31] [Craft Scheduler Thread - 3/WARN]: 	at java.util.concurrent.ThreadPoolExecutor.runWorker(ThreadPoolExecutor.java:1149)
[00:03:31] [Craft Scheduler Thread - 3/WARN]: 	at java.util.concurrent.ThreadPoolExecutor$Worker.run(ThreadPoolExecutor.java:624)
[00:03:31] [Craft Scheduler Thread - 3/WARN]: 	at java.lang.Thread.run(Thread.java:748)
[00:03:31] [Craft Scheduler Thread - 3/WARN]: java.lang.NullPointerException
[00:03:31] [Craft Scheduler Thread - 3/WARN]: 	at us.zonix.practice.board.adapter.PracticeBoard.getLobbyBoard(PracticeBoard.java:133)
[00:03:31] [Craft Scheduler Thread - 3/WARN]: 	at us.zonix.practice.board.adapter.PracticeBoard.getScoreboard(PracticeBoard.java:74)
[00:03:31] [Craft Scheduler Thread - 3/WARN]: 	at us.zonix.practice.board.BoardManager.run(BoardManager.java:42)
[00:03:31] [Craft Scheduler Thread - 3/WARN]: 	at org.bukkit.craftbukkit.v1_8_R3.scheduler.CraftTask.run(CraftTask.java:64)
[00:03:31] [Craft Scheduler Thread - 3/WARN]: 	at org.bukkit.craftbukkit.v1_8_R3.scheduler.CraftAsyncTask.run(CraftAsyncTask.java:53)
[00:03:31] [Craft Scheduler Thread - 3/WARN]: 	at org.github.paperspigot.ServerSchedulerReportingWrapper.run(ServerSchedulerReportingWrapper.java:23)
[00:03:31] [Craft Scheduler Thread - 3/WARN]: 	at java.util.concurrent.ThreadPoolExecutor.runWorker(ThreadPoolExecutor.java:1149)
[00:03:31] [Craft Scheduler Thread - 3/WARN]: 	at java.util.concurrent.ThreadPoolExecutor$Worker.run(ThreadPoolExecutor.java:624)
[00:03:31] [Craft Scheduler Thread - 3/WARN]: 	at java.lang.Thread.run(Thread.java:748)
[00:03:31] [Craft Scheduler Thread - 7/WARN]: java.lang.NullPointerException
[00:03:31] [Craft Scheduler Thread - 7/WARN]: 	at us.zonix.practice.board.adapter.PracticeBoard.getLobbyBoard(PracticeBoard.java:133)
[00:03:31] [Craft Scheduler Thread - 7/WARN]: 	at us.zonix.practice.board.adapter.PracticeBoard.getScoreboard(PracticeBoard.java:74)
[00:03:31] [Craft Scheduler Thread - 7/WARN]: 	at us.zonix.practice.board.BoardManager.run(BoardManager.java:42)
[00:03:31] [Craft Scheduler Thread - 7/WARN]: 	at org.bukkit.craftbukkit.v1_8_R3.scheduler.CraftTask.run(CraftTask.java:64)
[00:03:31] [Craft Scheduler Thread - 7/WARN]: 	at org.bukkit.craftbukkit.v1_8_R3.scheduler.CraftAsyncTask.run(CraftAsyncTask.java:53)
[00:03:31] [Craft Scheduler Thread - 7/WARN]: 	at org.github.paperspigot.ServerSchedulerReportingWrapper.run(ServerSchedulerReportingWrapper.java:23)
[00:03:31] [Craft Scheduler Thread - 7/WARN]: 	at java.util.concurrent.ThreadPoolExecutor.runWorker(ThreadPoolExecutor.java:1149)
[00:03:31] [Craft Scheduler Thread - 7/WARN]: 	at java.util.concurrent.ThreadPoolExecutor$Worker.run(ThreadPoolExecutor.java:624)
[00:03:31] [Craft Scheduler Thread - 7/WARN]: 	at java.lang.Thread.run(Thread.java:748)
[00:03:31] [Craft Scheduler Thread - 7/WARN]: java.lang.NullPointerException
[00:03:31] [Craft Scheduler Thread - 7/WARN]: 	at us.zonix.practice.board.adapter.PracticeBoard.getLobbyBoard(PracticeBoard.java:133)
[00:03:31] [Craft Scheduler Thread - 7/WARN]: 	at us.zonix.practice.board.adapter.PracticeBoard.getScoreboard(PracticeBoard.java:74)
[00:03:31] [Craft Scheduler Thread - 7/WARN]: 	at us.zonix.practice.board.BoardManager.run(BoardManager.java:42)
[00:03:31] [Craft Scheduler Thread - 7/WARN]: 	at org.bukkit.craftbukkit.v1_8_R3.scheduler.CraftTask.run(CraftTask.java:64)
[00:03:31] [Craft Scheduler Thread - 7/WARN]: 	at org.bukkit.craftbukkit.v1_8_R3.scheduler.CraftAsyncTask.run(CraftAsyncTask.java:53)
[00:03:31] [Craft Scheduler Thread - 7/WARN]: 	at org.github.paperspigot.ServerSchedulerReportingWrapper.run(ServerSchedulerReportingWrapper.java:23)
[00:03:31] [Craft Scheduler Thread - 7/WARN]: 	at java.util.concurrent.ThreadPoolExecutor.runWorker(ThreadPoolExecutor.java:1149)
[00:03:31] [Craft Scheduler Thread - 7/WARN]: 	at java.util.concurrent.ThreadPoolExecutor$Worker.run(ThreadPoolExecutor.java:624)
[00:03:31] [Craft Scheduler Thread - 7/WARN]: 	at java.lang.Thread.run(Thread.java:748)
[00:03:31] [Craft Scheduler Thread - 3/WARN]: java.lang.NullPointerException
[00:03:31] [Craft Scheduler Thread - 3/WARN]: 	at us.zonix.practice.board.adapter.PracticeBoard.getLobbyBoard(PracticeBoard.java:133)
[00:03:31] [Craft Scheduler Thread - 3/WARN]: 	at us.zonix.practice.board.adapter.PracticeBoard.getScoreboard(PracticeBoard.java:74)
[00:03:31] [Craft Scheduler Thread - 3/WARN]: 	at us.zonix.practice.board.BoardManager.run(BoardManager.java:42)
[00:03:31] [Craft Scheduler Thread - 3/WARN]: 	at org.bukkit.craftbukkit.v1_8_R3.scheduler.CraftTask.run(CraftTask.java:64)
[00:03:31] [Craft Scheduler Thread - 3/WARN]: 	at org.bukkit.craftbukkit.v1_8_R3.scheduler.CraftAsyncTask.run(CraftAsyncTask.java:53)
[00:03:31] [Craft Scheduler Thread - 3/WARN]: 	at org.github.paperspigot.ServerSchedulerReportingWrapper.run(ServerSchedulerReportingWrapper.java:23)
[00:03:31] [Craft Scheduler Thread - 3/WARN]: 	at java.util.concurrent.ThreadPoolExecutor.runWorker(ThreadPoolExecutor.java:1149)
[00:03:31] [Craft Scheduler Thread - 3/WARN]: 	at java.util.concurrent.ThreadPoolExecutor$Worker.run(ThreadPoolExecutor.java:624)
[00:03:31] [Craft Scheduler Thread - 3/WARN]: 	at java.lang.Thread.run(Thread.java:748)
[00:03:31] [Craft Scheduler Thread - 3/WARN]: java.lang.NullPointerException
[00:03:31] [Craft Scheduler Thread - 3/WARN]: 	at us.zonix.practice.board.adapter.PracticeBoard.getLobbyBoard(PracticeBoard.java:133)
[00:03:31] [Craft Scheduler Thread - 3/WARN]: 	at us.zonix.practice.board.adapter.PracticeBoard.getScoreboard(PracticeBoard.java:74)
[00:03:31] [Craft Scheduler Thread - 3/WARN]: 	at us.zonix.practice.board.BoardManager.run(BoardManager.java:42)
[00:03:31] [Craft Scheduler Thread - 3/WARN]: 	at org.bukkit.craftbukkit.v1_8_R3.scheduler.CraftTask.run(CraftTask.java:64)
[00:03:31] [Craft Scheduler Thread - 3/WARN]: 	at org.bukkit.craftbukkit.v1_8_R3.scheduler.CraftAsyncTask.run(CraftAsyncTask.java:53)
[00:03:31] [Craft Scheduler Thread - 3/WARN]: 	at org.github.paperspigot.ServerSchedulerReportingWrapper.run(ServerSchedulerReportingWrapper.java:23)
[00:03:31] [Craft Scheduler Thread - 3/WARN]: 	at java.util.concurrent.ThreadPoolExecutor.runWorker(ThreadPoolExecutor.java:1149)
[00:03:31] [Craft Scheduler Thread - 3/WARN]: 	at java.util.concurrent.ThreadPoolExecutor$Worker.run(ThreadPoolExecutor.java:624)
[00:03:31] [Craft Scheduler Thread - 3/WARN]: 	at java.lang.Thread.run(Thread.java:748)
[00:03:31] [Craft Scheduler Thread - 7/WARN]: java.lang.NullPointerException
[00:03:31] [Craft Scheduler Thread - 7/WARN]: 	at us.zonix.practice.board.adapter.PracticeBoard.getLobbyBoard(PracticeBoard.java:133)
[00:03:31] [Craft Scheduler Thread - 7/WARN]: 	at us.zonix.practice.board.adapter.PracticeBoard.getScoreboard(PracticeBoard.java:74)
[00:03:31] [Craft Scheduler Thread - 7/WARN]: 	at us.zonix.practice.board.BoardManager.run(BoardManager.java:42)
[00:03:31] [Craft Scheduler Thread - 7/WARN]: 	at org.bukkit.craftbukkit.v1_8_R3.scheduler.CraftTask.run(CraftTask.java:64)
[00:03:31] [Craft Scheduler Thread - 7/WARN]: 	at org.bukkit.craftbukkit.v1_8_R3.scheduler.CraftAsyncTask.run(CraftAsyncTask.java:53)
[00:03:31] [Craft Scheduler Thread - 7/WARN]: 	at org.github.paperspigot.ServerSchedulerReportingWrapper.run(ServerSchedulerReportingWrapper.java:23)
[00:03:31] [Craft Scheduler Thread - 7/WARN]: 	at java.util.concurrent.ThreadPoolExecutor.runWorker(ThreadPoolExecutor.java:1149)
[00:03:31] [Craft Scheduler Thread - 7/WARN]: 	at java.util.concurrent.ThreadPoolExecutor$Worker.run(ThreadPoolExecutor.java:624)
[00:03:31] [Craft Scheduler Thread - 7/WARN]: 	at java.lang.Thread.run(Thread.java:748)
[00:03:31] [Craft Scheduler Thread - 7/WARN]: java.lang.NullPointerException
[00:03:31] [Craft Scheduler Thread - 7/WARN]: 	at us.zonix.practice.board.adapter.PracticeBoard.getLobbyBoard(PracticeBoard.java:133)
[00:03:31] [Craft Scheduler Thread - 7/WARN]: 	at us.zonix.practice.board.adapter.PracticeBoard.getScoreboard(PracticeBoard.java:74)
[00:03:31] [Craft Scheduler Thread - 7/WARN]: 	at us.zonix.practice.board.BoardManager.run(BoardManager.java:42)
[00:03:31] [Craft Scheduler Thread - 7/WARN]: 	at org.bukkit.craftbukkit.v1_8_R3.scheduler.CraftTask.run(CraftTask.java:64)
[00:03:31] [Craft Scheduler Thread - 7/WARN]: 	at org.bukkit.craftbukkit.v1_8_R3.scheduler.CraftAsyncTask.run(CraftAsyncTask.java:53)
[00:03:31] [Craft Scheduler Thread - 7/WARN]: 	at org.github.paperspigot.ServerSchedulerReportingWrapper.run(ServerSchedulerReportingWrapper.java:23)
[00:03:31] [Craft Scheduler Thread - 7/WARN]: 	at java.util.concurrent.ThreadPoolExecutor.runWorker(ThreadPoolExecutor.java:1149)
[00:03:31] [Craft Scheduler Thread - 7/WARN]: 	at java.util.concurrent.ThreadPoolExecutor$Worker.run(ThreadPoolExecutor.java:624)
[00:03:31] [Craft Scheduler Thread - 7/WARN]: 	at java.lang.Thread.run(Thread.java:748)
[00:03:31] [Craft Scheduler Thread - 9/WARN]: java.lang.NullPointerException
[00:03:31] [Craft Scheduler Thread - 9/WARN]: 	at us.zonix.practice.board.adapter.PracticeBoard.getLobbyBoard(PracticeBoard.java:133)
[00:03:31] [Craft Scheduler Thread - 9/WARN]: 	at us.zonix.practice.board.adapter.PracticeBoard.getScoreboard(PracticeBoard.java:74)
[00:03:31] [Craft Scheduler Thread - 9/WARN]: 	at us.zonix.practice.board.BoardManager.run(BoardManager.java:42)
[00:03:31] [Craft Scheduler Thread - 9/WARN]: 	at org.bukkit.craftbukkit.v1_8_R3.scheduler.CraftTask.run(CraftTask.java:64)
[00:03:31] [Craft Scheduler Thread - 9/WARN]: 	at org.bukkit.craftbukkit.v1_8_R3.scheduler.CraftAsyncTask.run(CraftAsyncTask.java:53)
[00:03:31] [Craft Scheduler Thread - 9/WARN]: 	at org.github.paperspigot.ServerSchedulerReportingWrapper.run(ServerSchedulerReportingWrapper.java:23)
[00:03:31] [Craft Scheduler Thread - 9/WARN]: 	at java.util.concurrent.ThreadPoolExecutor.runWorker(ThreadPoolExecutor.java:1149)
[00:03:31] [Craft Scheduler Thread - 9/WARN]: 	at java.util.concurrent.ThreadPoolExecutor$Worker.run(ThreadPoolExecutor.java:624)
[00:03:31] [Craft Scheduler Thread - 9/WARN]: 	at java.lang.Thread.run(Thread.java:748)
[00:03:31] [Craft Scheduler Thread - 9/WARN]: java.lang.NullPointerException
[00:03:31] [Craft Scheduler Thread - 9/WARN]: 	at us.zonix.practice.board.adapter.PracticeBoard.getLobbyBoard(PracticeBoard.java:133)
[00:03:31] [Craft Scheduler Thread - 9/WARN]: 	at us.zonix.practice.board.adapter.PracticeBoard.getScoreboard(PracticeBoard.java:74)
[00:03:31] [Craft Scheduler Thread - 9/WARN]: 	at us.zonix.practice.board.BoardManager.run(BoardManager.java:42)
[00:03:31] [Craft Scheduler Thread - 9/WARN]: 	at org.bukkit.craftbukkit.v1_8_R3.scheduler.CraftTask.run(CraftTask.java:64)
[00:03:31] [Craft Scheduler Thread - 9/WARN]: 	at org.bukkit.craftbukkit.v1_8_R3.scheduler.CraftAsyncTask.run(CraftAsyncTask.java:53)
[00:03:31] [Craft Scheduler Thread - 9/WARN]: 	at org.github.paperspigot.ServerSchedulerReportingWrapper.run(ServerSchedulerReportingWrapper.java:23)
[00:03:31] [Craft Scheduler Thread - 9/WARN]: 	at java.util.concurrent.ThreadPoolExecutor.runWorker(ThreadPoolExecutor.java:1149)
[00:03:31] [Craft Scheduler Thread - 9/WARN]: 	at java.util.concurrent.ThreadPoolExecutor$Worker.run(ThreadPoolExecutor.java:624)
[00:03:31] [Craft Scheduler Thread - 9/WARN]: 	at java.lang.Thread.run(Thread.java:748)
[00:03:31] [Craft Scheduler Thread - 8/WARN]: java.lang.NullPointerException
[00:03:31] [Craft Scheduler Thread - 8/WARN]: 	at us.zonix.practice.board.adapter.PracticeBoard.getLobbyBoard(PracticeBoard.java:133)
[00:03:31] [Craft Scheduler Thread - 8/WARN]: 	at us.zonix.practice.board.adapter.PracticeBoard.getScoreboard(PracticeBoard.java:74)
[00:03:31] [Craft Scheduler Thread - 8/WARN]: 	at us.zonix.practice.board.BoardManager.run(BoardManager.java:42)
[00:03:31] [Craft Scheduler Thread - 8/WARN]: 	at org.bukkit.craftbukkit.v1_8_R3.scheduler.CraftTask.run(CraftTask.java:64)
[00:03:31] [Craft Scheduler Thread - 8/WARN]: 	at org.bukkit.craftbukkit.v1_8_R3.scheduler.CraftAsyncTask.run(CraftAsyncTask.java:53)
[00:03:31] [Craft Scheduler Thread - 8/WARN]: 	at org.github.paperspigot.ServerSchedulerReportingWrapper.run(ServerSchedulerReportingWrapper.java:23)
[00:03:31] [Craft Scheduler Thread - 8/WARN]: 	at java.util.concurrent.ThreadPoolExecutor.runWorker(ThreadPoolExecutor.java:1149)
[00:03:31] [Craft Scheduler Thread - 8/WARN]: 	at java.util.concurrent.ThreadPoolExecutor$Worker.run(ThreadPoolExecutor.java:624)
[00:03:31] [Craft Scheduler Thread - 8/WARN]: 	at java.lang.Thread.run(Thread.java:748)
[00:03:31] [Craft Scheduler Thread - 8/WARN]: java.lang.NullPointerException
[00:03:31] [Craft Scheduler Thread - 8/WARN]: 	at us.zonix.practice.board.adapter.PracticeBoard.getLobbyBoard(PracticeBoard.java:133)
[00:03:31] [Craft Scheduler Thread - 8/WARN]: 	at us.zonix.practice.board.adapter.PracticeBoard.getScoreboard(PracticeBoard.java:74)
[00:03:31] [Craft Scheduler Thread - 8/WARN]: 	at us.zonix.practice.board.BoardManager.run(BoardManager.java:42)
[00:03:31] [Craft Scheduler Thread - 8/WARN]: 	at org.bukkit.craftbukkit.v1_8_R3.scheduler.CraftTask.run(CraftTask.java:64)
[00:03:31] [Craft Scheduler Thread - 8/WARN]: 	at org.bukkit.craftbukkit.v1_8_R3.scheduler.CraftAsyncTask.run(CraftAsyncTask.java:53)
[00:03:31] [Craft Scheduler Thread - 8/WARN]: 	at org.github.paperspigot.ServerSchedulerReportingWrapper.run(ServerSchedulerReportingWrapper.java:23)
[00:03:31] [Craft Scheduler Thread - 8/WARN]: 	at java.util.concurrent.ThreadPoolExecutor.runWorker(ThreadPoolExecutor.java:1149)
[00:03:31] [Craft Scheduler Thread - 8/WARN]: 	at java.util.concurrent.ThreadPoolExecutor$Worker.run(ThreadPoolExecutor.java:624)
[00:03:31] [Craft Scheduler Thread - 8/WARN]: 	at java.lang.Thread.run(Thread.java:748)
[00:03:31] [Craft Scheduler Thread - 3/WARN]: java.lang.NullPointerException
[00:03:31] [Craft Scheduler Thread - 3/WARN]: 	at us.zonix.practice.board.adapter.PracticeBoard.getLobbyBoard(PracticeBoard.java:133)
[00:03:31] [Craft Scheduler Thread - 3/WARN]: 	at us.zonix.practice.board.adapter.PracticeBoard.getScoreboard(PracticeBoard.java:74)
[00:03:31] [Craft Scheduler Thread - 3/WARN]: 	at us.zonix.practice.board.BoardManager.run(BoardManager.java:42)
[00:03:31] [Craft Scheduler Thread - 3/WARN]: 	at org.bukkit.craftbukkit.v1_8_R3.scheduler.CraftTask.run(CraftTask.java:64)
[00:03:31] [Craft Scheduler Thread - 3/WARN]: 	at org.bukkit.craftbukkit.v1_8_R3.scheduler.CraftAsyncTask.run(CraftAsyncTask.java:53)
[00:03:31] [Craft Scheduler Thread - 3/WARN]: 	at org.github.paperspigot.ServerSchedulerReportingWrapper.run(ServerSchedulerReportingWrapper.java:23)
[00:03:31] [Craft Scheduler Thread - 3/WARN]: 	at java.util.concurrent.ThreadPoolExecutor.runWorker(ThreadPoolExecutor.java:1149)
[00:03:31] [Craft Scheduler Thread - 3/WARN]: 	at java.util.concurrent.ThreadPoolExecutor$Worker.run(ThreadPoolExecutor.java:624)
[00:03:31] [Craft Scheduler Thread - 3/WARN]: 	at java.lang.Thread.run(Thread.java:748)
[00:03:31] [Craft Scheduler Thread - 3/WARN]: java.lang.NullPointerException
[00:03:31] [Craft Scheduler Thread - 3/WARN]: 	at us.zonix.practice.board.adapter.PracticeBoard.getLobbyBoard(PracticeBoard.java:133)
[00:03:31] [Craft Scheduler Thread - 3/WARN]: 	at us.zonix.practice.board.adapter.PracticeBoard.getScoreboard(PracticeBoard.java:74)
[00:03:31] [Craft Scheduler Thread - 3/WARN]: 	at us.zonix.practice.board.BoardManager.run(BoardManager.java:42)
[00:03:31] [Craft Scheduler Thread - 3/WARN]: 	at org.bukkit.craftbukkit.v1_8_R3.scheduler.CraftTask.run(CraftTask.java:64)
[00:03:31] [Craft Scheduler Thread - 3/WARN]: 	at org.bukkit.craftbukkit.v1_8_R3.scheduler.CraftAsyncTask.run(CraftAsyncTask.java:53)
[00:03:31] [Craft Scheduler Thread - 3/WARN]: 	at org.github.paperspigot.ServerSchedulerReportingWrapper.run(ServerSchedulerReportingWrapper.java:23)
[00:03:31] [Craft Scheduler Thread - 3/WARN]: 	at java.util.concurrent.ThreadPoolExecutor.runWorker(ThreadPoolExecutor.java:1149)
[00:03:31] [Craft Scheduler Thread - 3/WARN]: 	at java.util.concurrent.ThreadPoolExecutor$Worker.run(ThreadPoolExecutor.java:624)
[00:03:31] [Craft Scheduler Thread - 3/WARN]: 	at java.lang.Thread.run(Thread.java:748)
[00:03:31] [Craft Scheduler Thread - 9/WARN]: java.lang.NullPointerException
[00:03:31] [Craft Scheduler Thread - 9/WARN]: 	at us.zonix.practice.board.adapter.PracticeBoard.getLobbyBoard(PracticeBoard.java:133)
[00:03:31] [Craft Scheduler Thread - 9/WARN]: 	at us.zonix.practice.board.adapter.PracticeBoard.getScoreboard(PracticeBoard.java:74)
[00:03:31] [Craft Scheduler Thread - 9/WARN]: 	at us.zonix.practice.board.BoardManager.run(BoardManager.java:42)
[00:03:31] [Craft Scheduler Thread - 9/WARN]: 	at org.bukkit.craftbukkit.v1_8_R3.scheduler.CraftTask.run(CraftTask.java:64)
[00:03:31] [Craft Scheduler Thread - 9/WARN]: 	at org.bukkit.craftbukkit.v1_8_R3.scheduler.CraftAsyncTask.run(CraftAsyncTask.java:53)
[00:03:31] [Craft Scheduler Thread - 9/WARN]: 	at org.github.paperspigot.ServerSchedulerReportingWrapper.run(ServerSchedulerReportingWrapper.java:23)
[00:03:31] [Craft Scheduler Thread - 9/WARN]: 	at java.util.concurrent.ThreadPoolExecutor.runWorker(ThreadPoolExecutor.java:1149)
[00:03:31] [Craft Scheduler Thread - 9/WARN]: 	at java.util.concurrent.ThreadPoolExecutor$Worker.run(ThreadPoolExecutor.java:624)
[00:03:31] [Craft Scheduler Thread - 9/WARN]: 	at java.lang.Thread.run(Thread.java:748)
[00:03:31] [Craft Scheduler Thread - 9/WARN]: java.lang.NullPointerException
[00:03:31] [Craft Scheduler Thread - 9/WARN]: 	at us.zonix.practice.board.adapter.PracticeBoard.getLobbyBoard(PracticeBoard.java:133)
[00:03:31] [Craft Scheduler Thread - 9/WARN]: 	at us.zonix.practice.board.adapter.PracticeBoard.getScoreboard(PracticeBoard.java:74)
[00:03:31] [Craft Scheduler Thread - 9/WARN]: 	at us.zonix.practice.board.BoardManager.run(BoardManager.java:42)
[00:03:31] [Craft Scheduler Thread - 9/WARN]: 	at org.bukkit.craftbukkit.v1_8_R3.scheduler.CraftTask.run(CraftTask.java:64)
[00:03:31] [Craft Scheduler Thread - 9/WARN]: 	at org.bukkit.craftbukkit.v1_8_R3.scheduler.CraftAsyncTask.run(CraftAsyncTask.java:53)
[00:03:31] [Craft Scheduler Thread - 9/WARN]: 	at org.github.paperspigot.ServerSchedulerReportingWrapper.run(ServerSchedulerReportingWrapper.java:23)
[00:03:31] [Craft Scheduler Thread - 9/WARN]: 	at java.util.concurrent.ThreadPoolExecutor.runWorker(ThreadPoolExecutor.java:1149)
[00:03:31] [Craft Scheduler Thread - 9/WARN]: 	at java.util.concurrent.ThreadPoolExecutor$Worker.run(ThreadPoolExecutor.java:624)
[00:03:31] [Craft Scheduler Thread - 9/WARN]: 	at java.lang.Thread.run(Thread.java:748)
[00:03:31] [Craft Scheduler Thread - 7/WARN]: java.lang.NullPointerException
[00:03:31] [Craft Scheduler Thread - 7/WARN]: 	at us.zonix.practice.board.adapter.PracticeBoard.getLobbyBoard(PracticeBoard.java:133)
[00:03:31] [Craft Scheduler Thread - 7/WARN]: 	at us.zonix.practice.board.adapter.PracticeBoard.getScoreboard(PracticeBoard.java:74)
[00:03:31] [Craft Scheduler Thread - 7/WARN]: 	at us.zonix.practice.board.BoardManager.run(BoardManager.java:42)
[00:03:31] [Craft Scheduler Thread - 7/WARN]: 	at org.bukkit.craftbukkit.v1_8_R3.scheduler.CraftTask.run(CraftTask.java:64)
[00:03:31] [Craft Scheduler Thread - 7/WARN]: 	at org.bukkit.craftbukkit.v1_8_R3.scheduler.CraftAsyncTask.run(CraftAsyncTask.java:53)
[00:03:31] [Craft Scheduler Thread - 7/WARN]: 	at org.github.paperspigot.ServerSchedulerReportingWrapper.run(ServerSchedulerReportingWrapper.java:23)
[00:03:31] [Craft Scheduler Thread - 7/WARN]: 	at java.util.concurrent.ThreadPoolExecutor.runWorker(ThreadPoolExecutor.java:1149)
[00:03:31] [Craft Scheduler Thread - 7/WARN]: 	at java.util.concurrent.ThreadPoolExecutor$Worker.run(ThreadPoolExecutor.java:624)
[00:03:31] [Craft Scheduler Thread - 7/WARN]: 	at java.lang.Thread.run(Thread.java:748)
[00:03:31] [Craft Scheduler Thread - 7/WARN]: java.lang.NullPointerException
[00:03:31] [Craft Scheduler Thread - 7/WARN]: 	at us.zonix.practice.board.adapter.PracticeBoard.getLobbyBoard(PracticeBoard.java:133)
[00:03:31] [Craft Scheduler Thread - 7/WARN]: 	at us.zonix.practice.board.adapter.PracticeBoard.getScoreboard(PracticeBoard.java:74)
[00:03:31] [Craft Scheduler Thread - 7/WARN]: 	at us.zonix.practice.board.BoardManager.run(BoardManager.java:42)
[00:03:31] [Craft Scheduler Thread - 7/WARN]: 	at org.bukkit.craftbukkit.v1_8_R3.scheduler.CraftTask.run(CraftTask.java:64)
[00:03:31] [Craft Scheduler Thread - 7/WARN]: 	at org.bukkit.craftbukkit.v1_8_R3.scheduler.CraftAsyncTask.run(CraftAsyncTask.java:53)
[00:03:31] [Craft Scheduler Thread - 7/WARN]: 	at org.github.paperspigot.ServerSchedulerReportingWrapper.run(ServerSchedulerReportingWrapper.java:23)
[00:03:31] [Craft Scheduler Thread - 7/WARN]: 	at java.util.concurrent.ThreadPoolExecutor.runWorker(ThreadPoolExecutor.java:1149)
[00:03:31] [Craft Scheduler Thread - 7/WARN]: 	at java.util.concurrent.ThreadPoolExecutor$Worker.run(ThreadPoolExecutor.java:624)
[00:03:31] [Craft Scheduler Thread - 7/WARN]: 	at java.lang.Thread.run(Thread.java:748)
[00:03:31] [Craft Scheduler Thread - 3/WARN]: java.lang.NullPointerException
[00:03:31] [Craft Scheduler Thread - 3/WARN]: 	at us.zonix.practice.board.adapter.PracticeBoard.getLobbyBoard(PracticeBoard.java:133)
[00:03:31] [Craft Scheduler Thread - 3/WARN]: 	at us.zonix.practice.board.adapter.PracticeBoard.getScoreboard(PracticeBoard.java:74)
[00:03:31] [Craft Scheduler Thread - 3/WARN]: 	at us.zonix.practice.board.BoardManager.run(BoardManager.java:42)
[00:03:31] [Craft Scheduler Thread - 3/WARN]: 	at org.bukkit.craftbukkit.v1_8_R3.scheduler.CraftTask.run(CraftTask.java:64)
[00:03:31] [Craft Scheduler Thread - 3/WARN]: 	at org.bukkit.craftbukkit.v1_8_R3.scheduler.CraftAsyncTask.run(CraftAsyncTask.java:53)
[00:03:31] [Craft Scheduler Thread - 3/WARN]: 	at org.github.paperspigot.ServerSchedulerReportingWrapper.run(ServerSchedulerReportingWrapper.java:23)
[00:03:31] [Craft Scheduler Thread - 3/WARN]: 	at java.util.concurrent.ThreadPoolExecutor.runWorker(ThreadPoolExecutor.java:1149)
[00:03:31] [Craft Scheduler Thread - 3/WARN]: 	at java.util.concurrent.ThreadPoolExecutor$Worker.run(ThreadPoolExecutor.java:624)
[00:03:31] [Craft Scheduler Thread - 3/WARN]: 	at java.lang.Thread.run(Thread.java:748)
[00:03:31] [Craft Scheduler Thread - 3/WARN]: java.lang.NullPointerException
[00:03:31] [Craft Scheduler Thread - 3/WARN]: 	at us.zonix.practice.board.adapter.PracticeBoard.getLobbyBoard(PracticeBoard.java:133)
[00:03:31] [Craft Scheduler Thread - 3/WARN]: 	at us.zonix.practice.board.adapter.PracticeBoard.getScoreboard(PracticeBoard.java:74)
[00:03:31] [Craft Scheduler Thread - 3/WARN]: 	at us.zonix.practice.board.BoardManager.run(BoardManager.java:42)
[00:03:31] [Craft Scheduler Thread - 3/WARN]: 	at org.bukkit.craftbukkit.v1_8_R3.scheduler.CraftTask.run(CraftTask.java:64)
[00:03:31] [Craft Scheduler Thread - 3/WARN]: 	at org.bukkit.craftbukkit.v1_8_R3.scheduler.CraftAsyncTask.run(CraftAsyncTask.java:53)
[00:03:31] [Craft Scheduler Thread - 3/WARN]: 	at org.github.paperspigot.ServerSchedulerReportingWrapper.run(ServerSchedulerReportingWrapper.java:23)
[00:03:31] [Craft Scheduler Thread - 3/WARN]: 	at java.util.concurrent.ThreadPoolExecutor.runWorker(ThreadPoolExecutor.java:1149)
[00:03:31] [Craft Scheduler Thread - 3/WARN]: 	at java.util.concurrent.ThreadPoolExecutor$Worker.run(ThreadPoolExecutor.java:624)
[00:03:31] [Craft Scheduler Thread - 3/WARN]: 	at java.lang.Thread.run(Thread.java:748)
[00:03:31] [Craft Scheduler Thread - 7/WARN]: java.lang.NullPointerException
[00:03:31] [Craft Scheduler Thread - 7/WARN]: 	at us.zonix.practice.board.adapter.PracticeBoard.getLobbyBoard(PracticeBoard.java:133)
[00:03:31] [Craft Scheduler Thread - 7/WARN]: 	at us.zonix.practice.board.adapter.PracticeBoard.getScoreboard(PracticeBoard.java:74)
[00:03:31] [Craft Scheduler Thread - 7/WARN]: 	at us.zonix.practice.board.BoardManager.run(BoardManager.java:42)
[00:03:31] [Craft Scheduler Thread - 7/WARN]: 	at org.bukkit.craftbukkit.v1_8_R3.scheduler.CraftTask.run(CraftTask.java:64)
[00:03:31] [Craft Scheduler Thread - 7/WARN]: 	at org.bukkit.craftbukkit.v1_8_R3.scheduler.CraftAsyncTask.run(CraftAsyncTask.java:53)
[00:03:31] [Craft Scheduler Thread - 7/WARN]: 	at org.github.paperspigot.ServerSchedulerReportingWrapper.run(ServerSchedulerReportingWrapper.java:23)
[00:03:31] [Craft Scheduler Thread - 7/WARN]: 	at java.util.concurrent.ThreadPoolExecutor.runWorker(ThreadPoolExecutor.java:1149)
[00:03:31] [Craft Scheduler Thread - 7/WARN]: 	at java.util.concurrent.ThreadPoolExecutor$Worker.run(ThreadPoolExecutor.java:624)
[00:03:31] [Craft Scheduler Thread - 7/WARN]: 	at java.lang.Thread.run(Thread.java:748)
[00:03:31] [Craft Scheduler Thread - 7/WARN]: java.lang.NullPointerException
[00:03:31] [Craft Scheduler Thread - 7/WARN]: 	at us.zonix.practice.board.adapter.PracticeBoard.getLobbyBoard(PracticeBoard.java:133)
[00:03:31] [Craft Scheduler Thread - 7/WARN]: 	at us.zonix.practice.board.adapter.PracticeBoard.getScoreboard(PracticeBoard.java:74)
[00:03:31] [Craft Scheduler Thread - 7/WARN]: 	at us.zonix.practice.board.BoardManager.run(BoardManager.java:42)
[00:03:31] [Craft Scheduler Thread - 7/WARN]: 	at org.bukkit.craftbukkit.v1_8_R3.scheduler.CraftTask.run(CraftTask.java:64)
[00:03:31] [Craft Scheduler Thread - 7/WARN]: 	at org.bukkit.craftbukkit.v1_8_R3.scheduler.CraftAsyncTask.run(CraftAsyncTask.java:53)
[00:03:31] [Craft Scheduler Thread - 7/WARN]: 	at org.github.paperspigot.ServerSchedulerReportingWrapper.run(ServerSchedulerReportingWrapper.java:23)
[00:03:31] [Craft Scheduler Thread - 7/WARN]: 	at java.util.concurrent.ThreadPoolExecutor.runWorker(ThreadPoolExecutor.java:1149)
[00:03:31] [Craft Scheduler Thread - 7/WARN]: 	at java.util.concurrent.ThreadPoolExecutor$Worker.run(ThreadPoolExecutor.java:624)
[00:03:31] [Craft Scheduler Thread - 7/WARN]: 	at java.lang.Thread.run(Thread.java:748)
[00:03:31] [Craft Scheduler Thread - 9/WARN]: java.lang.NullPointerException
[00:03:31] [Craft Scheduler Thread - 9/WARN]: 	at us.zonix.practice.board.adapter.PracticeBoard.getLobbyBoard(PracticeBoard.java:133)
[00:03:31] [Craft Scheduler Thread - 9/WARN]: 	at us.zonix.practice.board.adapter.PracticeBoard.getScoreboard(PracticeBoard.java:74)
[00:03:31] [Craft Scheduler Thread - 9/WARN]: 	at us.zonix.practice.board.BoardManager.run(BoardManager.java:42)
[00:03:31] [Craft Scheduler Thread - 9/WARN]: 	at org.bukkit.craftbukkit.v1_8_R3.scheduler.CraftTask.run(CraftTask.java:64)
[00:03:31] [Craft Scheduler Thread - 9/WARN]: 	at org.bukkit.craftbukkit.v1_8_R3.scheduler.CraftAsyncTask.run(CraftAsyncTask.java:53)
[00:03:31] [Craft Scheduler Thread - 9/WARN]: 	at org.github.paperspigot.ServerSchedulerReportingWrapper.run(ServerSchedulerReportingWrapper.java:23)
[00:03:31] [Craft Scheduler Thread - 9/WARN]: 	at java.util.concurrent.ThreadPoolExecutor.runWorker(ThreadPoolExecutor.java:1149)
[00:03:31] [Craft Scheduler Thread - 9/WARN]: 	at java.util.concurrent.ThreadPoolExecutor$Worker.run(ThreadPoolExecutor.java:624)
[00:03:31] [Craft Scheduler Thread - 9/WARN]: 	at java.lang.Thread.run(Thread.java:748)
[00:03:31] [Craft Scheduler Thread - 9/WARN]: java.lang.NullPointerException
[00:03:31] [Craft Scheduler Thread - 9/WARN]: 	at us.zonix.practice.board.adapter.PracticeBoard.getLobbyBoard(PracticeBoard.java:133)
[00:03:31] [Craft Scheduler Thread - 9/WARN]: 	at us.zonix.practice.board.adapter.PracticeBoard.getScoreboard(PracticeBoard.java:74)
[00:03:31] [Craft Scheduler Thread - 9/WARN]: 	at us.zonix.practice.board.BoardManager.run(BoardManager.java:42)
[00:03:31] [Craft Scheduler Thread - 9/WARN]: 	at org.bukkit.craftbukkit.v1_8_R3.scheduler.CraftTask.run(CraftTask.java:64)
[00:03:31] [Craft Scheduler Thread - 9/WARN]: 	at org.bukkit.craftbukkit.v1_8_R3.scheduler.CraftAsyncTask.run(CraftAsyncTask.java:53)
[00:03:31] [Craft Scheduler Thread - 9/WARN]: 	at org.github.paperspigot.ServerSchedulerReportingWrapper.run(ServerSchedulerReportingWrapper.java:23)
[00:03:31] [Craft Scheduler Thread - 9/WARN]: 	at java.util.concurrent.ThreadPoolExecutor.runWorker(ThreadPoolExecutor.java:1149)
[00:03:31] [Craft Scheduler Thread - 9/WARN]: 	at java.util.concurrent.ThreadPoolExecutor$Worker.run(ThreadPoolExecutor.java:624)
[00:03:31] [Craft Scheduler Thread - 9/WARN]: 	at java.lang.Thread.run(Thread.java:748)
[00:03:31] [Craft Scheduler Thread - 8/WARN]: java.lang.NullPointerException
[00:03:31] [Craft Scheduler Thread - 8/WARN]: 	at us.zonix.practice.board.adapter.PracticeBoard.getLobbyBoard(PracticeBoard.java:133)
[00:03:31] [Craft Scheduler Thread - 8/WARN]: 	at us.zonix.practice.board.adapter.PracticeBoard.getScoreboard(PracticeBoard.java:74)
[00:03:31] [Craft Scheduler Thread - 8/WARN]: 	at us.zonix.practice.board.BoardManager.run(BoardManager.java:42)
[00:03:31] [Craft Scheduler Thread - 8/WARN]: 	at org.bukkit.craftbukkit.v1_8_R3.scheduler.CraftTask.run(CraftTask.java:64)
[00:03:31] [Craft Scheduler Thread - 8/WARN]: 	at org.bukkit.craftbukkit.v1_8_R3.scheduler.CraftAsyncTask.run(CraftAsyncTask.java:53)
[00:03:31] [Craft Scheduler Thread - 8/WARN]: 	at org.github.paperspigot.ServerSchedulerReportingWrapper.run(ServerSchedulerReportingWrapper.java:23)
[00:03:31] [Craft Scheduler Thread - 8/WARN]: 	at java.util.concurrent.ThreadPoolExecutor.runWorker(ThreadPoolExecutor.java:1149)
[00:03:31] [Craft Scheduler Thread - 8/WARN]: 	at java.util.concurrent.ThreadPoolExecutor$Worker.run(ThreadPoolExecutor.java:624)
[00:03:31] [Craft Scheduler Thread - 8/WARN]: 	at java.lang.Thread.run(Thread.java:748)
[00:03:31] [Craft Scheduler Thread - 8/WARN]: java.lang.NullPointerException
[00:03:31] [Craft Scheduler Thread - 8/WARN]: 	at us.zonix.practice.board.adapter.PracticeBoard.getLobbyBoard(PracticeBoard.java:133)
[00:03:31] [Craft Scheduler Thread - 8/WARN]: 	at us.zonix.practice.board.adapter.PracticeBoard.getScoreboard(PracticeBoard.java:74)
[00:03:31] [Craft Scheduler Thread - 8/WARN]: 	at us.zonix.practice.board.BoardManager.run(BoardManager.java:42)
[00:03:31] [Craft Scheduler Thread - 8/WARN]: 	at org.bukkit.craftbukkit.v1_8_R3.scheduler.CraftTask.run(CraftTask.java:64)
[00:03:31] [Craft Scheduler Thread - 8/WARN]: 	at org.bukkit.craftbukkit.v1_8_R3.scheduler.CraftAsyncTask.run(CraftAsyncTask.java:53)
[00:03:31] [Craft Scheduler Thread - 8/WARN]: 	at org.github.paperspigot.ServerSchedulerReportingWrapper.run(ServerSchedulerReportingWrapper.java:23)
[00:03:31] [Craft Scheduler Thread - 8/WARN]: 	at java.util.concurrent.ThreadPoolExecutor.runWorker(ThreadPoolExecutor.java:1149)
[00:03:31] [Craft Scheduler Thread - 8/WARN]: 	at java.util.concurrent.ThreadPoolExecutor$Worker.run(ThreadPoolExecutor.java:624)
[00:03:31] [Craft Scheduler Thread - 8/WARN]: 	at java.lang.Thread.run(Thread.java:748)
[00:03:31] [Craft Scheduler Thread - 7/WARN]: java.lang.NullPointerException
[00:03:31] [Craft Scheduler Thread - 7/WARN]: 	at us.zonix.practice.board.adapter.PracticeBoard.getLobbyBoard(PracticeBoard.java:133)
[00:03:31] [Craft Scheduler Thread - 7/WARN]: 	at us.zonix.practice.board.adapter.PracticeBoard.getScoreboard(PracticeBoard.java:74)
[00:03:31] [Craft Scheduler Thread - 7/WARN]: 	at us.zonix.practice.board.BoardManager.run(BoardManager.java:42)
[00:03:31] [Craft Scheduler Thread - 7/WARN]: 	at org.bukkit.craftbukkit.v1_8_R3.scheduler.CraftTask.run(CraftTask.java:64)
[00:03:31] [Craft Scheduler Thread - 7/WARN]: 	at org.bukkit.craftbukkit.v1_8_R3.scheduler.CraftAsyncTask.run(CraftAsyncTask.java:53)
[00:03:31] [Craft Scheduler Thread - 7/WARN]: 	at org.github.paperspigot.ServerSchedulerReportingWrapper.run(ServerSchedulerReportingWrapper.java:23)
[00:03:31] [Craft Scheduler Thread - 7/WARN]: 	at java.util.concurrent.ThreadPoolExecutor.runWorker(ThreadPoolExecutor.java:1149)
[00:03:31] [Craft Scheduler Thread - 7/WARN]: 	at java.util.concurrent.ThreadPoolExecutor$Worker.run(ThreadPoolExecutor.java:624)
[00:03:31] [Craft Scheduler Thread - 7/WARN]: 	at java.lang.Thread.run(Thread.java:748)
[00:03:31] [Craft Scheduler Thread - 7/WARN]: java.lang.NullPointerException
[00:03:31] [Craft Scheduler Thread - 7/WARN]: 	at us.zonix.practice.board.adapter.PracticeBoard.getLobbyBoard(PracticeBoard.java:133)
[00:03:31] [Craft Scheduler Thread - 7/WARN]: 	at us.zonix.practice.board.adapter.PracticeBoard.getScoreboard(PracticeBoard.java:74)
[00:03:31] [Craft Scheduler Thread - 7/WARN]: 	at us.zonix.practice.board.BoardManager.run(BoardManager.java:42)
[00:03:31] [Craft Scheduler Thread - 7/WARN]: 	at org.bukkit.craftbukkit.v1_8_R3.scheduler.CraftTask.run(CraftTask.java:64)
[00:03:31] [Craft Scheduler Thread - 7/WARN]: 	at org.bukkit.craftbukkit.v1_8_R3.scheduler.CraftAsyncTask.run(CraftAsyncTask.java:53)
[00:03:31] [Craft Scheduler Thread - 7/WARN]: 	at org.github.paperspigot.ServerSchedulerReportingWrapper.run(ServerSchedulerReportingWrapper.java:23)
[00:03:31] [Craft Scheduler Thread - 7/WARN]: 	at java.util.concurrent.ThreadPoolExecutor.runWorker(ThreadPoolExecutor.java:1149)
[00:03:31] [Craft Scheduler Thread - 7/WARN]: 	at java.util.concurrent.ThreadPoolExecutor$Worker.run(ThreadPoolExecutor.java:624)
[00:03:31] [Craft Scheduler Thread - 7/WARN]: 	at java.lang.Thread.run(Thread.java:748)
[00:03:32] [Craft Scheduler Thread - 3/WARN]: java.lang.NullPointerException
[00:03:32] [Craft Scheduler Thread - 3/WARN]: 	at us.zonix.practice.board.adapter.PracticeBoard.getLobbyBoard(PracticeBoard.java:133)
[00:03:32] [Craft Scheduler Thread - 3/WARN]: 	at us.zonix.practice.board.adapter.PracticeBoard.getScoreboard(PracticeBoard.java:74)
[00:03:32] [Craft Scheduler Thread - 3/WARN]: 	at us.zonix.practice.board.BoardManager.run(BoardManager.java:42)
[00:03:32] [Craft Scheduler Thread - 3/WARN]: 	at org.bukkit.craftbukkit.v1_8_R3.scheduler.CraftTask.run(CraftTask.java:64)
[00:03:32] [Craft Scheduler Thread - 3/WARN]: 	at org.bukkit.craftbukkit.v1_8_R3.scheduler.CraftAsyncTask.run(CraftAsyncTask.java:53)
[00:03:32] [Craft Scheduler Thread - 3/WARN]: 	at org.github.paperspigot.ServerSchedulerReportingWrapper.run(ServerSchedulerReportingWrapper.java:23)
[00:03:32] [Craft Scheduler Thread - 3/WARN]: 	at java.util.concurrent.ThreadPoolExecutor.runWorker(ThreadPoolExecutor.java:1149)
[00:03:32] [Craft Scheduler Thread - 3/WARN]: 	at java.util.concurrent.ThreadPoolExecutor$Worker.run(ThreadPoolExecutor.java:624)
[00:03:32] [Craft Scheduler Thread - 3/WARN]: 	at java.lang.Thread.run(Thread.java:748)
[00:03:32] [Craft Scheduler Thread - 3/WARN]: java.lang.NullPointerException
[00:03:32] [Craft Scheduler Thread - 3/WARN]: 	at us.zonix.practice.board.adapter.PracticeBoard.getLobbyBoard(PracticeBoard.java:133)
[00:03:32] [Craft Scheduler Thread - 3/WARN]: 	at us.zonix.practice.board.adapter.PracticeBoard.getScoreboard(PracticeBoard.java:74)
[00:03:32] [Craft Scheduler Thread - 3/WARN]: 	at us.zonix.practice.board.BoardManager.run(BoardManager.java:42)
[00:03:32] [Craft Scheduler Thread - 3/WARN]: 	at org.bukkit.craftbukkit.v1_8_R3.scheduler.CraftTask.run(CraftTask.java:64)
[00:03:32] [Craft Scheduler Thread - 3/WARN]: 	at org.bukkit.craftbukkit.v1_8_R3.scheduler.CraftAsyncTask.run(CraftAsyncTask.java:53)
[00:03:32] [Craft Scheduler Thread - 3/WARN]: 	at org.github.paperspigot.ServerSchedulerReportingWrapper.run(ServerSchedulerReportingWrapper.java:23)
[00:03:32] [Craft Scheduler Thread - 3/WARN]: 	at java.util.concurrent.ThreadPoolExecutor.runWorker(ThreadPoolExecutor.java:1149)
[00:03:32] [Craft Scheduler Thread - 3/WARN]: 	at java.util.concurrent.ThreadPoolExecutor$Worker.run(ThreadPoolExecutor.java:624)
[00:03:32] [Craft Scheduler Thread - 3/WARN]: 	at java.lang.Thread.run(Thread.java:748)
[00:03:32] [Craft Scheduler Thread - 9/WARN]: java.lang.NullPointerException
[00:03:32] [Craft Scheduler Thread - 9/WARN]: 	at us.zonix.practice.board.adapter.PracticeBoard.getLobbyBoard(PracticeBoard.java:133)
[00:03:32] [Craft Scheduler Thread - 9/WARN]: 	at us.zonix.practice.board.adapter.PracticeBoard.getScoreboard(PracticeBoard.java:74)
[00:03:32] [Craft Scheduler Thread - 9/WARN]: 	at us.zonix.practice.board.BoardManager.run(BoardManager.java:42)
[00:03:32] [Craft Scheduler Thread - 9/WARN]: 	at org.bukkit.craftbukkit.v1_8_R3.scheduler.CraftTask.run(CraftTask.java:64)
[00:03:32] [Craft Scheduler Thread - 9/WARN]: 	at org.bukkit.craftbukkit.v1_8_R3.scheduler.CraftAsyncTask.run(CraftAsyncTask.java:53)
[00:03:32] [Craft Scheduler Thread - 9/WARN]: 	at org.github.paperspigot.ServerSchedulerReportingWrapper.run(ServerSchedulerReportingWrapper.java:23)
[00:03:32] [Craft Scheduler Thread - 9/WARN]: 	at java.util.concurrent.ThreadPoolExecutor.runWorker(ThreadPoolExecutor.java:1149)
[00:03:32] [Craft Scheduler Thread - 9/WARN]: 	at java.util.concurrent.ThreadPoolExecutor$Worker.run(ThreadPoolExecutor.java:624)
[00:03:32] [Craft Scheduler Thread - 9/WARN]: 	at java.lang.Thread.run(Thread.java:748)
[00:03:32] [Craft Scheduler Thread - 9/WARN]: java.lang.NullPointerException
[00:03:32] [Craft Scheduler Thread - 9/WARN]: 	at us.zonix.practice.board.adapter.PracticeBoard.getLobbyBoard(PracticeBoard.java:133)
[00:03:32] [Craft Scheduler Thread - 9/WARN]: 	at us.zonix.practice.board.adapter.PracticeBoard.getScoreboard(PracticeBoard.java:74)
[00:03:32] [Craft Scheduler Thread - 9/WARN]: 	at us.zonix.practice.board.BoardManager.run(BoardManager.java:42)
[00:03:32] [Craft Scheduler Thread - 9/WARN]: 	at org.bukkit.craftbukkit.v1_8_R3.scheduler.CraftTask.run(CraftTask.java:64)
[00:03:32] [Craft Scheduler Thread - 9/WARN]: 	at org.bukkit.craftbukkit.v1_8_R3.scheduler.CraftAsyncTask.run(CraftAsyncTask.java:53)
[00:03:32] [Craft Scheduler Thread - 9/WARN]: 	at org.github.paperspigot.ServerSchedulerReportingWrapper.run(ServerSchedulerReportingWrapper.java:23)
[00:03:32] [Craft Scheduler Thread - 9/WARN]: 	at java.util.concurrent.ThreadPoolExecutor.runWorker(ThreadPoolExecutor.java:1149)
[00:03:32] [Craft Scheduler Thread - 9/WARN]: 	at java.util.concurrent.ThreadPoolExecutor$Worker.run(ThreadPoolExecutor.java:624)
[00:03:32] [Craft Scheduler Thread - 9/WARN]: 	at java.lang.Thread.run(Thread.java:748)
[00:03:32] [Craft Scheduler Thread - 8/WARN]: java.lang.NullPointerException
[00:03:32] [Craft Scheduler Thread - 8/WARN]: 	at us.zonix.practice.board.adapter.PracticeBoard.getLobbyBoard(PracticeBoard.java:133)
[00:03:32] [Craft Scheduler Thread - 8/WARN]: 	at us.zonix.practice.board.adapter.PracticeBoard.getScoreboard(PracticeBoard.java:74)
[00:03:32] [Craft Scheduler Thread - 8/WARN]: 	at us.zonix.practice.board.BoardManager.run(BoardManager.java:42)
[00:03:32] [Craft Scheduler Thread - 8/WARN]: 	at org.bukkit.craftbukkit.v1_8_R3.scheduler.CraftTask.run(CraftTask.java:64)
[00:03:32] [Craft Scheduler Thread - 8/WARN]: 	at org.bukkit.craftbukkit.v1_8_R3.scheduler.CraftAsyncTask.run(CraftAsyncTask.java:53)
[00:03:32] [Craft Scheduler Thread - 8/WARN]: 	at org.github.paperspigot.ServerSchedulerReportingWrapper.run(ServerSchedulerReportingWrapper.java:23)
[00:03:32] [Craft Scheduler Thread - 8/WARN]: 	at java.util.concurrent.ThreadPoolExecutor.runWorker(ThreadPoolExecutor.java:1149)
[00:03:32] [Craft Scheduler Thread - 8/WARN]: 	at java.util.concurrent.ThreadPoolExecutor$Worker.run(ThreadPoolExecutor.java:624)
[00:03:32] [Craft Scheduler Thread - 8/WARN]: 	at java.lang.Thread.run(Thread.java:748)
[00:03:32] [Craft Scheduler Thread - 8/WARN]: java.lang.NullPointerException
[00:03:32] [Craft Scheduler Thread - 8/WARN]: 	at us.zonix.practice.board.adapter.PracticeBoard.getLobbyBoard(PracticeBoard.java:133)
[00:03:32] [Craft Scheduler Thread - 8/WARN]: 	at us.zonix.practice.board.adapter.PracticeBoard.getScoreboard(PracticeBoard.java:74)
[00:03:32] [Craft Scheduler Thread - 8/WARN]: 	at us.zonix.practice.board.BoardManager.run(BoardManager.java:42)
[00:03:32] [Craft Scheduler Thread - 8/WARN]: 	at org.bukkit.craftbukkit.v1_8_R3.scheduler.CraftTask.run(CraftTask.java:64)
[00:03:32] [Craft Scheduler Thread - 8/WARN]: 	at org.bukkit.craftbukkit.v1_8_R3.scheduler.CraftAsyncTask.run(CraftAsyncTask.java:53)
[00:03:32] [Craft Scheduler Thread - 8/WARN]: 	at org.github.paperspigot.ServerSchedulerReportingWrapper.run(ServerSchedulerReportingWrapper.java:23)
[00:03:32] [Craft Scheduler Thread - 8/WARN]: 	at java.util.concurrent.ThreadPoolExecutor.runWorker(ThreadPoolExecutor.java:1149)
[00:03:32] [Craft Scheduler Thread - 8/WARN]: 	at java.util.concurrent.ThreadPoolExecutor$Worker.run(ThreadPoolExecutor.java:624)
[00:03:32] [Craft Scheduler Thread - 8/WARN]: 	at java.lang.Thread.run(Thread.java:748)
[00:03:32] [Craft Scheduler Thread - 3/WARN]: java.lang.NullPointerException
[00:03:32] [Craft Scheduler Thread - 3/WARN]: 	at us.zonix.practice.board.adapter.PracticeBoard.getLobbyBoard(PracticeBoard.java:133)
[00:03:32] [Craft Scheduler Thread - 3/WARN]: 	at us.zonix.practice.board.adapter.PracticeBoard.getScoreboard(PracticeBoard.java:74)
[00:03:32] [Craft Scheduler Thread - 3/WARN]: 	at us.zonix.practice.board.BoardManager.run(BoardManager.java:42)
[00:03:32] [Craft Scheduler Thread - 3/WARN]: 	at org.bukkit.craftbukkit.v1_8_R3.scheduler.CraftTask.run(CraftTask.java:64)
[00:03:32] [Craft Scheduler Thread - 3/WARN]: 	at org.bukkit.craftbukkit.v1_8_R3.scheduler.CraftAsyncTask.run(CraftAsyncTask.java:53)
[00:03:32] [Craft Scheduler Thread - 3/WARN]: 	at org.github.paperspigot.ServerSchedulerReportingWrapper.run(ServerSchedulerReportingWrapper.java:23)
[00:03:32] [Craft Scheduler Thread - 3/WARN]: 	at java.util.concurrent.ThreadPoolExecutor.runWorker(ThreadPoolExecutor.java:1149)
[00:03:32] [Craft Scheduler Thread - 3/WARN]: 	at java.util.concurrent.ThreadPoolExecutor$Worker.run(ThreadPoolExecutor.java:624)
[00:03:32] [Craft Scheduler Thread - 3/WARN]: 	at java.lang.Thread.run(Thread.java:748)
[00:03:32] [Craft Scheduler Thread - 3/WARN]: java.lang.NullPointerException
[00:03:32] [Craft Scheduler Thread - 3/WARN]: 	at us.zonix.practice.board.adapter.PracticeBoard.getLobbyBoard(PracticeBoard.java:133)
[00:03:32] [Craft Scheduler Thread - 3/WARN]: 	at us.zonix.practice.board.adapter.PracticeBoard.getScoreboard(PracticeBoard.java:74)
[00:03:32] [Craft Scheduler Thread - 3/WARN]: 	at us.zonix.practice.board.BoardManager.run(BoardManager.java:42)
[00:03:32] [Craft Scheduler Thread - 3/WARN]: 	at org.bukkit.craftbukkit.v1_8_R3.scheduler.CraftTask.run(CraftTask.java:64)
[00:03:32] [Craft Scheduler Thread - 3/WARN]: 	at org.bukkit.craftbukkit.v1_8_R3.scheduler.CraftAsyncTask.run(CraftAsyncTask.java:53)
[00:03:32] [Craft Scheduler Thread - 3/WARN]: 	at org.github.paperspigot.ServerSchedulerReportingWrapper.run(ServerSchedulerReportingWrapper.java:23)
[00:03:32] [Craft Scheduler Thread - 3/WARN]: 	at java.util.concurrent.ThreadPoolExecutor.runWorker(ThreadPoolExecutor.java:1149)
[00:03:32] [Craft Scheduler Thread - 3/WARN]: 	at java.util.concurrent.ThreadPoolExecutor$Worker.run(ThreadPoolExecutor.java:624)
[00:03:32] [Craft Scheduler Thread - 3/WARN]: 	at java.lang.Thread.run(Thread.java:748)
[00:03:32] [Craft Scheduler Thread - 7/WARN]: java.lang.NullPointerException
[00:03:32] [Craft Scheduler Thread - 7/WARN]: 	at us.zonix.practice.board.adapter.PracticeBoard.getLobbyBoard(PracticeBoard.java:133)
[00:03:32] [Craft Scheduler Thread - 7/WARN]: 	at us.zonix.practice.board.adapter.PracticeBoard.getScoreboard(PracticeBoard.java:74)
[00:03:32] [Craft Scheduler Thread - 7/WARN]: 	at us.zonix.practice.board.BoardManager.run(BoardManager.java:42)
[00:03:32] [Craft Scheduler Thread - 7/WARN]: 	at org.bukkit.craftbukkit.v1_8_R3.scheduler.CraftTask.run(CraftTask.java:64)
[00:03:32] [Craft Scheduler Thread - 7/WARN]: 	at org.bukkit.craftbukkit.v1_8_R3.scheduler.CraftAsyncTask.run(CraftAsyncTask.java:53)
[00:03:32] [Craft Scheduler Thread - 7/WARN]: 	at org.github.paperspigot.ServerSchedulerReportingWrapper.run(ServerSchedulerReportingWrapper.java:23)
[00:03:32] [Craft Scheduler Thread - 7/WARN]: 	at java.util.concurrent.ThreadPoolExecutor.runWorker(ThreadPoolExecutor.java:1149)
[00:03:32] [Craft Scheduler Thread - 7/WARN]: 	at java.util.concurrent.ThreadPoolExecutor$Worker.run(ThreadPoolExecutor.java:624)
[00:03:32] [Craft Scheduler Thread - 7/WARN]: 	at java.lang.Thread.run(Thread.java:748)
[00:03:32] [Craft Scheduler Thread - 7/WARN]: java.lang.NullPointerException
[00:03:32] [Craft Scheduler Thread - 7/WARN]: 	at us.zonix.practice.board.adapter.PracticeBoard.getLobbyBoard(PracticeBoard.java:133)
[00:03:32] [Craft Scheduler Thread - 7/WARN]: 	at us.zonix.practice.board.adapter.PracticeBoard.getScoreboard(PracticeBoard.java:74)
[00:03:32] [Craft Scheduler Thread - 7/WARN]: 	at us.zonix.practice.board.BoardManager.run(BoardManager.java:42)
[00:03:32] [Craft Scheduler Thread - 7/WARN]: 	at org.bukkit.craftbukkit.v1_8_R3.scheduler.CraftTask.run(CraftTask.java:64)
[00:03:32] [Craft Scheduler Thread - 7/WARN]: 	at org.bukkit.craftbukkit.v1_8_R3.scheduler.CraftAsyncTask.run(CraftAsyncTask.java:53)
[00:03:32] [Craft Scheduler Thread - 7/WARN]: 	at org.github.paperspigot.ServerSchedulerReportingWrapper.run(ServerSchedulerReportingWrapper.java:23)
[00:03:32] [Craft Scheduler Thread - 7/WARN]: 	at java.util.concurrent.ThreadPoolExecutor.runWorker(ThreadPoolExecutor.java:1149)
[00:03:32] [Craft Scheduler Thread - 7/WARN]: 	at java.util.concurrent.ThreadPoolExecutor$Worker.run(ThreadPoolExecutor.java:624)
[00:03:32] [Craft Scheduler Thread - 7/WARN]: 	at java.lang.Thread.run(Thread.java:748)
[00:03:32] [Craft Scheduler Thread - 9/WARN]: java.lang.NullPointerException
[00:03:32] [Craft Scheduler Thread - 9/WARN]: 	at us.zonix.practice.board.adapter.PracticeBoard.getLobbyBoard(PracticeBoard.java:133)
[00:03:32] [Craft Scheduler Thread - 9/WARN]: 	at us.zonix.practice.board.adapter.PracticeBoard.getScoreboard(PracticeBoard.java:74)
[00:03:32] [Craft Scheduler Thread - 9/WARN]: 	at us.zonix.practice.board.BoardManager.run(BoardManager.java:42)
[00:03:32] [Craft Scheduler Thread - 9/WARN]: 	at org.bukkit.craftbukkit.v1_8_R3.scheduler.CraftTask.run(CraftTask.java:64)
[00:03:32] [Craft Scheduler Thread - 9/WARN]: 	at org.bukkit.craftbukkit.v1_8_R3.scheduler.CraftAsyncTask.run(CraftAsyncTask.java:53)
[00:03:32] [Craft Scheduler Thread - 9/WARN]: 	at org.github.paperspigot.ServerSchedulerReportingWrapper.run(ServerSchedulerReportingWrapper.java:23)
[00:03:32] [Craft Scheduler Thread - 9/WARN]: 	at java.util.concurrent.ThreadPoolExecutor.runWorker(ThreadPoolExecutor.java:1149)
[00:03:32] [Craft Scheduler Thread - 9/WARN]: 	at java.util.concurrent.ThreadPoolExecutor$Worker.run(ThreadPoolExecutor.java:624)
[00:03:32] [Craft Scheduler Thread - 9/WARN]: 	at java.lang.Thread.run(Thread.java:748)
[00:03:32] [Craft Scheduler Thread - 9/WARN]: java.lang.NullPointerException
[00:03:32] [Craft Scheduler Thread - 9/WARN]: 	at us.zonix.practice.board.adapter.PracticeBoard.getLobbyBoard(PracticeBoard.java:133)
[00:03:32] [Craft Scheduler Thread - 9/WARN]: 	at us.zonix.practice.board.adapter.PracticeBoard.getScoreboard(PracticeBoard.java:74)
[00:03:32] [Craft Scheduler Thread - 9/WARN]: 	at us.zonix.practice.board.BoardManager.run(BoardManager.java:42)
[00:03:32] [Craft Scheduler Thread - 9/WARN]: 	at org.bukkit.craftbukkit.v1_8_R3.scheduler.CraftTask.run(CraftTask.java:64)
[00:03:32] [Craft Scheduler Thread - 9/WARN]: 	at org.bukkit.craftbukkit.v1_8_R3.scheduler.CraftAsyncTask.run(CraftAsyncTask.java:53)
[00:03:32] [Craft Scheduler Thread - 9/WARN]: 	at org.github.paperspigot.ServerSchedulerReportingWrapper.run(ServerSchedulerReportingWrapper.java:23)
[00:03:32] [Craft Scheduler Thread - 9/WARN]: 	at java.util.concurrent.ThreadPoolExecutor.runWorker(ThreadPoolExecutor.java:1149)
[00:03:32] [Craft Scheduler Thread - 9/WARN]: 	at java.util.concurrent.ThreadPoolExecutor$Worker.run(ThreadPoolExecutor.java:624)
[00:03:32] [Craft Scheduler Thread - 9/WARN]: 	at java.lang.Thread.run(Thread.java:748)
[00:03:32] [Craft Scheduler Thread - 7/WARN]: java.lang.NullPointerException
[00:03:32] [Craft Scheduler Thread - 7/WARN]: 	at us.zonix.practice.board.adapter.PracticeBoard.getLobbyBoard(PracticeBoard.java:133)
[00:03:32] [Craft Scheduler Thread - 7/WARN]: 	at us.zonix.practice.board.adapter.PracticeBoard.getScoreboard(PracticeBoard.java:74)
[00:03:32] [Craft Scheduler Thread - 7/WARN]: 	at us.zonix.practice.board.BoardManager.run(BoardManager.java:42)
[00:03:32] [Craft Scheduler Thread - 7/WARN]: 	at org.bukkit.craftbukkit.v1_8_R3.scheduler.CraftTask.run(CraftTask.java:64)
[00:03:32] [Craft Scheduler Thread - 7/WARN]: 	at org.bukkit.craftbukkit.v1_8_R3.scheduler.CraftAsyncTask.run(CraftAsyncTask.java:53)
[00:03:32] [Craft Scheduler Thread - 7/WARN]: 	at org.github.paperspigot.ServerSchedulerReportingWrapper.run(ServerSchedulerReportingWrapper.java:23)
[00:03:32] [Craft Scheduler Thread - 7/WARN]: 	at java.util.concurrent.ThreadPoolExecutor.runWorker(ThreadPoolExecutor.java:1149)
[00:03:32] [Craft Scheduler Thread - 7/WARN]: 	at java.util.concurrent.ThreadPoolExecutor$Worker.run(ThreadPoolExecutor.java:624)
[00:03:32] [Craft Scheduler Thread - 7/WARN]: 	at java.lang.Thread.run(Thread.java:748)
[00:03:32] [Craft Scheduler Thread - 7/WARN]: java.lang.NullPointerException
[00:03:32] [Craft Scheduler Thread - 7/WARN]: 	at us.zonix.practice.board.adapter.PracticeBoard.getLobbyBoard(PracticeBoard.java:133)
[00:03:32] [Craft Scheduler Thread - 7/WARN]: 	at us.zonix.practice.board.adapter.PracticeBoard.getScoreboard(PracticeBoard.java:74)
[00:03:32] [Craft Scheduler Thread - 7/WARN]: 	at us.zonix.practice.board.BoardManager.run(BoardManager.java:42)
[00:03:32] [Craft Scheduler Thread - 7/WARN]: 	at org.bukkit.craftbukkit.v1_8_R3.scheduler.CraftTask.run(CraftTask.java:64)
[00:03:32] [Craft Scheduler Thread - 7/WARN]: 	at org.bukkit.craftbukkit.v1_8_R3.scheduler.CraftAsyncTask.run(CraftAsyncTask.java:53)
[00:03:32] [Craft Scheduler Thread - 7/WARN]: 	at org.github.paperspigot.ServerSchedulerReportingWrapper.run(ServerSchedulerReportingWrapper.java:23)
[00:03:32] [Craft Scheduler Thread - 7/WARN]: 	at java.util.concurrent.ThreadPoolExecutor.runWorker(ThreadPoolExecutor.java:1149)
[00:03:32] [Craft Scheduler Thread - 7/WARN]: 	at java.util.concurrent.ThreadPoolExecutor$Worker.run(ThreadPoolExecutor.java:624)
[00:03:32] [Craft Scheduler Thread - 7/WARN]: 	at java.lang.Thread.run(Thread.java:748)
[00:03:32] [Craft Scheduler Thread - 0/WARN]: java.lang.NullPointerException
[00:03:32] [Craft Scheduler Thread - 0/WARN]: 	at us.zonix.practice.board.adapter.PracticeBoard.getLobbyBoard(PracticeBoard.java:133)
[00:03:32] [Craft Scheduler Thread - 0/WARN]: 	at us.zonix.practice.board.adapter.PracticeBoard.getScoreboard(PracticeBoard.java:74)
[00:03:32] [Craft Scheduler Thread - 0/WARN]: 	at us.zonix.practice.board.BoardManager.run(BoardManager.java:42)
[00:03:32] [Craft Scheduler Thread - 0/WARN]: 	at org.bukkit.craftbukkit.v1_8_R3.scheduler.CraftTask.run(CraftTask.java:64)
[00:03:32] [Craft Scheduler Thread - 0/WARN]: 	at org.bukkit.craftbukkit.v1_8_R3.scheduler.CraftAsyncTask.run(CraftAsyncTask.java:53)
[00:03:32] [Craft Scheduler Thread - 0/WARN]: 	at org.github.paperspigot.ServerSchedulerReportingWrapper.run(ServerSchedulerReportingWrapper.java:23)
[00:03:32] [Craft Scheduler Thread - 0/WARN]: 	at java.util.concurrent.ThreadPoolExecutor.runWorker(ThreadPoolExecutor.java:1149)
[00:03:32] [Craft Scheduler Thread - 0/WARN]: 	at java.util.concurrent.ThreadPoolExecutor$Worker.run(ThreadPoolExecutor.java:624)
[00:03:32] [Craft Scheduler Thread - 0/WARN]: 	at java.lang.Thread.run(Thread.java:748)
[00:03:32] [Craft Scheduler Thread - 0/WARN]: java.lang.NullPointerException
[00:03:32] [Craft Scheduler Thread - 0/WARN]: 	at us.zonix.practice.board.adapter.PracticeBoard.getLobbyBoard(PracticeBoard.java:133)
[00:03:32] [Craft Scheduler Thread - 0/WARN]: 	at us.zonix.practice.board.adapter.PracticeBoard.getScoreboard(PracticeBoard.java:74)
[00:03:32] [Craft Scheduler Thread - 0/WARN]: 	at us.zonix.practice.board.BoardManager.run(BoardManager.java:42)
[00:03:32] [Craft Scheduler Thread - 0/WARN]: 	at org.bukkit.craftbukkit.v1_8_R3.scheduler.CraftTask.run(CraftTask.java:64)
[00:03:32] [Craft Scheduler Thread - 0/WARN]: 	at org.bukkit.craftbukkit.v1_8_R3.scheduler.CraftAsyncTask.run(CraftAsyncTask.java:53)
[00:03:32] [Craft Scheduler Thread - 0/WARN]: 	at org.github.paperspigot.ServerSchedulerReportingWrapper.run(ServerSchedulerReportingWrapper.java:23)
[00:03:32] [Craft Scheduler Thread - 0/WARN]: 	at java.util.concurrent.ThreadPoolExecutor.runWorker(ThreadPoolExecutor.java:1149)
[00:03:32] [Craft Scheduler Thread - 0/WARN]: 	at java.util.concurrent.ThreadPoolExecutor$Worker.run(ThreadPoolExecutor.java:624)
[00:03:32] [Craft Scheduler Thread - 0/WARN]: 	at java.lang.Thread.run(Thread.java:748)
[00:03:32] [Craft Scheduler Thread - 7/WARN]: java.lang.NullPointerException
[00:03:32] [Craft Scheduler Thread - 7/WARN]: 	at us.zonix.practice.board.adapter.PracticeBoard.getLobbyBoard(PracticeBoard.java:133)
[00:03:32] [Craft Scheduler Thread - 7/WARN]: 	at us.zonix.practice.board.adapter.PracticeBoard.getScoreboard(PracticeBoard.java:74)
[00:03:32] [Craft Scheduler Thread - 7/WARN]: 	at us.zonix.practice.board.BoardManager.run(BoardManager.java:42)
[00:03:32] [Craft Scheduler Thread - 7/WARN]: 	at org.bukkit.craftbukkit.v1_8_R3.scheduler.CraftTask.run(CraftTask.java:64)
[00:03:32] [Craft Scheduler Thread - 7/WARN]: 	at org.bukkit.craftbukkit.v1_8_R3.scheduler.CraftAsyncTask.run(CraftAsyncTask.java:53)
[00:03:32] [Craft Scheduler Thread - 7/WARN]: 	at org.github.paperspigot.ServerSchedulerReportingWrapper.run(ServerSchedulerReportingWrapper.java:23)
[00:03:32] [Craft Scheduler Thread - 7/WARN]: 	at java.util.concurrent.ThreadPoolExecutor.runWorker(ThreadPoolExecutor.java:1149)
[00:03:32] [Craft Scheduler Thread - 7/WARN]: 	at java.util.concurrent.ThreadPoolExecutor$Worker.run(ThreadPoolExecutor.java:624)
[00:03:32] [Craft Scheduler Thread - 7/WARN]: 	at java.lang.Thread.run(Thread.java:748)
[00:03:32] [Craft Scheduler Thread - 7/WARN]: java.lang.NullPointerException
[00:03:32] [Craft Scheduler Thread - 7/WARN]: 	at us.zonix.practice.board.adapter.PracticeBoard.getLobbyBoard(PracticeBoard.java:133)
[00:03:32] [Craft Scheduler Thread - 7/WARN]: 	at us.zonix.practice.board.adapter.PracticeBoard.getScoreboard(PracticeBoard.java:74)
[00:03:32] [Craft Scheduler Thread - 7/WARN]: 	at us.zonix.practice.board.BoardManager.run(BoardManager.java:42)
[00:03:32] [Craft Scheduler Thread - 7/WARN]: 	at org.bukkit.craftbukkit.v1_8_R3.scheduler.CraftTask.run(CraftTask.java:64)
[00:03:32] [Craft Scheduler Thread - 7/WARN]: 	at org.bukkit.craftbukkit.v1_8_R3.scheduler.CraftAsyncTask.run(CraftAsyncTask.java:53)
[00:03:32] [Craft Scheduler Thread - 7/WARN]: 	at org.github.paperspigot.ServerSchedulerReportingWrapper.run(ServerSchedulerReportingWrapper.java:23)
[00:03:32] [Craft Scheduler Thread - 7/WARN]: 	at java.util.concurrent.ThreadPoolExecutor.runWorker(ThreadPoolExecutor.java:1149)
[00:03:32] [Craft Scheduler Thread - 7/WARN]: 	at java.util.concurrent.ThreadPoolExecutor$Worker.run(ThreadPoolExecutor.java:624)
[00:03:32] [Craft Scheduler Thread - 7/WARN]: 	at java.lang.Thread.run(Thread.java:748)
[00:03:32] [Craft Scheduler Thread - 8/WARN]: java.lang.NullPointerException
[00:03:32] [Craft Scheduler Thread - 8/WARN]: 	at us.zonix.practice.board.adapter.PracticeBoard.getLobbyBoard(PracticeBoard.java:133)
[00:03:32] [Craft Scheduler Thread - 8/WARN]: 	at us.zonix.practice.board.adapter.PracticeBoard.getScoreboard(PracticeBoard.java:74)
[00:03:32] [Craft Scheduler Thread - 8/WARN]: 	at us.zonix.practice.board.BoardManager.run(BoardManager.java:42)
[00:03:32] [Craft Scheduler Thread - 8/WARN]: 	at org.bukkit.craftbukkit.v1_8_R3.scheduler.CraftTask.run(CraftTask.java:64)
[00:03:32] [Craft Scheduler Thread - 8/WARN]: 	at org.bukkit.craftbukkit.v1_8_R3.scheduler.CraftAsyncTask.run(CraftAsyncTask.java:53)
[00:03:32] [Craft Scheduler Thread - 8/WARN]: 	at org.github.paperspigot.ServerSchedulerReportingWrapper.run(ServerSchedulerReportingWrapper.java:23)
[00:03:32] [Craft Scheduler Thread - 8/WARN]: 	at java.util.concurrent.ThreadPoolExecutor.runWorker(ThreadPoolExecutor.java:1149)
[00:03:32] [Craft Scheduler Thread - 8/WARN]: 	at java.util.concurrent.ThreadPoolExecutor$Worker.run(ThreadPoolExecutor.java:624)
[00:03:32] [Craft Scheduler Thread - 8/WARN]: 	at java.lang.Thread.run(Thread.java:748)
[00:03:32] [Craft Scheduler Thread - 8/WARN]: java.lang.NullPointerException
[00:03:32] [Craft Scheduler Thread - 8/WARN]: 	at us.zonix.practice.board.adapter.PracticeBoard.getLobbyBoard(PracticeBoard.java:133)
[00:03:32] [Craft Scheduler Thread - 8/WARN]: 	at us.zonix.practice.board.adapter.PracticeBoard.getScoreboard(PracticeBoard.java:74)
[00:03:32] [Craft Scheduler Thread - 8/WARN]: 	at us.zonix.practice.board.BoardManager.run(BoardManager.java:42)
[00:03:32] [Craft Scheduler Thread - 8/WARN]: 	at org.bukkit.craftbukkit.v1_8_R3.scheduler.CraftTask.run(CraftTask.java:64)
[00:03:32] [Craft Scheduler Thread - 8/WARN]: 	at org.bukkit.craftbukkit.v1_8_R3.scheduler.CraftAsyncTask.run(CraftAsyncTask.java:53)
[00:03:32] [Craft Scheduler Thread - 8/WARN]: 	at org.github.paperspigot.ServerSchedulerReportingWrapper.run(ServerSchedulerReportingWrapper.java:23)
[00:03:32] [Craft Scheduler Thread - 8/WARN]: 	at java.util.concurrent.ThreadPoolExecutor.runWorker(ThreadPoolExecutor.java:1149)
[00:03:32] [Craft Scheduler Thread - 8/WARN]: 	at java.util.concurrent.ThreadPoolExecutor$Worker.run(ThreadPoolExecutor.java:624)
[00:03:32] [Craft Scheduler Thread - 8/WARN]: 	at java.lang.Thread.run(Thread.java:748)
[00:03:32] [Craft Scheduler Thread - 9/WARN]: java.lang.NullPointerException
[00:03:32] [Craft Scheduler Thread - 9/WARN]: 	at us.zonix.practice.board.adapter.PracticeBoard.getLobbyBoard(PracticeBoard.java:133)
[00:03:32] [Craft Scheduler Thread - 9/WARN]: 	at us.zonix.practice.board.adapter.PracticeBoard.getScoreboard(PracticeBoard.java:74)
[00:03:32] [Craft Scheduler Thread - 9/WARN]: 	at us.zonix.practice.board.BoardManager.run(BoardManager.java:42)
[00:03:32] [Craft Scheduler Thread - 9/WARN]: 	at org.bukkit.craftbukkit.v1_8_R3.scheduler.CraftTask.run(CraftTask.java:64)
[00:03:32] [Craft Scheduler Thread - 9/WARN]: 	at org.bukkit.craftbukkit.v1_8_R3.scheduler.CraftAsyncTask.run(CraftAsyncTask.java:53)
[00:03:32] [Craft Scheduler Thread - 9/WARN]: 	at org.github.paperspigot.ServerSchedulerReportingWrapper.run(ServerSchedulerReportingWrapper.java:23)
[00:03:32] [Craft Scheduler Thread - 9/WARN]: 	at java.util.concurrent.ThreadPoolExecutor.runWorker(ThreadPoolExecutor.java:1149)
[00:03:32] [Craft Scheduler Thread - 9/WARN]: 	at java.util.concurrent.ThreadPoolExecutor$Worker.run(ThreadPoolExecutor.java:624)
[00:03:32] [Craft Scheduler Thread - 9/WARN]: 	at java.lang.Thread.run(Thread.java:748)
[00:03:32] [Craft Scheduler Thread - 9/WARN]: java.lang.NullPointerException
[00:03:32] [Craft Scheduler Thread - 9/WARN]: 	at us.zonix.practice.board.adapter.PracticeBoard.getLobbyBoard(PracticeBoard.java:133)
[00:03:32] [Craft Scheduler Thread - 9/WARN]: 	at us.zonix.practice.board.adapter.PracticeBoard.getScoreboard(PracticeBoard.java:74)
[00:03:32] [Craft Scheduler Thread - 9/WARN]: 	at us.zonix.practice.board.BoardManager.run(BoardManager.java:42)
[00:03:32] [Craft Scheduler Thread - 9/WARN]: 	at org.bukkit.craftbukkit.v1_8_R3.scheduler.CraftTask.run(CraftTask.java:64)
[00:03:32] [Craft Scheduler Thread - 9/WARN]: 	at org.bukkit.craftbukkit.v1_8_R3.scheduler.CraftAsyncTask.run(CraftAsyncTask.java:53)
[00:03:32] [Craft Scheduler Thread - 9/WARN]: 	at org.github.paperspigot.ServerSchedulerReportingWrapper.run(ServerSchedulerReportingWrapper.java:23)
[00:03:32] [Craft Scheduler Thread - 9/WARN]: 	at java.util.concurrent.ThreadPoolExecutor.runWorker(ThreadPoolExecutor.java:1149)
[00:03:32] [Craft Scheduler Thread - 9/WARN]: 	at java.util.concurrent.ThreadPoolExecutor$Worker.run(ThreadPoolExecutor.java:624)
[00:03:32] [Craft Scheduler Thread - 9/WARN]: 	at java.lang.Thread.run(Thread.java:748)
[00:03:32] [Craft Scheduler Thread - 7/WARN]: java.lang.NullPointerException
[00:03:32] [Craft Scheduler Thread - 7/WARN]: 	at us.zonix.practice.board.adapter.PracticeBoard.getLobbyBoard(PracticeBoard.java:133)
[00:03:32] [Craft Scheduler Thread - 7/WARN]: 	at us.zonix.practice.board.adapter.PracticeBoard.getScoreboard(PracticeBoard.java:74)
[00:03:32] [Craft Scheduler Thread - 7/WARN]: 	at us.zonix.practice.board.BoardManager.run(BoardManager.java:42)
[00:03:32] [Craft Scheduler Thread - 7/WARN]: 	at org.bukkit.craftbukkit.v1_8_R3.scheduler.CraftTask.run(CraftTask.java:64)
[00:03:32] [Craft Scheduler Thread - 7/WARN]: 	at org.bukkit.craftbukkit.v1_8_R3.scheduler.CraftAsyncTask.run(CraftAsyncTask.java:53)
[00:03:32] [Craft Scheduler Thread - 7/WARN]: 	at org.github.paperspigot.ServerSchedulerReportingWrapper.run(ServerSchedulerReportingWrapper.java:23)
[00:03:32] [Craft Scheduler Thread - 7/WARN]: 	at java.util.concurrent.ThreadPoolExecutor.runWorker(ThreadPoolExecutor.java:1149)
[00:03:32] [Craft Scheduler Thread - 7/WARN]: 	at java.util.concurrent.ThreadPoolExecutor$Worker.run(ThreadPoolExecutor.java:624)
[00:03:32] [Craft Scheduler Thread - 7/WARN]: 	at java.lang.Thread.run(Thread.java:748)
[00:03:32] [Craft Scheduler Thread - 7/WARN]: java.lang.NullPointerException
[00:03:32] [Craft Scheduler Thread - 7/WARN]: 	at us.zonix.practice.board.adapter.PracticeBoard.getLobbyBoard(PracticeBoard.java:133)
[00:03:32] [Craft Scheduler Thread - 7/WARN]: 	at us.zonix.practice.board.adapter.PracticeBoard.getScoreboard(PracticeBoard.java:74)
[00:03:32] [Craft Scheduler Thread - 7/WARN]: 	at us.zonix.practice.board.BoardManager.run(BoardManager.java:42)
[00:03:32] [Craft Scheduler Thread - 7/WARN]: 	at org.bukkit.craftbukkit.v1_8_R3.scheduler.CraftTask.run(CraftTask.java:64)
[00:03:32] [Craft Scheduler Thread - 7/WARN]: 	at org.bukkit.craftbukkit.v1_8_R3.scheduler.CraftAsyncTask.run(CraftAsyncTask.java:53)
[00:03:32] [Craft Scheduler Thread - 7/WARN]: 	at org.github.paperspigot.ServerSchedulerReportingWrapper.run(ServerSchedulerReportingWrapper.java:23)
[00:03:32] [Craft Scheduler Thread - 7/WARN]: 	at java.util.concurrent.ThreadPoolExecutor.runWorker(ThreadPoolExecutor.java:1149)
[00:03:32] [Craft Scheduler Thread - 7/WARN]: 	at java.util.concurrent.ThreadPoolExecutor$Worker.run(ThreadPoolExecutor.java:624)
[00:03:32] [Craft Scheduler Thread - 7/WARN]: 	at java.lang.Thread.run(Thread.java:748)
[00:03:32] [Craft Scheduler Thread - 4/WARN]: java.lang.NullPointerException
[00:03:32] [Craft Scheduler Thread - 4/WARN]: 	at us.zonix.practice.board.adapter.PracticeBoard.getLobbyBoard(PracticeBoard.java:133)
[00:03:32] [Craft Scheduler Thread - 4/WARN]: 	at us.zonix.practice.board.adapter.PracticeBoard.getScoreboard(PracticeBoard.java:74)
[00:03:32] [Craft Scheduler Thread - 4/WARN]: 	at us.zonix.practice.board.BoardManager.run(BoardManager.java:42)
[00:03:32] [Craft Scheduler Thread - 4/WARN]: 	at org.bukkit.craftbukkit.v1_8_R3.scheduler.CraftTask.run(CraftTask.java:64)
[00:03:32] [Craft Scheduler Thread - 4/WARN]: 	at org.bukkit.craftbukkit.v1_8_R3.scheduler.CraftAsyncTask.run(CraftAsyncTask.java:53)
[00:03:32] [Craft Scheduler Thread - 4/WARN]: 	at org.github.paperspigot.ServerSchedulerReportingWrapper.run(ServerSchedulerReportingWrapper.java:23)
[00:03:32] [Craft Scheduler Thread - 4/WARN]: 	at java.util.concurrent.ThreadPoolExecutor.runWorker(ThreadPoolExecutor.java:1149)
[00:03:32] [Craft Scheduler Thread - 4/WARN]: 	at java.util.concurrent.ThreadPoolExecutor$Worker.run(ThreadPoolExecutor.java:624)
[00:03:32] [Craft Scheduler Thread - 4/WARN]: 	at java.lang.Thread.run(Thread.java:748)
[00:03:32] [Craft Scheduler Thread - 4/WARN]: java.lang.NullPointerException
[00:03:32] [Craft Scheduler Thread - 4/WARN]: 	at us.zonix.practice.board.adapter.PracticeBoard.getLobbyBoard(PracticeBoard.java:133)
[00:03:32] [Craft Scheduler Thread - 4/WARN]: 	at us.zonix.practice.board.adapter.PracticeBoard.getScoreboard(PracticeBoard.java:74)
[00:03:32] [Craft Scheduler Thread - 4/WARN]: 	at us.zonix.practice.board.BoardManager.run(BoardManager.java:42)
[00:03:32] [Craft Scheduler Thread - 4/WARN]: 	at org.bukkit.craftbukkit.v1_8_R3.scheduler.CraftTask.run(CraftTask.java:64)
[00:03:32] [Craft Scheduler Thread - 4/WARN]: 	at org.bukkit.craftbukkit.v1_8_R3.scheduler.CraftAsyncTask.run(CraftAsyncTask.java:53)
[00:03:32] [Craft Scheduler Thread - 4/WARN]: 	at org.github.paperspigot.ServerSchedulerReportingWrapper.run(ServerSchedulerReportingWrapper.java:23)
[00:03:32] [Craft Scheduler Thread - 4/WARN]: 	at java.util.concurrent.ThreadPoolExecutor.runWorker(ThreadPoolExecutor.java:1149)
[00:03:32] [Craft Scheduler Thread - 4/WARN]: 	at java.util.concurrent.ThreadPoolExecutor$Worker.run(ThreadPoolExecutor.java:624)
[00:03:32] [Craft Scheduler Thread - 4/WARN]: 	at java.lang.Thread.run(Thread.java:748)
[00:03:32] [Craft Scheduler Thread - 9/WARN]: java.lang.NullPointerException
[00:03:32] [Craft Scheduler Thread - 9/WARN]: 	at us.zonix.practice.board.adapter.PracticeBoard.getLobbyBoard(PracticeBoard.java:133)
[00:03:32] [Craft Scheduler Thread - 9/WARN]: 	at us.zonix.practice.board.adapter.PracticeBoard.getScoreboard(PracticeBoard.java:74)
[00:03:32] [Craft Scheduler Thread - 9/WARN]: 	at us.zonix.practice.board.BoardManager.run(BoardManager.java:42)
[00:03:32] [Craft Scheduler Thread - 9/WARN]: 	at org.bukkit.craftbukkit.v1_8_R3.scheduler.CraftTask.run(CraftTask.java:64)
[00:03:32] [Craft Scheduler Thread - 9/WARN]: 	at org.bukkit.craftbukkit.v1_8_R3.scheduler.CraftAsyncTask.run(CraftAsyncTask.java:53)
[00:03:32] [Craft Scheduler Thread - 9/WARN]: 	at org.github.paperspigot.ServerSchedulerReportingWrapper.run(ServerSchedulerReportingWrapper.java:23)
[00:03:32] [Craft Scheduler Thread - 9/WARN]: 	at java.util.concurrent.ThreadPoolExecutor.runWorker(ThreadPoolExecutor.java:1149)
[00:03:32] [Craft Scheduler Thread - 9/WARN]: 	at java.util.concurrent.ThreadPoolExecutor$Worker.run(ThreadPoolExecutor.java:624)
[00:03:32] [Craft Scheduler Thread - 9/WARN]: 	at java.lang.Thread.run(Thread.java:748)
[00:03:32] [Craft Scheduler Thread - 9/WARN]: java.lang.NullPointerException
[00:03:32] [Craft Scheduler Thread - 9/WARN]: 	at us.zonix.practice.board.adapter.PracticeBoard.getLobbyBoard(PracticeBoard.java:133)
[00:03:32] [Craft Scheduler Thread - 9/WARN]: 	at us.zonix.practice.board.adapter.PracticeBoard.getScoreboard(PracticeBoard.java:74)
[00:03:32] [Craft Scheduler Thread - 9/WARN]: 	at us.zonix.practice.board.BoardManager.run(BoardManager.java:42)
[00:03:32] [Craft Scheduler Thread - 9/WARN]: 	at org.bukkit.craftbukkit.v1_8_R3.scheduler.CraftTask.run(CraftTask.java:64)
[00:03:32] [Craft Scheduler Thread - 9/WARN]: 	at org.bukkit.craftbukkit.v1_8_R3.scheduler.CraftAsyncTask.run(CraftAsyncTask.java:53)
[00:03:32] [Craft Scheduler Thread - 9/WARN]: 	at org.github.paperspigot.ServerSchedulerReportingWrapper.run(ServerSchedulerReportingWrapper.java:23)
[00:03:32] [Craft Scheduler Thread - 9/WARN]: 	at java.util.concurrent.ThreadPoolExecutor.runWorker(ThreadPoolExecutor.java:1149)
[00:03:32] [Craft Scheduler Thread - 9/WARN]: 	at java.util.concurrent.ThreadPoolExecutor$Worker.run(ThreadPoolExecutor.java:624)
[00:03:32] [Craft Scheduler Thread - 9/WARN]: 	at java.lang.Thread.run(Thread.java:748)
[00:03:32] [Craft Scheduler Thread - 7/WARN]: java.lang.NullPointerException
[00:03:32] [Craft Scheduler Thread - 7/WARN]: 	at us.zonix.practice.board.adapter.PracticeBoard.getLobbyBoard(PracticeBoard.java:133)
[00:03:32] [Craft Scheduler Thread - 7/WARN]: 	at us.zonix.practice.board.adapter.PracticeBoard.getScoreboard(PracticeBoard.java:74)
[00:03:32] [Craft Scheduler Thread - 7/WARN]: 	at us.zonix.practice.board.BoardManager.run(BoardManager.java:42)
[00:03:32] [Craft Scheduler Thread - 7/WARN]: 	at org.bukkit.craftbukkit.v1_8_R3.scheduler.CraftTask.run(CraftTask.java:64)
[00:03:32] [Craft Scheduler Thread - 7/WARN]: 	at org.bukkit.craftbukkit.v1_8_R3.scheduler.CraftAsyncTask.run(CraftAsyncTask.java:53)
[00:03:32] [Craft Scheduler Thread - 7/WARN]: 	at org.github.paperspigot.ServerSchedulerReportingWrapper.run(ServerSchedulerReportingWrapper.java:23)
[00:03:32] [Craft Scheduler Thread - 7/WARN]: 	at java.util.concurrent.ThreadPoolExecutor.runWorker(ThreadPoolExecutor.java:1149)
[00:03:32] [Craft Scheduler Thread - 7/WARN]: 	at java.util.concurrent.ThreadPoolExecutor$Worker.run(ThreadPoolExecutor.java:624)
[00:03:32] [Craft Scheduler Thread - 7/WARN]: 	at java.lang.Thread.run(Thread.java:748)
[00:03:32] [Craft Scheduler Thread - 7/WARN]: java.lang.NullPointerException
[00:03:32] [Craft Scheduler Thread - 7/WARN]: 	at us.zonix.practice.board.adapter.PracticeBoard.getLobbyBoard(PracticeBoard.java:133)
[00:03:32] [Craft Scheduler Thread - 7/WARN]: 	at us.zonix.practice.board.adapter.PracticeBoard.getScoreboard(PracticeBoard.java:74)
[00:03:32] [Craft Scheduler Thread - 7/WARN]: 	at us.zonix.practice.board.BoardManager.run(BoardManager.java:42)
[00:03:32] [Craft Scheduler Thread - 7/WARN]: 	at org.bukkit.craftbukkit.v1_8_R3.scheduler.CraftTask.run(CraftTask.java:64)
[00:03:32] [Craft Scheduler Thread - 7/WARN]: 	at org.bukkit.craftbukkit.v1_8_R3.scheduler.CraftAsyncTask.run(CraftAsyncTask.java:53)
[00:03:32] [Craft Scheduler Thread - 7/WARN]: 	at org.github.paperspigot.ServerSchedulerReportingWrapper.run(ServerSchedulerReportingWrapper.java:23)
[00:03:32] [Craft Scheduler Thread - 7/WARN]: 	at java.util.concurrent.ThreadPoolExecutor.runWorker(ThreadPoolExecutor.java:1149)
[00:03:32] [Craft Scheduler Thread - 7/WARN]: 	at java.util.concurrent.ThreadPoolExecutor$Worker.run(ThreadPoolExecutor.java:624)
[00:03:32] [Craft Scheduler Thread - 7/WARN]: 	at java.lang.Thread.run(Thread.java:748)
[00:03:32] [Craft Scheduler Thread - 8/WARN]: java.lang.NullPointerException
[00:03:32] [Craft Scheduler Thread - 8/WARN]: 	at us.zonix.practice.board.adapter.PracticeBoard.getLobbyBoard(PracticeBoard.java:133)
[00:03:32] [Craft Scheduler Thread - 8/WARN]: 	at us.zonix.practice.board.adapter.PracticeBoard.getScoreboard(PracticeBoard.java:74)
[00:03:32] [Craft Scheduler Thread - 8/WARN]: 	at us.zonix.practice.board.BoardManager.run(BoardManager.java:42)
[00:03:32] [Craft Scheduler Thread - 8/WARN]: 	at org.bukkit.craftbukkit.v1_8_R3.scheduler.CraftTask.run(CraftTask.java:64)
[00:03:32] [Craft Scheduler Thread - 8/WARN]: 	at org.bukkit.craftbukkit.v1_8_R3.scheduler.CraftAsyncTask.run(CraftAsyncTask.java:53)
[00:03:32] [Craft Scheduler Thread - 8/WARN]: 	at org.github.paperspigot.ServerSchedulerReportingWrapper.run(ServerSchedulerReportingWrapper.java:23)
[00:03:32] [Craft Scheduler Thread - 8/WARN]: 	at java.util.concurrent.ThreadPoolExecutor.runWorker(ThreadPoolExecutor.java:1149)
[00:03:32] [Craft Scheduler Thread - 8/WARN]: 	at java.util.concurrent.ThreadPoolExecutor$Worker.run(ThreadPoolExecutor.java:624)
[00:03:32] [Craft Scheduler Thread - 8/WARN]: 	at java.lang.Thread.run(Thread.java:748)
[00:03:32] [Craft Scheduler Thread - 8/WARN]: java.lang.NullPointerException
[00:03:32] [Craft Scheduler Thread - 8/WARN]: 	at us.zonix.practice.board.adapter.PracticeBoard.getLobbyBoard(PracticeBoard.java:133)
[00:03:32] [Craft Scheduler Thread - 8/WARN]: 	at us.zonix.practice.board.adapter.PracticeBoard.getScoreboard(PracticeBoard.java:74)
[00:03:32] [Craft Scheduler Thread - 8/WARN]: 	at us.zonix.practice.board.BoardManager.run(BoardManager.java:42)
[00:03:32] [Craft Scheduler Thread - 8/WARN]: 	at org.bukkit.craftbukkit.v1_8_R3.scheduler.CraftTask.run(CraftTask.java:64)
[00:03:32] [Craft Scheduler Thread - 8/WARN]: 	at org.bukkit.craftbukkit.v1_8_R3.scheduler.CraftAsyncTask.run(CraftAsyncTask.java:53)
[00:03:32] [Craft Scheduler Thread - 8/WARN]: 	at org.github.paperspigot.ServerSchedulerReportingWrapper.run(ServerSchedulerReportingWrapper.java:23)
[00:03:32] [Craft Scheduler Thread - 8/WARN]: 	at java.util.concurrent.ThreadPoolExecutor.runWorker(ThreadPoolExecutor.java:1149)
[00:03:32] [Craft Scheduler Thread - 8/WARN]: 	at java.util.concurrent.ThreadPoolExecutor$Worker.run(ThreadPoolExecutor.java:624)
[00:03:32] [Craft Scheduler Thread - 8/WARN]: 	at java.lang.Thread.run(Thread.java:748)
[00:03:32] [Craft Scheduler Thread - 4/WARN]: java.lang.NullPointerException
[00:03:32] [Craft Scheduler Thread - 4/WARN]: 	at us.zonix.practice.board.adapter.PracticeBoard.getLobbyBoard(PracticeBoard.java:133)
[00:03:32] [Craft Scheduler Thread - 4/WARN]: 	at us.zonix.practice.board.adapter.PracticeBoard.getScoreboard(PracticeBoard.java:74)
[00:03:32] [Craft Scheduler Thread - 4/WARN]: 	at us.zonix.practice.board.BoardManager.run(BoardManager.java:42)
[00:03:32] [Craft Scheduler Thread - 4/WARN]: 	at org.bukkit.craftbukkit.v1_8_R3.scheduler.CraftTask.run(CraftTask.java:64)
[00:03:32] [Craft Scheduler Thread - 4/WARN]: 	at org.bukkit.craftbukkit.v1_8_R3.scheduler.CraftAsyncTask.run(CraftAsyncTask.java:53)
[00:03:32] [Craft Scheduler Thread - 4/WARN]: 	at org.github.paperspigot.ServerSchedulerReportingWrapper.run(ServerSchedulerReportingWrapper.java:23)
[00:03:32] [Craft Scheduler Thread - 4/WARN]: 	at java.util.concurrent.ThreadPoolExecutor.runWorker(ThreadPoolExecutor.java:1149)
[00:03:32] [Craft Scheduler Thread - 4/WARN]: 	at java.util.concurrent.ThreadPoolExecutor$Worker.run(ThreadPoolExecutor.java:624)
[00:03:32] [Craft Scheduler Thread - 4/WARN]: 	at java.lang.Thread.run(Thread.java:748)
[00:03:32] [Craft Scheduler Thread - 4/WARN]: java.lang.NullPointerException
[00:03:32] [Craft Scheduler Thread - 4/WARN]: 	at us.zonix.practice.board.adapter.PracticeBoard.getLobbyBoard(PracticeBoard.java:133)
[00:03:32] [Craft Scheduler Thread - 4/WARN]: 	at us.zonix.practice.board.adapter.PracticeBoard.getScoreboard(PracticeBoard.java:74)
[00:03:32] [Craft Scheduler Thread - 4/WARN]: 	at us.zonix.practice.board.BoardManager.run(BoardManager.java:42)
[00:03:32] [Craft Scheduler Thread - 4/WARN]: 	at org.bukkit.craftbukkit.v1_8_R3.scheduler.CraftTask.run(CraftTask.java:64)
[00:03:32] [Craft Scheduler Thread - 4/WARN]: 	at org.bukkit.craftbukkit.v1_8_R3.scheduler.CraftAsyncTask.run(CraftAsyncTask.java:53)
[00:03:32] [Craft Scheduler Thread - 4/WARN]: 	at org.github.paperspigot.ServerSchedulerReportingWrapper.run(ServerSchedulerReportingWrapper.java:23)
[00:03:32] [Craft Scheduler Thread - 4/WARN]: 	at java.util.concurrent.ThreadPoolExecutor.runWorker(ThreadPoolExecutor.java:1149)
[00:03:32] [Craft Scheduler Thread - 4/WARN]: 	at java.util.concurrent.ThreadPoolExecutor$Worker.run(ThreadPoolExecutor.java:624)
[00:03:32] [Craft Scheduler Thread - 4/WARN]: 	at java.lang.Thread.run(Thread.java:748)
[00:03:32] [Craft Scheduler Thread - 7/WARN]: java.lang.NullPointerException
[00:03:32] [Craft Scheduler Thread - 7/WARN]: 	at us.zonix.practice.board.adapter.PracticeBoard.getLobbyBoard(PracticeBoard.java:133)
[00:03:32] [Craft Scheduler Thread - 7/WARN]: 	at us.zonix.practice.board.adapter.PracticeBoard.getScoreboard(PracticeBoard.java:74)
[00:03:32] [Craft Scheduler Thread - 7/WARN]: 	at us.zonix.practice.board.BoardManager.run(BoardManager.java:42)
[00:03:32] [Craft Scheduler Thread - 7/WARN]: 	at org.bukkit.craftbukkit.v1_8_R3.scheduler.CraftTask.run(CraftTask.java:64)
[00:03:32] [Craft Scheduler Thread - 7/WARN]: 	at org.bukkit.craftbukkit.v1_8_R3.scheduler.CraftAsyncTask.run(CraftAsyncTask.java:53)
[00:03:32] [Craft Scheduler Thread - 7/WARN]: 	at org.github.paperspigot.ServerSchedulerReportingWrapper.run(ServerSchedulerReportingWrapper.java:23)
[00:03:32] [Craft Scheduler Thread - 7/WARN]: 	at java.util.concurrent.ThreadPoolExecutor.runWorker(ThreadPoolExecutor.java:1149)
[00:03:32] [Craft Scheduler Thread - 7/WARN]: 	at java.util.concurrent.ThreadPoolExecutor$Worker.run(ThreadPoolExecutor.java:624)
[00:03:32] [Craft Scheduler Thread - 7/WARN]: 	at java.lang.Thread.run(Thread.java:748)
[00:03:32] [Craft Scheduler Thread - 7/WARN]: java.lang.NullPointerException
[00:03:32] [Craft Scheduler Thread - 7/WARN]: 	at us.zonix.practice.board.adapter.PracticeBoard.getLobbyBoard(PracticeBoard.java:133)
[00:03:32] [Craft Scheduler Thread - 7/WARN]: 	at us.zonix.practice.board.adapter.PracticeBoard.getScoreboard(PracticeBoard.java:74)
[00:03:32] [Craft Scheduler Thread - 7/WARN]: 	at us.zonix.practice.board.BoardManager.run(BoardManager.java:42)
[00:03:32] [Craft Scheduler Thread - 7/WARN]: 	at org.bukkit.craftbukkit.v1_8_R3.scheduler.CraftTask.run(CraftTask.java:64)
[00:03:32] [Craft Scheduler Thread - 7/WARN]: 	at org.bukkit.craftbukkit.v1_8_R3.scheduler.CraftAsyncTask.run(CraftAsyncTask.java:53)
[00:03:32] [Craft Scheduler Thread - 7/WARN]: 	at org.github.paperspigot.ServerSchedulerReportingWrapper.run(ServerSchedulerReportingWrapper.java:23)
[00:03:32] [Craft Scheduler Thread - 7/WARN]: 	at java.util.concurrent.ThreadPoolExecutor.runWorker(ThreadPoolExecutor.java:1149)
[00:03:32] [Craft Scheduler Thread - 7/WARN]: 	at java.util.concurrent.ThreadPoolExecutor$Worker.run(ThreadPoolExecutor.java:624)
[00:03:32] [Craft Scheduler Thread - 7/WARN]: 	at java.lang.Thread.run(Thread.java:748)
[00:03:32] [Craft Scheduler Thread - 4/WARN]: java.lang.NullPointerException
[00:03:32] [Craft Scheduler Thread - 4/WARN]: 	at us.zonix.practice.board.adapter.PracticeBoard.getLobbyBoard(PracticeBoard.java:133)
[00:03:32] [Craft Scheduler Thread - 4/WARN]: 	at us.zonix.practice.board.adapter.PracticeBoard.getScoreboard(PracticeBoard.java:74)
[00:03:32] [Craft Scheduler Thread - 4/WARN]: 	at us.zonix.practice.board.BoardManager.run(BoardManager.java:42)
[00:03:32] [Craft Scheduler Thread - 4/WARN]: 	at org.bukkit.craftbukkit.v1_8_R3.scheduler.CraftTask.run(CraftTask.java:64)
[00:03:32] [Craft Scheduler Thread - 4/WARN]: 	at org.bukkit.craftbukkit.v1_8_R3.scheduler.CraftAsyncTask.run(CraftAsyncTask.java:53)
[00:03:32] [Craft Scheduler Thread - 4/WARN]: 	at org.github.paperspigot.ServerSchedulerReportingWrapper.run(ServerSchedulerReportingWrapper.java:23)
[00:03:32] [Craft Scheduler Thread - 4/WARN]: 	at java.util.concurrent.ThreadPoolExecutor.runWorker(ThreadPoolExecutor.java:1149)
[00:03:32] [Craft Scheduler Thread - 4/WARN]: 	at java.util.concurrent.ThreadPoolExecutor$Worker.run(ThreadPoolExecutor.java:624)
[00:03:32] [Craft Scheduler Thread - 4/WARN]: 	at java.lang.Thread.run(Thread.java:748)
[00:03:32] [Craft Scheduler Thread - 4/WARN]: java.lang.NullPointerException
[00:03:32] [Craft Scheduler Thread - 4/WARN]: 	at us.zonix.practice.board.adapter.PracticeBoard.getLobbyBoard(PracticeBoard.java:133)
[00:03:32] [Craft Scheduler Thread - 4/WARN]: 	at us.zonix.practice.board.adapter.PracticeBoard.getScoreboard(PracticeBoard.java:74)
[00:03:32] [Craft Scheduler Thread - 4/WARN]: 	at us.zonix.practice.board.BoardManager.run(BoardManager.java:42)
[00:03:32] [Craft Scheduler Thread - 4/WARN]: 	at org.bukkit.craftbukkit.v1_8_R3.scheduler.CraftTask.run(CraftTask.java:64)
[00:03:32] [Craft Scheduler Thread - 4/WARN]: 	at org.bukkit.craftbukkit.v1_8_R3.scheduler.CraftAsyncTask.run(CraftAsyncTask.java:53)
[00:03:32] [Craft Scheduler Thread - 4/WARN]: 	at org.github.paperspigot.ServerSchedulerReportingWrapper.run(ServerSchedulerReportingWrapper.java:23)
[00:03:32] [Craft Scheduler Thread - 4/WARN]: 	at java.util.concurrent.ThreadPoolExecutor.runWorker(ThreadPoolExecutor.java:1149)
[00:03:32] [Craft Scheduler Thread - 4/WARN]: 	at java.util.concurrent.ThreadPoolExecutor$Worker.run(ThreadPoolExecutor.java:624)
[00:03:32] [Craft Scheduler Thread - 4/WARN]: 	at java.lang.Thread.run(Thread.java:748)
[00:03:32] [Craft Scheduler Thread - 9/WARN]: java.lang.NullPointerException
[00:03:32] [Craft Scheduler Thread - 9/WARN]: 	at us.zonix.practice.board.adapter.PracticeBoard.getLobbyBoard(PracticeBoard.java:133)
[00:03:32] [Craft Scheduler Thread - 9/WARN]: 	at us.zonix.practice.board.adapter.PracticeBoard.getScoreboard(PracticeBoard.java:74)
[00:03:32] [Craft Scheduler Thread - 9/WARN]: 	at us.zonix.practice.board.BoardManager.run(BoardManager.java:42)
[00:03:32] [Craft Scheduler Thread - 9/WARN]: 	at org.bukkit.craftbukkit.v1_8_R3.scheduler.CraftTask.run(CraftTask.java:64)
[00:03:32] [Craft Scheduler Thread - 9/WARN]: 	at org.bukkit.craftbukkit.v1_8_R3.scheduler.CraftAsyncTask.run(CraftAsyncTask.java:53)
[00:03:32] [Craft Scheduler Thread - 9/WARN]: 	at org.github.paperspigot.ServerSchedulerReportingWrapper.run(ServerSchedulerReportingWrapper.java:23)
[00:03:32] [Craft Scheduler Thread - 9/WARN]: 	at java.util.concurrent.ThreadPoolExecutor.runWorker(ThreadPoolExecutor.java:1149)
[00:03:32] [Craft Scheduler Thread - 9/WARN]: 	at java.util.concurrent.ThreadPoolExecutor$Worker.run(ThreadPoolExecutor.java:624)
[00:03:32] [Craft Scheduler Thread - 9/WARN]: 	at java.lang.Thread.run(Thread.java:748)
[00:03:32] [Craft Scheduler Thread - 9/WARN]: java.lang.NullPointerException
[00:03:32] [Craft Scheduler Thread - 9/WARN]: 	at us.zonix.practice.board.adapter.PracticeBoard.getLobbyBoard(PracticeBoard.java:133)
[00:03:32] [Craft Scheduler Thread - 9/WARN]: 	at us.zonix.practice.board.adapter.PracticeBoard.getScoreboard(PracticeBoard.java:74)
[00:03:32] [Craft Scheduler Thread - 9/WARN]: 	at us.zonix.practice.board.BoardManager.run(BoardManager.java:42)
[00:03:32] [Craft Scheduler Thread - 9/WARN]: 	at org.bukkit.craftbukkit.v1_8_R3.scheduler.CraftTask.run(CraftTask.java:64)
[00:03:32] [Craft Scheduler Thread - 9/WARN]: 	at org.bukkit.craftbukkit.v1_8_R3.scheduler.CraftAsyncTask.run(CraftAsyncTask.java:53)
[00:03:32] [Craft Scheduler Thread - 9/WARN]: 	at org.github.paperspigot.ServerSchedulerReportingWrapper.run(ServerSchedulerReportingWrapper.java:23)
[00:03:32] [Craft Scheduler Thread - 9/WARN]: 	at java.util.concurrent.ThreadPoolExecutor.runWorker(ThreadPoolExecutor.java:1149)
[00:03:32] [Craft Scheduler Thread - 9/WARN]: 	at java.util.concurrent.ThreadPoolExecutor$Worker.run(ThreadPoolExecutor.java:624)
[00:03:32] [Craft Scheduler Thread - 9/WARN]: 	at java.lang.Thread.run(Thread.java:748)
[00:03:33] [Craft Scheduler Thread - 4/WARN]: java.lang.NullPointerException
[00:03:33] [Craft Scheduler Thread - 4/WARN]: 	at us.zonix.practice.board.adapter.PracticeBoard.getLobbyBoard(PracticeBoard.java:133)
[00:03:33] [Craft Scheduler Thread - 4/WARN]: 	at us.zonix.practice.board.adapter.PracticeBoard.getScoreboard(PracticeBoard.java:74)
[00:03:33] [Craft Scheduler Thread - 4/WARN]: 	at us.zonix.practice.board.BoardManager.run(BoardManager.java:42)
[00:03:33] [Craft Scheduler Thread - 4/WARN]: 	at org.bukkit.craftbukkit.v1_8_R3.scheduler.CraftTask.run(CraftTask.java:64)
[00:03:33] [Craft Scheduler Thread - 4/WARN]: 	at org.bukkit.craftbukkit.v1_8_R3.scheduler.CraftAsyncTask.run(CraftAsyncTask.java:53)
[00:03:33] [Craft Scheduler Thread - 4/WARN]: 	at org.github.paperspigot.ServerSchedulerReportingWrapper.run(ServerSchedulerReportingWrapper.java:23)
[00:03:33] [Craft Scheduler Thread - 4/WARN]: 	at java.util.concurrent.ThreadPoolExecutor.runWorker(ThreadPoolExecutor.java:1149)
[00:03:33] [Craft Scheduler Thread - 4/WARN]: 	at java.util.concurrent.ThreadPoolExecutor$Worker.run(ThreadPoolExecutor.java:624)
[00:03:33] [Craft Scheduler Thread - 4/WARN]: 	at java.lang.Thread.run(Thread.java:748)
[00:03:33] [Craft Scheduler Thread - 4/WARN]: java.lang.NullPointerException
[00:03:33] [Craft Scheduler Thread - 4/WARN]: 	at us.zonix.practice.board.adapter.PracticeBoard.getLobbyBoard(PracticeBoard.java:133)
[00:03:33] [Craft Scheduler Thread - 4/WARN]: 	at us.zonix.practice.board.adapter.PracticeBoard.getScoreboard(PracticeBoard.java:74)
[00:03:33] [Craft Scheduler Thread - 4/WARN]: 	at us.zonix.practice.board.BoardManager.run(BoardManager.java:42)
[00:03:33] [Craft Scheduler Thread - 4/WARN]: 	at org.bukkit.craftbukkit.v1_8_R3.scheduler.CraftTask.run(CraftTask.java:64)
[00:03:33] [Craft Scheduler Thread - 4/WARN]: 	at org.bukkit.craftbukkit.v1_8_R3.scheduler.CraftAsyncTask.run(CraftAsyncTask.java:53)
[00:03:33] [Craft Scheduler Thread - 4/WARN]: 	at org.github.paperspigot.ServerSchedulerReportingWrapper.run(ServerSchedulerReportingWrapper.java:23)
[00:03:33] [Craft Scheduler Thread - 4/WARN]: 	at java.util.concurrent.ThreadPoolExecutor.runWorker(ThreadPoolExecutor.java:1149)
[00:03:33] [Craft Scheduler Thread - 4/WARN]: 	at java.util.concurrent.ThreadPoolExecutor$Worker.run(ThreadPoolExecutor.java:624)
[00:03:33] [Craft Scheduler Thread - 4/WARN]: 	at java.lang.Thread.run(Thread.java:748)
[00:03:33] [Craft Scheduler Thread - 8/WARN]: java.lang.NullPointerException
[00:03:33] [Craft Scheduler Thread - 8/WARN]: 	at us.zonix.practice.board.adapter.PracticeBoard.getLobbyBoard(PracticeBoard.java:133)
[00:03:33] [Craft Scheduler Thread - 8/WARN]: 	at us.zonix.practice.board.adapter.PracticeBoard.getScoreboard(PracticeBoard.java:74)
[00:03:33] [Craft Scheduler Thread - 8/WARN]: 	at us.zonix.practice.board.BoardManager.run(BoardManager.java:42)
[00:03:33] [Craft Scheduler Thread - 8/WARN]: 	at org.bukkit.craftbukkit.v1_8_R3.scheduler.CraftTask.run(CraftTask.java:64)
[00:03:33] [Craft Scheduler Thread - 8/WARN]: 	at org.bukkit.craftbukkit.v1_8_R3.scheduler.CraftAsyncTask.run(CraftAsyncTask.java:53)
[00:03:33] [Craft Scheduler Thread - 8/WARN]: 	at org.github.paperspigot.ServerSchedulerReportingWrapper.run(ServerSchedulerReportingWrapper.java:23)
[00:03:33] [Craft Scheduler Thread - 8/WARN]: 	at java.util.concurrent.ThreadPoolExecutor.runWorker(ThreadPoolExecutor.java:1149)
[00:03:33] [Craft Scheduler Thread - 8/WARN]: 	at java.util.concurrent.ThreadPoolExecutor$Worker.run(ThreadPoolExecutor.java:624)
[00:03:33] [Craft Scheduler Thread - 8/WARN]: 	at java.lang.Thread.run(Thread.java:748)
[00:03:33] [Craft Scheduler Thread - 8/WARN]: java.lang.NullPointerException
[00:03:33] [Craft Scheduler Thread - 8/WARN]: 	at us.zonix.practice.board.adapter.PracticeBoard.getLobbyBoard(PracticeBoard.java:133)
[00:03:33] [Craft Scheduler Thread - 8/WARN]: 	at us.zonix.practice.board.adapter.PracticeBoard.getScoreboard(PracticeBoard.java:74)
[00:03:33] [Craft Scheduler Thread - 8/WARN]: 	at us.zonix.practice.board.BoardManager.run(BoardManager.java:42)
[00:03:33] [Craft Scheduler Thread - 8/WARN]: 	at org.bukkit.craftbukkit.v1_8_R3.scheduler.CraftTask.run(CraftTask.java:64)
[00:03:33] [Craft Scheduler Thread - 8/WARN]: 	at org.bukkit.craftbukkit.v1_8_R3.scheduler.CraftAsyncTask.run(CraftAsyncTask.java:53)
[00:03:33] [Craft Scheduler Thread - 8/WARN]: 	at org.github.paperspigot.ServerSchedulerReportingWrapper.run(ServerSchedulerReportingWrapper.java:23)
[00:03:33] [Craft Scheduler Thread - 8/WARN]: 	at java.util.concurrent.ThreadPoolExecutor.runWorker(ThreadPoolExecutor.java:1149)
[00:03:33] [Craft Scheduler Thread - 8/WARN]: 	at java.util.concurrent.ThreadPoolExecutor$Worker.run(ThreadPoolExecutor.java:624)
[00:03:33] [Craft Scheduler Thread - 8/WARN]: 	at java.lang.Thread.run(Thread.java:748)
[00:03:33] [Craft Scheduler Thread - 7/WARN]: java.lang.NullPointerException
[00:03:33] [Craft Scheduler Thread - 7/WARN]: 	at us.zonix.practice.board.adapter.PracticeBoard.getLobbyBoard(PracticeBoard.java:133)
[00:03:33] [Craft Scheduler Thread - 7/WARN]: 	at us.zonix.practice.board.adapter.PracticeBoard.getScoreboard(PracticeBoard.java:74)
[00:03:33] [Craft Scheduler Thread - 7/WARN]: 	at us.zonix.practice.board.BoardManager.run(BoardManager.java:42)
[00:03:33] [Craft Scheduler Thread - 7/WARN]: 	at org.bukkit.craftbukkit.v1_8_R3.scheduler.CraftTask.run(CraftTask.java:64)
[00:03:33] [Craft Scheduler Thread - 7/WARN]: 	at org.bukkit.craftbukkit.v1_8_R3.scheduler.CraftAsyncTask.run(CraftAsyncTask.java:53)
[00:03:33] [Craft Scheduler Thread - 7/WARN]: 	at org.github.paperspigot.ServerSchedulerReportingWrapper.run(ServerSchedulerReportingWrapper.java:23)
[00:03:33] [Craft Scheduler Thread - 7/WARN]: 	at java.util.concurrent.ThreadPoolExecutor.runWorker(ThreadPoolExecutor.java:1149)
[00:03:33] [Craft Scheduler Thread - 7/WARN]: 	at java.util.concurrent.ThreadPoolExecutor$Worker.run(ThreadPoolExecutor.java:624)
[00:03:33] [Craft Scheduler Thread - 7/WARN]: 	at java.lang.Thread.run(Thread.java:748)
[00:03:33] [Craft Scheduler Thread - 7/WARN]: java.lang.NullPointerException
[00:03:33] [Craft Scheduler Thread - 7/WARN]: 	at us.zonix.practice.board.adapter.PracticeBoard.getLobbyBoard(PracticeBoard.java:133)
[00:03:33] [Craft Scheduler Thread - 7/WARN]: 	at us.zonix.practice.board.adapter.PracticeBoard.getScoreboard(PracticeBoard.java:74)
[00:03:33] [Craft Scheduler Thread - 7/WARN]: 	at us.zonix.practice.board.BoardManager.run(BoardManager.java:42)
[00:03:33] [Craft Scheduler Thread - 7/WARN]: 	at org.bukkit.craftbukkit.v1_8_R3.scheduler.CraftTask.run(CraftTask.java:64)
[00:03:33] [Craft Scheduler Thread - 7/WARN]: 	at org.bukkit.craftbukkit.v1_8_R3.scheduler.CraftAsyncTask.run(CraftAsyncTask.java:53)
[00:03:33] [Craft Scheduler Thread - 7/WARN]: 	at org.github.paperspigot.ServerSchedulerReportingWrapper.run(ServerSchedulerReportingWrapper.java:23)
[00:03:33] [Craft Scheduler Thread - 7/WARN]: 	at java.util.concurrent.ThreadPoolExecutor.runWorker(ThreadPoolExecutor.java:1149)
[00:03:33] [Craft Scheduler Thread - 7/WARN]: 	at java.util.concurrent.ThreadPoolExecutor$Worker.run(ThreadPoolExecutor.java:624)
[00:03:33] [Craft Scheduler Thread - 7/WARN]: 	at java.lang.Thread.run(Thread.java:748)
[00:03:33] [Craft Scheduler Thread - 4/WARN]: java.lang.NullPointerException
[00:03:33] [Craft Scheduler Thread - 4/WARN]: 	at us.zonix.practice.board.adapter.PracticeBoard.getLobbyBoard(PracticeBoard.java:133)
[00:03:33] [Craft Scheduler Thread - 4/WARN]: 	at us.zonix.practice.board.adapter.PracticeBoard.getScoreboard(PracticeBoard.java:74)
[00:03:33] [Craft Scheduler Thread - 4/WARN]: 	at us.zonix.practice.board.BoardManager.run(BoardManager.java:42)
[00:03:33] [Craft Scheduler Thread - 4/WARN]: 	at org.bukkit.craftbukkit.v1_8_R3.scheduler.CraftTask.run(CraftTask.java:64)
[00:03:33] [Craft Scheduler Thread - 4/WARN]: 	at org.bukkit.craftbukkit.v1_8_R3.scheduler.CraftAsyncTask.run(CraftAsyncTask.java:53)
[00:03:33] [Craft Scheduler Thread - 4/WARN]: 	at org.github.paperspigot.ServerSchedulerReportingWrapper.run(ServerSchedulerReportingWrapper.java:23)
[00:03:33] [Craft Scheduler Thread - 4/WARN]: 	at java.util.concurrent.ThreadPoolExecutor.runWorker(ThreadPoolExecutor.java:1149)
[00:03:33] [Craft Scheduler Thread - 4/WARN]: 	at java.util.concurrent.ThreadPoolExecutor$Worker.run(ThreadPoolExecutor.java:624)
[00:03:33] [Craft Scheduler Thread - 4/WARN]: 	at java.lang.Thread.run(Thread.java:748)
[00:03:33] [Craft Scheduler Thread - 4/WARN]: java.lang.NullPointerException
[00:03:33] [Craft Scheduler Thread - 4/WARN]: 	at us.zonix.practice.board.adapter.PracticeBoard.getLobbyBoard(PracticeBoard.java:133)
[00:03:33] [Craft Scheduler Thread - 4/WARN]: 	at us.zonix.practice.board.adapter.PracticeBoard.getScoreboard(PracticeBoard.java:74)
[00:03:33] [Craft Scheduler Thread - 4/WARN]: 	at us.zonix.practice.board.BoardManager.run(BoardManager.java:42)
[00:03:33] [Craft Scheduler Thread - 4/WARN]: 	at org.bukkit.craftbukkit.v1_8_R3.scheduler.CraftTask.run(CraftTask.java:64)
[00:03:33] [Craft Scheduler Thread - 4/WARN]: 	at org.bukkit.craftbukkit.v1_8_R3.scheduler.CraftAsyncTask.run(CraftAsyncTask.java:53)
[00:03:33] [Craft Scheduler Thread - 4/WARN]: 	at org.github.paperspigot.ServerSchedulerReportingWrapper.run(ServerSchedulerReportingWrapper.java:23)
[00:03:33] [Craft Scheduler Thread - 4/WARN]: 	at java.util.concurrent.ThreadPoolExecutor.runWorker(ThreadPoolExecutor.java:1149)
[00:03:33] [Craft Scheduler Thread - 4/WARN]: 	at java.util.concurrent.ThreadPoolExecutor$Worker.run(ThreadPoolExecutor.java:624)
[00:03:33] [Craft Scheduler Thread - 4/WARN]: 	at java.lang.Thread.run(Thread.java:748)
[00:03:33] [Craft Scheduler Thread - 7/WARN]: java.lang.NullPointerException
[00:03:33] [Craft Scheduler Thread - 7/WARN]: 	at us.zonix.practice.board.adapter.PracticeBoard.getLobbyBoard(PracticeBoard.java:133)
[00:03:33] [Craft Scheduler Thread - 7/WARN]: 	at us.zonix.practice.board.adapter.PracticeBoard.getScoreboard(PracticeBoard.java:74)
[00:03:33] [Craft Scheduler Thread - 7/WARN]: 	at us.zonix.practice.board.BoardManager.run(BoardManager.java:42)
[00:03:33] [Craft Scheduler Thread - 7/WARN]: 	at org.bukkit.craftbukkit.v1_8_R3.scheduler.CraftTask.run(CraftTask.java:64)
[00:03:33] [Craft Scheduler Thread - 7/WARN]: 	at org.bukkit.craftbukkit.v1_8_R3.scheduler.CraftAsyncTask.run(CraftAsyncTask.java:53)
[00:03:33] [Craft Scheduler Thread - 7/WARN]: 	at org.github.paperspigot.ServerSchedulerReportingWrapper.run(ServerSchedulerReportingWrapper.java:23)
[00:03:33] [Craft Scheduler Thread - 7/WARN]: 	at java.util.concurrent.ThreadPoolExecutor.runWorker(ThreadPoolExecutor.java:1149)
[00:03:33] [Craft Scheduler Thread - 7/WARN]: 	at java.util.concurrent.ThreadPoolExecutor$Worker.run(ThreadPoolExecutor.java:624)
[00:03:33] [Craft Scheduler Thread - 7/WARN]: 	at java.lang.Thread.run(Thread.java:748)
[00:03:33] [Craft Scheduler Thread - 7/WARN]: java.lang.NullPointerException
[00:03:33] [Craft Scheduler Thread - 7/WARN]: 	at us.zonix.practice.board.adapter.PracticeBoard.getLobbyBoard(PracticeBoard.java:133)
[00:03:33] [Craft Scheduler Thread - 7/WARN]: 	at us.zonix.practice.board.adapter.PracticeBoard.getScoreboard(PracticeBoard.java:74)
[00:03:33] [Craft Scheduler Thread - 7/WARN]: 	at us.zonix.practice.board.BoardManager.run(BoardManager.java:42)
[00:03:33] [Craft Scheduler Thread - 7/WARN]: 	at org.bukkit.craftbukkit.v1_8_R3.scheduler.CraftTask.run(CraftTask.java:64)
[00:03:33] [Craft Scheduler Thread - 7/WARN]: 	at org.bukkit.craftbukkit.v1_8_R3.scheduler.CraftAsyncTask.run(CraftAsyncTask.java:53)
[00:03:33] [Craft Scheduler Thread - 7/WARN]: 	at org.github.paperspigot.ServerSchedulerReportingWrapper.run(ServerSchedulerReportingWrapper.java:23)
[00:03:33] [Craft Scheduler Thread - 7/WARN]: 	at java.util.concurrent.ThreadPoolExecutor.runWorker(ThreadPoolExecutor.java:1149)
[00:03:33] [Craft Scheduler Thread - 7/WARN]: 	at java.util.concurrent.ThreadPoolExecutor$Worker.run(ThreadPoolExecutor.java:624)
[00:03:33] [Craft Scheduler Thread - 7/WARN]: 	at java.lang.Thread.run(Thread.java:748)
[00:03:33] [Craft Scheduler Thread - 8/WARN]: java.lang.NullPointerException
[00:03:33] [Craft Scheduler Thread - 8/WARN]: 	at us.zonix.practice.board.adapter.PracticeBoard.getLobbyBoard(PracticeBoard.java:133)
[00:03:33] [Craft Scheduler Thread - 8/WARN]: 	at us.zonix.practice.board.adapter.PracticeBoard.getScoreboard(PracticeBoard.java:74)
[00:03:33] [Craft Scheduler Thread - 8/WARN]: 	at us.zonix.practice.board.BoardManager.run(BoardManager.java:42)
[00:03:33] [Craft Scheduler Thread - 8/WARN]: 	at org.bukkit.craftbukkit.v1_8_R3.scheduler.CraftTask.run(CraftTask.java:64)
[00:03:33] [Craft Scheduler Thread - 8/WARN]: 	at org.bukkit.craftbukkit.v1_8_R3.scheduler.CraftAsyncTask.run(CraftAsyncTask.java:53)
[00:03:33] [Craft Scheduler Thread - 8/WARN]: 	at org.github.paperspigot.ServerSchedulerReportingWrapper.run(ServerSchedulerReportingWrapper.java:23)
[00:03:33] [Craft Scheduler Thread - 8/WARN]: 	at java.util.concurrent.ThreadPoolExecutor.runWorker(ThreadPoolExecutor.java:1149)
[00:03:33] [Craft Scheduler Thread - 8/WARN]: 	at java.util.concurrent.ThreadPoolExecutor$Worker.run(ThreadPoolExecutor.java:624)
[00:03:33] [Craft Scheduler Thread - 8/WARN]: 	at java.lang.Thread.run(Thread.java:748)
[00:03:33] [Craft Scheduler Thread - 8/WARN]: java.lang.NullPointerException
[00:03:33] [Craft Scheduler Thread - 8/WARN]: 	at us.zonix.practice.board.adapter.PracticeBoard.getLobbyBoard(PracticeBoard.java:133)
[00:03:33] [Craft Scheduler Thread - 8/WARN]: 	at us.zonix.practice.board.adapter.PracticeBoard.getScoreboard(PracticeBoard.java:74)
[00:03:33] [Craft Scheduler Thread - 8/WARN]: 	at us.zonix.practice.board.BoardManager.run(BoardManager.java:42)
[00:03:33] [Craft Scheduler Thread - 8/WARN]: 	at org.bukkit.craftbukkit.v1_8_R3.scheduler.CraftTask.run(CraftTask.java:64)
[00:03:33] [Craft Scheduler Thread - 8/WARN]: 	at org.bukkit.craftbukkit.v1_8_R3.scheduler.CraftAsyncTask.run(CraftAsyncTask.java:53)
[00:03:33] [Craft Scheduler Thread - 8/WARN]: 	at org.github.paperspigot.ServerSchedulerReportingWrapper.run(ServerSchedulerReportingWrapper.java:23)
[00:03:33] [Craft Scheduler Thread - 8/WARN]: 	at java.util.concurrent.ThreadPoolExecutor.runWorker(ThreadPoolExecutor.java:1149)
[00:03:33] [Craft Scheduler Thread - 8/WARN]: 	at java.util.concurrent.ThreadPoolExecutor$Worker.run(ThreadPoolExecutor.java:624)
[00:03:33] [Craft Scheduler Thread - 8/WARN]: 	at java.lang.Thread.run(Thread.java:748)
[00:03:33] [Craft Scheduler Thread - 7/WARN]: java.lang.NullPointerException
[00:03:33] [Craft Scheduler Thread - 7/WARN]: 	at us.zonix.practice.board.adapter.PracticeBoard.getLobbyBoard(PracticeBoard.java:133)
[00:03:33] [Craft Scheduler Thread - 7/WARN]: 	at us.zonix.practice.board.adapter.PracticeBoard.getScoreboard(PracticeBoard.java:74)
[00:03:33] [Craft Scheduler Thread - 7/WARN]: 	at us.zonix.practice.board.BoardManager.run(BoardManager.java:42)
[00:03:33] [Craft Scheduler Thread - 7/WARN]: 	at org.bukkit.craftbukkit.v1_8_R3.scheduler.CraftTask.run(CraftTask.java:64)
[00:03:33] [Craft Scheduler Thread - 7/WARN]: 	at org.bukkit.craftbukkit.v1_8_R3.scheduler.CraftAsyncTask.run(CraftAsyncTask.java:53)
[00:03:33] [Craft Scheduler Thread - 7/WARN]: 	at org.github.paperspigot.ServerSchedulerReportingWrapper.run(ServerSchedulerReportingWrapper.java:23)
[00:03:33] [Craft Scheduler Thread - 7/WARN]: 	at java.util.concurrent.ThreadPoolExecutor.runWorker(ThreadPoolExecutor.java:1149)
[00:03:33] [Craft Scheduler Thread - 7/WARN]: 	at java.util.concurrent.ThreadPoolExecutor$Worker.run(ThreadPoolExecutor.java:624)
[00:03:33] [Craft Scheduler Thread - 7/WARN]: 	at java.lang.Thread.run(Thread.java:748)
[00:03:33] [Craft Scheduler Thread - 7/WARN]: java.lang.NullPointerException
[00:03:33] [Craft Scheduler Thread - 7/WARN]: 	at us.zonix.practice.board.adapter.PracticeBoard.getLobbyBoard(PracticeBoard.java:133)
[00:03:33] [Craft Scheduler Thread - 7/WARN]: 	at us.zonix.practice.board.adapter.PracticeBoard.getScoreboard(PracticeBoard.java:74)
[00:03:33] [Craft Scheduler Thread - 7/WARN]: 	at us.zonix.practice.board.BoardManager.run(BoardManager.java:42)
[00:03:33] [Craft Scheduler Thread - 7/WARN]: 	at org.bukkit.craftbukkit.v1_8_R3.scheduler.CraftTask.run(CraftTask.java:64)
[00:03:33] [Craft Scheduler Thread - 7/WARN]: 	at org.bukkit.craftbukkit.v1_8_R3.scheduler.CraftAsyncTask.run(CraftAsyncTask.java:53)
[00:03:33] [Craft Scheduler Thread - 7/WARN]: 	at org.github.paperspigot.ServerSchedulerReportingWrapper.run(ServerSchedulerReportingWrapper.java:23)
[00:03:33] [Craft Scheduler Thread - 7/WARN]: 	at java.util.concurrent.ThreadPoolExecutor.runWorker(ThreadPoolExecutor.java:1149)
[00:03:33] [Craft Scheduler Thread - 7/WARN]: 	at java.util.concurrent.ThreadPoolExecutor$Worker.run(ThreadPoolExecutor.java:624)
[00:03:33] [Craft Scheduler Thread - 7/WARN]: 	at java.lang.Thread.run(Thread.java:748)
[00:03:33] [Craft Scheduler Thread - 3/WARN]: java.lang.NullPointerException
[00:03:33] [Craft Scheduler Thread - 3/WARN]: 	at us.zonix.practice.board.adapter.PracticeBoard.getLobbyBoard(PracticeBoard.java:133)
[00:03:33] [Craft Scheduler Thread - 3/WARN]: 	at us.zonix.practice.board.adapter.PracticeBoard.getScoreboard(PracticeBoard.java:74)
[00:03:33] [Craft Scheduler Thread - 3/WARN]: 	at us.zonix.practice.board.BoardManager.run(BoardManager.java:42)
[00:03:33] [Craft Scheduler Thread - 3/WARN]: 	at org.bukkit.craftbukkit.v1_8_R3.scheduler.CraftTask.run(CraftTask.java:64)
[00:03:33] [Craft Scheduler Thread - 3/WARN]: 	at org.bukkit.craftbukkit.v1_8_R3.scheduler.CraftAsyncTask.run(CraftAsyncTask.java:53)
[00:03:33] [Craft Scheduler Thread - 3/WARN]: 	at org.github.paperspigot.ServerSchedulerReportingWrapper.run(ServerSchedulerReportingWrapper.java:23)
[00:03:33] [Craft Scheduler Thread - 3/WARN]: 	at java.util.concurrent.ThreadPoolExecutor.runWorker(ThreadPoolExecutor.java:1149)
[00:03:33] [Craft Scheduler Thread - 3/WARN]: 	at java.util.concurrent.ThreadPoolExecutor$Worker.run(ThreadPoolExecutor.java:624)
[00:03:33] [Craft Scheduler Thread - 3/WARN]: 	at java.lang.Thread.run(Thread.java:748)
[00:03:33] [Craft Scheduler Thread - 3/WARN]: java.lang.NullPointerException
[00:03:33] [Craft Scheduler Thread - 3/WARN]: 	at us.zonix.practice.board.adapter.PracticeBoard.getLobbyBoard(PracticeBoard.java:133)
[00:03:33] [Craft Scheduler Thread - 3/WARN]: 	at us.zonix.practice.board.adapter.PracticeBoard.getScoreboard(PracticeBoard.java:74)
[00:03:33] [Craft Scheduler Thread - 3/WARN]: 	at us.zonix.practice.board.BoardManager.run(BoardManager.java:42)
[00:03:33] [Craft Scheduler Thread - 3/WARN]: 	at org.bukkit.craftbukkit.v1_8_R3.scheduler.CraftTask.run(CraftTask.java:64)
[00:03:33] [Craft Scheduler Thread - 3/WARN]: 	at org.bukkit.craftbukkit.v1_8_R3.scheduler.CraftAsyncTask.run(CraftAsyncTask.java:53)
[00:03:33] [Craft Scheduler Thread - 3/WARN]: 	at org.github.paperspigot.ServerSchedulerReportingWrapper.run(ServerSchedulerReportingWrapper.java:23)
[00:03:33] [Craft Scheduler Thread - 3/WARN]: 	at java.util.concurrent.ThreadPoolExecutor.runWorker(ThreadPoolExecutor.java:1149)
[00:03:33] [Craft Scheduler Thread - 3/WARN]: 	at java.util.concurrent.ThreadPoolExecutor$Worker.run(ThreadPoolExecutor.java:624)
[00:03:33] [Craft Scheduler Thread - 3/WARN]: 	at java.lang.Thread.run(Thread.java:748)
[00:03:33] [Craft Scheduler Thread - 7/WARN]: java.lang.NullPointerException
[00:03:33] [Craft Scheduler Thread - 7/WARN]: 	at us.zonix.practice.board.adapter.PracticeBoard.getLobbyBoard(PracticeBoard.java:133)
[00:03:33] [Craft Scheduler Thread - 7/WARN]: 	at us.zonix.practice.board.adapter.PracticeBoard.getScoreboard(PracticeBoard.java:74)
[00:03:33] [Craft Scheduler Thread - 7/WARN]: 	at us.zonix.practice.board.BoardManager.run(BoardManager.java:42)
[00:03:33] [Craft Scheduler Thread - 7/WARN]: 	at org.bukkit.craftbukkit.v1_8_R3.scheduler.CraftTask.run(CraftTask.java:64)
[00:03:33] [Craft Scheduler Thread - 7/WARN]: 	at org.bukkit.craftbukkit.v1_8_R3.scheduler.CraftAsyncTask.run(CraftAsyncTask.java:53)
[00:03:33] [Craft Scheduler Thread - 7/WARN]: 	at org.github.paperspigot.ServerSchedulerReportingWrapper.run(ServerSchedulerReportingWrapper.java:23)
[00:03:33] [Craft Scheduler Thread - 7/WARN]: 	at java.util.concurrent.ThreadPoolExecutor.runWorker(ThreadPoolExecutor.java:1149)
[00:03:33] [Craft Scheduler Thread - 7/WARN]: 	at java.util.concurrent.ThreadPoolExecutor$Worker.run(ThreadPoolExecutor.java:624)
[00:03:33] [Craft Scheduler Thread - 7/WARN]: 	at java.lang.Thread.run(Thread.java:748)
[00:03:33] [Craft Scheduler Thread - 7/WARN]: java.lang.NullPointerException
[00:03:33] [Craft Scheduler Thread - 7/WARN]: 	at us.zonix.practice.board.adapter.PracticeBoard.getLobbyBoard(PracticeBoard.java:133)
[00:03:33] [Craft Scheduler Thread - 7/WARN]: 	at us.zonix.practice.board.adapter.PracticeBoard.getScoreboard(PracticeBoard.java:74)
[00:03:33] [Craft Scheduler Thread - 7/WARN]: 	at us.zonix.practice.board.BoardManager.run(BoardManager.java:42)
[00:03:33] [Craft Scheduler Thread - 7/WARN]: 	at org.bukkit.craftbukkit.v1_8_R3.scheduler.CraftTask.run(CraftTask.java:64)
[00:03:33] [Craft Scheduler Thread - 7/WARN]: 	at org.bukkit.craftbukkit.v1_8_R3.scheduler.CraftAsyncTask.run(CraftAsyncTask.java:53)
[00:03:33] [Craft Scheduler Thread - 7/WARN]: 	at org.github.paperspigot.ServerSchedulerReportingWrapper.run(ServerSchedulerReportingWrapper.java:23)
[00:03:33] [Craft Scheduler Thread - 7/WARN]: 	at java.util.concurrent.ThreadPoolExecutor.runWorker(ThreadPoolExecutor.java:1149)
[00:03:33] [Craft Scheduler Thread - 7/WARN]: 	at java.util.concurrent.ThreadPoolExecutor$Worker.run(ThreadPoolExecutor.java:624)
[00:03:33] [Craft Scheduler Thread - 7/WARN]: 	at java.lang.Thread.run(Thread.java:748)
[00:03:33] [Craft Scheduler Thread - 10/WARN]: java.lang.NullPointerException
[00:03:33] [Craft Scheduler Thread - 10/WARN]: 	at us.zonix.practice.board.adapter.PracticeBoard.getLobbyBoard(PracticeBoard.java:133)
[00:03:33] [Craft Scheduler Thread - 10/WARN]: 	at us.zonix.practice.board.adapter.PracticeBoard.getScoreboard(PracticeBoard.java:74)
[00:03:33] [Craft Scheduler Thread - 10/WARN]: 	at us.zonix.practice.board.BoardManager.run(BoardManager.java:42)
[00:03:33] [Craft Scheduler Thread - 10/WARN]: 	at org.bukkit.craftbukkit.v1_8_R3.scheduler.CraftTask.run(CraftTask.java:64)
[00:03:33] [Craft Scheduler Thread - 10/WARN]: 	at org.bukkit.craftbukkit.v1_8_R3.scheduler.CraftAsyncTask.run(CraftAsyncTask.java:53)
[00:03:33] [Craft Scheduler Thread - 10/WARN]: 	at org.github.paperspigot.ServerSchedulerReportingWrapper.run(ServerSchedulerReportingWrapper.java:23)
[00:03:33] [Craft Scheduler Thread - 10/WARN]: 	at java.util.concurrent.ThreadPoolExecutor.runWorker(ThreadPoolExecutor.java:1149)
[00:03:33] [Craft Scheduler Thread - 10/WARN]: 	at java.util.concurrent.ThreadPoolExecutor$Worker.run(ThreadPoolExecutor.java:624)
[00:03:33] [Craft Scheduler Thread - 10/WARN]: 	at java.lang.Thread.run(Thread.java:748)
[00:03:33] [Craft Scheduler Thread - 10/WARN]: java.lang.NullPointerException
[00:03:33] [Craft Scheduler Thread - 10/WARN]: 	at us.zonix.practice.board.adapter.PracticeBoard.getLobbyBoard(PracticeBoard.java:133)
[00:03:33] [Craft Scheduler Thread - 10/WARN]: 	at us.zonix.practice.board.adapter.PracticeBoard.getScoreboard(PracticeBoard.java:74)
[00:03:33] [Craft Scheduler Thread - 10/WARN]: 	at us.zonix.practice.board.BoardManager.run(BoardManager.java:42)
[00:03:33] [Craft Scheduler Thread - 10/WARN]: 	at org.bukkit.craftbukkit.v1_8_R3.scheduler.CraftTask.run(CraftTask.java:64)
[00:03:33] [Craft Scheduler Thread - 10/WARN]: 	at org.bukkit.craftbukkit.v1_8_R3.scheduler.CraftAsyncTask.run(CraftAsyncTask.java:53)
[00:03:33] [Craft Scheduler Thread - 10/WARN]: 	at org.github.paperspigot.ServerSchedulerReportingWrapper.run(ServerSchedulerReportingWrapper.java:23)
[00:03:33] [Craft Scheduler Thread - 10/WARN]: 	at java.util.concurrent.ThreadPoolExecutor.runWorker(ThreadPoolExecutor.java:1149)
[00:03:33] [Craft Scheduler Thread - 10/WARN]: 	at java.util.concurrent.ThreadPoolExecutor$Worker.run(ThreadPoolExecutor.java:624)
[00:03:33] [Craft Scheduler Thread - 10/WARN]: 	at java.lang.Thread.run(Thread.java:748)
[00:03:33] [Craft Scheduler Thread - 4/WARN]: java.lang.NullPointerException
[00:03:33] [Craft Scheduler Thread - 4/WARN]: 	at us.zonix.practice.board.adapter.PracticeBoard.getLobbyBoard(PracticeBoard.java:133)
[00:03:33] [Craft Scheduler Thread - 4/WARN]: 	at us.zonix.practice.board.adapter.PracticeBoard.getScoreboard(PracticeBoard.java:74)
[00:03:33] [Craft Scheduler Thread - 4/WARN]: 	at us.zonix.practice.board.BoardManager.run(BoardManager.java:42)
[00:03:33] [Craft Scheduler Thread - 4/WARN]: 	at org.bukkit.craftbukkit.v1_8_R3.scheduler.CraftTask.run(CraftTask.java:64)
[00:03:33] [Craft Scheduler Thread - 4/WARN]: 	at org.bukkit.craftbukkit.v1_8_R3.scheduler.CraftAsyncTask.run(CraftAsyncTask.java:53)
[00:03:33] [Craft Scheduler Thread - 4/WARN]: 	at org.github.paperspigot.ServerSchedulerReportingWrapper.run(ServerSchedulerReportingWrapper.java:23)
[00:03:33] [Craft Scheduler Thread - 4/WARN]: 	at java.util.concurrent.ThreadPoolExecutor.runWorker(ThreadPoolExecutor.java:1149)
[00:03:33] [Craft Scheduler Thread - 4/WARN]: 	at java.util.concurrent.ThreadPoolExecutor$Worker.run(ThreadPoolExecutor.java:624)
[00:03:33] [Craft Scheduler Thread - 4/WARN]: 	at java.lang.Thread.run(Thread.java:748)
[00:03:33] [Craft Scheduler Thread - 4/WARN]: java.lang.NullPointerException
[00:03:33] [Craft Scheduler Thread - 4/WARN]: 	at us.zonix.practice.board.adapter.PracticeBoard.getLobbyBoard(PracticeBoard.java:133)
[00:03:33] [Craft Scheduler Thread - 4/WARN]: 	at us.zonix.practice.board.adapter.PracticeBoard.getScoreboard(PracticeBoard.java:74)
[00:03:33] [Craft Scheduler Thread - 4/WARN]: 	at us.zonix.practice.board.BoardManager.run(BoardManager.java:42)
[00:03:33] [Craft Scheduler Thread - 4/WARN]: 	at org.bukkit.craftbukkit.v1_8_R3.scheduler.CraftTask.run(CraftTask.java:64)
[00:03:33] [Craft Scheduler Thread - 4/WARN]: 	at org.bukkit.craftbukkit.v1_8_R3.scheduler.CraftAsyncTask.run(CraftAsyncTask.java:53)
[00:03:33] [Craft Scheduler Thread - 4/WARN]: 	at org.github.paperspigot.ServerSchedulerReportingWrapper.run(ServerSchedulerReportingWrapper.java:23)
[00:03:33] [Craft Scheduler Thread - 4/WARN]: 	at java.util.concurrent.ThreadPoolExecutor.runWorker(ThreadPoolExecutor.java:1149)
[00:03:33] [Craft Scheduler Thread - 4/WARN]: 	at java.util.concurrent.ThreadPoolExecutor$Worker.run(ThreadPoolExecutor.java:624)
[00:03:33] [Craft Scheduler Thread - 4/WARN]: 	at java.lang.Thread.run(Thread.java:748)
[00:03:33] [Craft Scheduler Thread - 8/WARN]: java.lang.NullPointerException
[00:03:33] [Craft Scheduler Thread - 8/WARN]: 	at us.zonix.practice.board.adapter.PracticeBoard.getLobbyBoard(PracticeBoard.java:133)
[00:03:33] [Craft Scheduler Thread - 8/WARN]: 	at us.zonix.practice.board.adapter.PracticeBoard.getScoreboard(PracticeBoard.java:74)
[00:03:33] [Craft Scheduler Thread - 8/WARN]: 	at us.zonix.practice.board.BoardManager.run(BoardManager.java:42)
[00:03:33] [Craft Scheduler Thread - 8/WARN]: 	at org.bukkit.craftbukkit.v1_8_R3.scheduler.CraftTask.run(CraftTask.java:64)
[00:03:33] [Craft Scheduler Thread - 8/WARN]: 	at org.bukkit.craftbukkit.v1_8_R3.scheduler.CraftAsyncTask.run(CraftAsyncTask.java:53)
[00:03:33] [Craft Scheduler Thread - 8/WARN]: 	at org.github.paperspigot.ServerSchedulerReportingWrapper.run(ServerSchedulerReportingWrapper.java:23)
[00:03:33] [Craft Scheduler Thread - 8/WARN]: 	at java.util.concurrent.ThreadPoolExecutor.runWorker(ThreadPoolExecutor.java:1149)
[00:03:33] [Craft Scheduler Thread - 8/WARN]: 	at java.util.concurrent.ThreadPoolExecutor$Worker.run(ThreadPoolExecutor.java:624)
[00:03:33] [Craft Scheduler Thread - 8/WARN]: 	at java.lang.Thread.run(Thread.java:748)
[00:03:33] [Craft Scheduler Thread - 8/WARN]: java.lang.NullPointerException
[00:03:33] [Craft Scheduler Thread - 8/WARN]: 	at us.zonix.practice.board.adapter.PracticeBoard.getLobbyBoard(PracticeBoard.java:133)
[00:03:33] [Craft Scheduler Thread - 8/WARN]: 	at us.zonix.practice.board.adapter.PracticeBoard.getScoreboard(PracticeBoard.java:74)
[00:03:33] [Craft Scheduler Thread - 8/WARN]: 	at us.zonix.practice.board.BoardManager.run(BoardManager.java:42)
[00:03:33] [Craft Scheduler Thread - 8/WARN]: 	at org.bukkit.craftbukkit.v1_8_R3.scheduler.CraftTask.run(CraftTask.java:64)
[00:03:33] [Craft Scheduler Thread - 8/WARN]: 	at org.bukkit.craftbukkit.v1_8_R3.scheduler.CraftAsyncTask.run(CraftAsyncTask.java:53)
[00:03:33] [Craft Scheduler Thread - 8/WARN]: 	at org.github.paperspigot.ServerSchedulerReportingWrapper.run(ServerSchedulerReportingWrapper.java:23)
[00:03:33] [Craft Scheduler Thread - 8/WARN]: 	at java.util.concurrent.ThreadPoolExecutor.runWorker(ThreadPoolExecutor.java:1149)
[00:03:33] [Craft Scheduler Thread - 8/WARN]: 	at java.util.concurrent.ThreadPoolExecutor$Worker.run(ThreadPoolExecutor.java:624)
[00:03:33] [Craft Scheduler Thread - 8/WARN]: 	at java.lang.Thread.run(Thread.java:748)
[00:03:33] [Craft Scheduler Thread - 3/WARN]: java.lang.NullPointerException
[00:03:33] [Craft Scheduler Thread - 3/WARN]: 	at us.zonix.practice.board.adapter.PracticeBoard.getLobbyBoard(PracticeBoard.java:133)
[00:03:33] [Craft Scheduler Thread - 3/WARN]: 	at us.zonix.practice.board.adapter.PracticeBoard.getScoreboard(PracticeBoard.java:74)
[00:03:33] [Craft Scheduler Thread - 3/WARN]: 	at us.zonix.practice.board.BoardManager.run(BoardManager.java:42)
[00:03:33] [Craft Scheduler Thread - 3/WARN]: 	at org.bukkit.craftbukkit.v1_8_R3.scheduler.CraftTask.run(CraftTask.java:64)
[00:03:33] [Craft Scheduler Thread - 3/WARN]: 	at org.bukkit.craftbukkit.v1_8_R3.scheduler.CraftAsyncTask.run(CraftAsyncTask.java:53)
[00:03:33] [Craft Scheduler Thread - 3/WARN]: 	at org.github.paperspigot.ServerSchedulerReportingWrapper.run(ServerSchedulerReportingWrapper.java:23)
[00:03:33] [Craft Scheduler Thread - 3/WARN]: 	at java.util.concurrent.ThreadPoolExecutor.runWorker(ThreadPoolExecutor.java:1149)
[00:03:33] [Craft Scheduler Thread - 3/WARN]: 	at java.util.concurrent.ThreadPoolExecutor$Worker.run(ThreadPoolExecutor.java:624)
[00:03:33] [Craft Scheduler Thread - 3/WARN]: 	at java.lang.Thread.run(Thread.java:748)
[00:03:33] [Craft Scheduler Thread - 3/WARN]: java.lang.NullPointerException
[00:03:33] [Craft Scheduler Thread - 3/WARN]: 	at us.zonix.practice.board.adapter.PracticeBoard.getLobbyBoard(PracticeBoard.java:133)
[00:03:33] [Craft Scheduler Thread - 3/WARN]: 	at us.zonix.practice.board.adapter.PracticeBoard.getScoreboard(PracticeBoard.java:74)
[00:03:33] [Craft Scheduler Thread - 3/WARN]: 	at us.zonix.practice.board.BoardManager.run(BoardManager.java:42)
[00:03:33] [Craft Scheduler Thread - 3/WARN]: 	at org.bukkit.craftbukkit.v1_8_R3.scheduler.CraftTask.run(CraftTask.java:64)
[00:03:33] [Craft Scheduler Thread - 3/WARN]: 	at org.bukkit.craftbukkit.v1_8_R3.scheduler.CraftAsyncTask.run(CraftAsyncTask.java:53)
[00:03:33] [Craft Scheduler Thread - 3/WARN]: 	at org.github.paperspigot.ServerSchedulerReportingWrapper.run(ServerSchedulerReportingWrapper.java:23)
[00:03:33] [Craft Scheduler Thread - 3/WARN]: 	at java.util.concurrent.ThreadPoolExecutor.runWorker(ThreadPoolExecutor.java:1149)
[00:03:33] [Craft Scheduler Thread - 3/WARN]: 	at java.util.concurrent.ThreadPoolExecutor$Worker.run(ThreadPoolExecutor.java:624)
[00:03:33] [Craft Scheduler Thread - 3/WARN]: 	at java.lang.Thread.run(Thread.java:748)
[00:03:33] [Craft Scheduler Thread - 4/WARN]: java.lang.NullPointerException
[00:03:33] [Craft Scheduler Thread - 4/WARN]: 	at us.zonix.practice.board.adapter.PracticeBoard.getLobbyBoard(PracticeBoard.java:133)
[00:03:33] [Craft Scheduler Thread - 4/WARN]: 	at us.zonix.practice.board.adapter.PracticeBoard.getScoreboard(PracticeBoard.java:74)
[00:03:33] [Craft Scheduler Thread - 4/WARN]: 	at us.zonix.practice.board.BoardManager.run(BoardManager.java:42)
[00:03:33] [Craft Scheduler Thread - 4/WARN]: 	at org.bukkit.craftbukkit.v1_8_R3.scheduler.CraftTask.run(CraftTask.java:64)
[00:03:33] [Craft Scheduler Thread - 4/WARN]: 	at org.bukkit.craftbukkit.v1_8_R3.scheduler.CraftAsyncTask.run(CraftAsyncTask.java:53)
[00:03:33] [Craft Scheduler Thread - 4/WARN]: 	at org.github.paperspigot.ServerSchedulerReportingWrapper.run(ServerSchedulerReportingWrapper.java:23)
[00:03:33] [Craft Scheduler Thread - 4/WARN]: 	at java.util.concurrent.ThreadPoolExecutor.runWorker(ThreadPoolExecutor.java:1149)
[00:03:33] [Craft Scheduler Thread - 4/WARN]: 	at java.util.concurrent.ThreadPoolExecutor$Worker.run(ThreadPoolExecutor.java:624)
[00:03:33] [Craft Scheduler Thread - 4/WARN]: 	at java.lang.Thread.run(Thread.java:748)
[00:03:33] [Craft Scheduler Thread - 4/WARN]: java.lang.NullPointerException
[00:03:33] [Craft Scheduler Thread - 4/WARN]: 	at us.zonix.practice.board.adapter.PracticeBoard.getLobbyBoard(PracticeBoard.java:133)
[00:03:33] [Craft Scheduler Thread - 4/WARN]: 	at us.zonix.practice.board.adapter.PracticeBoard.getScoreboard(PracticeBoard.java:74)
[00:03:33] [Craft Scheduler Thread - 4/WARN]: 	at us.zonix.practice.board.BoardManager.run(BoardManager.java:42)
[00:03:33] [Craft Scheduler Thread - 4/WARN]: 	at org.bukkit.craftbukkit.v1_8_R3.scheduler.CraftTask.run(CraftTask.java:64)
[00:03:33] [Craft Scheduler Thread - 4/WARN]: 	at org.bukkit.craftbukkit.v1_8_R3.scheduler.CraftAsyncTask.run(CraftAsyncTask.java:53)
[00:03:33] [Craft Scheduler Thread - 4/WARN]: 	at org.github.paperspigot.ServerSchedulerReportingWrapper.run(ServerSchedulerReportingWrapper.java:23)
[00:03:33] [Craft Scheduler Thread - 4/WARN]: 	at java.util.concurrent.ThreadPoolExecutor.runWorker(ThreadPoolExecutor.java:1149)
[00:03:33] [Craft Scheduler Thread - 4/WARN]: 	at java.util.concurrent.ThreadPoolExecutor$Worker.run(ThreadPoolExecutor.java:624)
[00:03:33] [Craft Scheduler Thread - 4/WARN]: 	at java.lang.Thread.run(Thread.java:748)
[00:03:33] [Craft Scheduler Thread - 3/WARN]: java.lang.NullPointerException
[00:03:33] [Craft Scheduler Thread - 3/WARN]: 	at us.zonix.practice.board.adapter.PracticeBoard.getLobbyBoard(PracticeBoard.java:133)
[00:03:33] [Craft Scheduler Thread - 3/WARN]: 	at us.zonix.practice.board.adapter.PracticeBoard.getScoreboard(PracticeBoard.java:74)
[00:03:33] [Craft Scheduler Thread - 3/WARN]: 	at us.zonix.practice.board.BoardManager.run(BoardManager.java:42)
[00:03:33] [Craft Scheduler Thread - 3/WARN]: 	at org.bukkit.craftbukkit.v1_8_R3.scheduler.CraftTask.run(CraftTask.java:64)
[00:03:33] [Craft Scheduler Thread - 3/WARN]: 	at org.bukkit.craftbukkit.v1_8_R3.scheduler.CraftAsyncTask.run(CraftAsyncTask.java:53)
[00:03:33] [Craft Scheduler Thread - 3/WARN]: 	at org.github.paperspigot.ServerSchedulerReportingWrapper.run(ServerSchedulerReportingWrapper.java:23)
[00:03:33] [Craft Scheduler Thread - 3/WARN]: 	at java.util.concurrent.ThreadPoolExecutor.runWorker(ThreadPoolExecutor.java:1149)
[00:03:33] [Craft Scheduler Thread - 3/WARN]: 	at java.util.concurrent.ThreadPoolExecutor$Worker.run(ThreadPoolExecutor.java:624)
[00:03:33] [Craft Scheduler Thread - 3/WARN]: 	at java.lang.Thread.run(Thread.java:748)
[00:03:33] [Craft Scheduler Thread - 3/WARN]: java.lang.NullPointerException
[00:03:33] [Craft Scheduler Thread - 3/WARN]: 	at us.zonix.practice.board.adapter.PracticeBoard.getLobbyBoard(PracticeBoard.java:133)
[00:03:33] [Craft Scheduler Thread - 3/WARN]: 	at us.zonix.practice.board.adapter.PracticeBoard.getScoreboard(PracticeBoard.java:74)
[00:03:33] [Craft Scheduler Thread - 3/WARN]: 	at us.zonix.practice.board.BoardManager.run(BoardManager.java:42)
[00:03:33] [Craft Scheduler Thread - 3/WARN]: 	at org.bukkit.craftbukkit.v1_8_R3.scheduler.CraftTask.run(CraftTask.java:64)
[00:03:33] [Craft Scheduler Thread - 3/WARN]: 	at org.bukkit.craftbukkit.v1_8_R3.scheduler.CraftAsyncTask.run(CraftAsyncTask.java:53)
[00:03:33] [Craft Scheduler Thread - 3/WARN]: 	at org.github.paperspigot.ServerSchedulerReportingWrapper.run(ServerSchedulerReportingWrapper.java:23)
[00:03:33] [Craft Scheduler Thread - 3/WARN]: 	at java.util.concurrent.ThreadPoolExecutor.runWorker(ThreadPoolExecutor.java:1149)
[00:03:33] [Craft Scheduler Thread - 3/WARN]: 	at java.util.concurrent.ThreadPoolExecutor$Worker.run(ThreadPoolExecutor.java:624)
[00:03:33] [Craft Scheduler Thread - 3/WARN]: 	at java.lang.Thread.run(Thread.java:748)
[00:03:33] [Craft Scheduler Thread - 8/WARN]: java.lang.NullPointerException
[00:03:33] [Craft Scheduler Thread - 8/WARN]: 	at us.zonix.practice.board.adapter.PracticeBoard.getLobbyBoard(PracticeBoard.java:133)
[00:03:33] [Craft Scheduler Thread - 8/WARN]: 	at us.zonix.practice.board.adapter.PracticeBoard.getScoreboard(PracticeBoard.java:74)
[00:03:33] [Craft Scheduler Thread - 8/WARN]: 	at us.zonix.practice.board.BoardManager.run(BoardManager.java:42)
[00:03:33] [Craft Scheduler Thread - 8/WARN]: 	at org.bukkit.craftbukkit.v1_8_R3.scheduler.CraftTask.run(CraftTask.java:64)
[00:03:33] [Craft Scheduler Thread - 8/WARN]: 	at org.bukkit.craftbukkit.v1_8_R3.scheduler.CraftAsyncTask.run(CraftAsyncTask.java:53)
[00:03:33] [Craft Scheduler Thread - 8/WARN]: 	at org.github.paperspigot.ServerSchedulerReportingWrapper.run(ServerSchedulerReportingWrapper.java:23)
[00:03:33] [Craft Scheduler Thread - 8/WARN]: 	at java.util.concurrent.ThreadPoolExecutor.runWorker(ThreadPoolExecutor.java:1149)
[00:03:33] [Craft Scheduler Thread - 8/WARN]: 	at java.util.concurrent.ThreadPoolExecutor$Worker.run(ThreadPoolExecutor.java:624)
[00:03:33] [Craft Scheduler Thread - 8/WARN]: 	at java.lang.Thread.run(Thread.java:748)
[00:03:33] [Craft Scheduler Thread - 8/WARN]: java.lang.NullPointerException
[00:03:33] [Craft Scheduler Thread - 8/WARN]: 	at us.zonix.practice.board.adapter.PracticeBoard.getLobbyBoard(PracticeBoard.java:133)
[00:03:33] [Craft Scheduler Thread - 8/WARN]: 	at us.zonix.practice.board.adapter.PracticeBoard.getScoreboard(PracticeBoard.java:74)
[00:03:33] [Craft Scheduler Thread - 8/WARN]: 	at us.zonix.practice.board.BoardManager.run(BoardManager.java:42)
[00:03:33] [Craft Scheduler Thread - 8/WARN]: 	at org.bukkit.craftbukkit.v1_8_R3.scheduler.CraftTask.run(CraftTask.java:64)
[00:03:33] [Craft Scheduler Thread - 8/WARN]: 	at org.bukkit.craftbukkit.v1_8_R3.scheduler.CraftAsyncTask.run(CraftAsyncTask.java:53)
[00:03:33] [Craft Scheduler Thread - 8/WARN]: 	at org.github.paperspigot.ServerSchedulerReportingWrapper.run(ServerSchedulerReportingWrapper.java:23)
[00:03:33] [Craft Scheduler Thread - 8/WARN]: 	at java.util.concurrent.ThreadPoolExecutor.runWorker(ThreadPoolExecutor.java:1149)
[00:03:33] [Craft Scheduler Thread - 8/WARN]: 	at java.util.concurrent.ThreadPoolExecutor$Worker.run(ThreadPoolExecutor.java:624)
[00:03:33] [Craft Scheduler Thread - 8/WARN]: 	at java.lang.Thread.run(Thread.java:748)
[00:03:33] [Craft Scheduler Thread - 3/WARN]: java.lang.NullPointerException
[00:03:33] [Craft Scheduler Thread - 3/WARN]: 	at us.zonix.practice.board.adapter.PracticeBoard.getLobbyBoard(PracticeBoard.java:133)
[00:03:33] [Craft Scheduler Thread - 3/WARN]: 	at us.zonix.practice.board.adapter.PracticeBoard.getScoreboard(PracticeBoard.java:74)
[00:03:33] [Craft Scheduler Thread - 3/WARN]: 	at us.zonix.practice.board.BoardManager.run(BoardManager.java:42)
[00:03:33] [Craft Scheduler Thread - 3/WARN]: 	at org.bukkit.craftbukkit.v1_8_R3.scheduler.CraftTask.run(CraftTask.java:64)
[00:03:33] [Craft Scheduler Thread - 3/WARN]: 	at org.bukkit.craftbukkit.v1_8_R3.scheduler.CraftAsyncTask.run(CraftAsyncTask.java:53)
[00:03:33] [Craft Scheduler Thread - 3/WARN]: 	at org.github.paperspigot.ServerSchedulerReportingWrapper.run(ServerSchedulerReportingWrapper.java:23)
[00:03:33] [Craft Scheduler Thread - 3/WARN]: 	at java.util.concurrent.ThreadPoolExecutor.runWorker(ThreadPoolExecutor.java:1149)
[00:03:33] [Craft Scheduler Thread - 3/WARN]: 	at java.util.concurrent.ThreadPoolExecutor$Worker.run(ThreadPoolExecutor.java:624)
[00:03:33] [Craft Scheduler Thread - 3/WARN]: 	at java.lang.Thread.run(Thread.java:748)
[00:03:33] [Craft Scheduler Thread - 3/WARN]: java.lang.NullPointerException
[00:03:33] [Craft Scheduler Thread - 3/WARN]: 	at us.zonix.practice.board.adapter.PracticeBoard.getLobbyBoard(PracticeBoard.java:133)
[00:03:33] [Craft Scheduler Thread - 3/WARN]: 	at us.zonix.practice.board.adapter.PracticeBoard.getScoreboard(PracticeBoard.java:74)
[00:03:33] [Craft Scheduler Thread - 3/WARN]: 	at us.zonix.practice.board.BoardManager.run(BoardManager.java:42)
[00:03:33] [Craft Scheduler Thread - 3/WARN]: 	at org.bukkit.craftbukkit.v1_8_R3.scheduler.CraftTask.run(CraftTask.java:64)
[00:03:33] [Craft Scheduler Thread - 3/WARN]: 	at org.bukkit.craftbukkit.v1_8_R3.scheduler.CraftAsyncTask.run(CraftAsyncTask.java:53)
[00:03:33] [Craft Scheduler Thread - 3/WARN]: 	at org.github.paperspigot.ServerSchedulerReportingWrapper.run(ServerSchedulerReportingWrapper.java:23)
[00:03:33] [Craft Scheduler Thread - 3/WARN]: 	at java.util.concurrent.ThreadPoolExecutor.runWorker(ThreadPoolExecutor.java:1149)
[00:03:33] [Craft Scheduler Thread - 3/WARN]: 	at java.util.concurrent.ThreadPoolExecutor$Worker.run(ThreadPoolExecutor.java:624)
[00:03:33] [Craft Scheduler Thread - 3/WARN]: 	at java.lang.Thread.run(Thread.java:748)
[00:03:33] [Craft Scheduler Thread - 10/WARN]: java.lang.NullPointerException
[00:03:33] [Craft Scheduler Thread - 10/WARN]: 	at us.zonix.practice.board.adapter.PracticeBoard.getLobbyBoard(PracticeBoard.java:133)
[00:03:33] [Craft Scheduler Thread - 10/WARN]: 	at us.zonix.practice.board.adapter.PracticeBoard.getScoreboard(PracticeBoard.java:74)
[00:03:33] [Craft Scheduler Thread - 10/WARN]: 	at us.zonix.practice.board.BoardManager.run(BoardManager.java:42)
[00:03:33] [Craft Scheduler Thread - 10/WARN]: 	at org.bukkit.craftbukkit.v1_8_R3.scheduler.CraftTask.run(CraftTask.java:64)
[00:03:33] [Craft Scheduler Thread - 10/WARN]: 	at org.bukkit.craftbukkit.v1_8_R3.scheduler.CraftAsyncTask.run(CraftAsyncTask.java:53)
[00:03:33] [Craft Scheduler Thread - 10/WARN]: 	at org.github.paperspigot.ServerSchedulerReportingWrapper.run(ServerSchedulerReportingWrapper.java:23)
[00:03:33] [Craft Scheduler Thread - 10/WARN]: 	at java.util.concurrent.ThreadPoolExecutor.runWorker(ThreadPoolExecutor.java:1149)
[00:03:33] [Craft Scheduler Thread - 10/WARN]: 	at java.util.concurrent.ThreadPoolExecutor$Worker.run(ThreadPoolExecutor.java:624)
[00:03:33] [Craft Scheduler Thread - 10/WARN]: 	at java.lang.Thread.run(Thread.java:748)
[00:03:33] [Craft Scheduler Thread - 10/WARN]: java.lang.NullPointerException
[00:03:33] [Craft Scheduler Thread - 10/WARN]: 	at us.zonix.practice.board.adapter.PracticeBoard.getLobbyBoard(PracticeBoard.java:133)
[00:03:33] [Craft Scheduler Thread - 10/WARN]: 	at us.zonix.practice.board.adapter.PracticeBoard.getScoreboard(PracticeBoard.java:74)
[00:03:33] [Craft Scheduler Thread - 10/WARN]: 	at us.zonix.practice.board.BoardManager.run(BoardManager.java:42)
[00:03:33] [Craft Scheduler Thread - 10/WARN]: 	at org.bukkit.craftbukkit.v1_8_R3.scheduler.CraftTask.run(CraftTask.java:64)
[00:03:33] [Craft Scheduler Thread - 10/WARN]: 	at org.bukkit.craftbukkit.v1_8_R3.scheduler.CraftAsyncTask.run(CraftAsyncTask.java:53)
[00:03:33] [Craft Scheduler Thread - 10/WARN]: 	at org.github.paperspigot.ServerSchedulerReportingWrapper.run(ServerSchedulerReportingWrapper.java:23)
[00:03:33] [Craft Scheduler Thread - 10/WARN]: 	at java.util.concurrent.ThreadPoolExecutor.runWorker(ThreadPoolExecutor.java:1149)
[00:03:33] [Craft Scheduler Thread - 10/WARN]: 	at java.util.concurrent.ThreadPoolExecutor$Worker.run(ThreadPoolExecutor.java:624)
[00:03:33] [Craft Scheduler Thread - 10/WARN]: 	at java.lang.Thread.run(Thread.java:748)
[00:03:33] [Craft Scheduler Thread - 3/WARN]: java.lang.NullPointerException
[00:03:33] [Craft Scheduler Thread - 3/WARN]: 	at us.zonix.practice.board.adapter.PracticeBoard.getLobbyBoard(PracticeBoard.java:133)
[00:03:33] [Craft Scheduler Thread - 3/WARN]: 	at us.zonix.practice.board.adapter.PracticeBoard.getScoreboard(PracticeBoard.java:74)
[00:03:33] [Craft Scheduler Thread - 3/WARN]: 	at us.zonix.practice.board.BoardManager.run(BoardManager.java:42)
[00:03:33] [Craft Scheduler Thread - 3/WARN]: 	at org.bukkit.craftbukkit.v1_8_R3.scheduler.CraftTask.run(CraftTask.java:64)
[00:03:33] [Craft Scheduler Thread - 3/WARN]: 	at org.bukkit.craftbukkit.v1_8_R3.scheduler.CraftAsyncTask.run(CraftAsyncTask.java:53)
[00:03:33] [Craft Scheduler Thread - 3/WARN]: 	at org.github.paperspigot.ServerSchedulerReportingWrapper.run(ServerSchedulerReportingWrapper.java:23)
[00:03:33] [Craft Scheduler Thread - 3/WARN]: 	at java.util.concurrent.ThreadPoolExecutor.runWorker(ThreadPoolExecutor.java:1149)
[00:03:33] [Craft Scheduler Thread - 3/WARN]: 	at java.util.concurrent.ThreadPoolExecutor$Worker.run(ThreadPoolExecutor.java:624)
[00:03:33] [Craft Scheduler Thread - 3/WARN]: 	at java.lang.Thread.run(Thread.java:748)
[00:03:33] [Craft Scheduler Thread - 3/WARN]: java.lang.NullPointerException
[00:03:33] [Craft Scheduler Thread - 3/WARN]: 	at us.zonix.practice.board.adapter.PracticeBoard.getLobbyBoard(PracticeBoard.java:133)
[00:03:33] [Craft Scheduler Thread - 3/WARN]: 	at us.zonix.practice.board.adapter.PracticeBoard.getScoreboard(PracticeBoard.java:74)
[00:03:33] [Craft Scheduler Thread - 3/WARN]: 	at us.zonix.practice.board.BoardManager.run(BoardManager.java:42)
[00:03:33] [Craft Scheduler Thread - 3/WARN]: 	at org.bukkit.craftbukkit.v1_8_R3.scheduler.CraftTask.run(CraftTask.java:64)
[00:03:33] [Craft Scheduler Thread - 3/WARN]: 	at org.bukkit.craftbukkit.v1_8_R3.scheduler.CraftAsyncTask.run(CraftAsyncTask.java:53)
[00:03:33] [Craft Scheduler Thread - 3/WARN]: 	at org.github.paperspigot.ServerSchedulerReportingWrapper.run(ServerSchedulerReportingWrapper.java:23)
[00:03:33] [Craft Scheduler Thread - 3/WARN]: 	at java.util.concurrent.ThreadPoolExecutor.runWorker(ThreadPoolExecutor.java:1149)
[00:03:33] [Craft Scheduler Thread - 3/WARN]: 	at java.util.concurrent.ThreadPoolExecutor$Worker.run(ThreadPoolExecutor.java:624)
[00:03:33] [Craft Scheduler Thread - 3/WARN]: 	at java.lang.Thread.run(Thread.java:748)
[00:03:33] [Craft Scheduler Thread - 8/WARN]: java.lang.NullPointerException
[00:03:33] [Craft Scheduler Thread - 8/WARN]: 	at us.zonix.practice.board.adapter.PracticeBoard.getLobbyBoard(PracticeBoard.java:133)
[00:03:33] [Craft Scheduler Thread - 8/WARN]: 	at us.zonix.practice.board.adapter.PracticeBoard.getScoreboard(PracticeBoard.java:74)
[00:03:33] [Craft Scheduler Thread - 8/WARN]: 	at us.zonix.practice.board.BoardManager.run(BoardManager.java:42)
[00:03:33] [Craft Scheduler Thread - 8/WARN]: 	at org.bukkit.craftbukkit.v1_8_R3.scheduler.CraftTask.run(CraftTask.java:64)
[00:03:33] [Craft Scheduler Thread - 8/WARN]: 	at org.bukkit.craftbukkit.v1_8_R3.scheduler.CraftAsyncTask.run(CraftAsyncTask.java:53)
[00:03:33] [Craft Scheduler Thread - 8/WARN]: 	at org.github.paperspigot.ServerSchedulerReportingWrapper.run(ServerSchedulerReportingWrapper.java:23)
[00:03:33] [Craft Scheduler Thread - 8/WARN]: 	at java.util.concurrent.ThreadPoolExecutor.runWorker(ThreadPoolExecutor.java:1149)
[00:03:33] [Craft Scheduler Thread - 8/WARN]: 	at java.util.concurrent.ThreadPoolExecutor$Worker.run(ThreadPoolExecutor.java:624)
[00:03:33] [Craft Scheduler Thread - 8/WARN]: 	at java.lang.Thread.run(Thread.java:748)
[00:03:33] [Craft Scheduler Thread - 8/WARN]: java.lang.NullPointerException
[00:03:33] [Craft Scheduler Thread - 8/WARN]: 	at us.zonix.practice.board.adapter.PracticeBoard.getLobbyBoard(PracticeBoard.java:133)
[00:03:33] [Craft Scheduler Thread - 8/WARN]: 	at us.zonix.practice.board.adapter.PracticeBoard.getScoreboard(PracticeBoard.java:74)
[00:03:33] [Craft Scheduler Thread - 8/WARN]: 	at us.zonix.practice.board.BoardManager.run(BoardManager.java:42)
[00:03:33] [Craft Scheduler Thread - 8/WARN]: 	at org.bukkit.craftbukkit.v1_8_R3.scheduler.CraftTask.run(CraftTask.java:64)
[00:03:33] [Craft Scheduler Thread - 8/WARN]: 	at org.bukkit.craftbukkit.v1_8_R3.scheduler.CraftAsyncTask.run(CraftAsyncTask.java:53)
[00:03:33] [Craft Scheduler Thread - 8/WARN]: 	at org.github.paperspigot.ServerSchedulerReportingWrapper.run(ServerSchedulerReportingWrapper.java:23)
[00:03:33] [Craft Scheduler Thread - 8/WARN]: 	at java.util.concurrent.ThreadPoolExecutor.runWorker(ThreadPoolExecutor.java:1149)
[00:03:33] [Craft Scheduler Thread - 8/WARN]: 	at java.util.concurrent.ThreadPoolExecutor$Worker.run(ThreadPoolExecutor.java:624)
[00:03:33] [Craft Scheduler Thread - 8/WARN]: 	at java.lang.Thread.run(Thread.java:748)
[00:03:34] [Craft Scheduler Thread - 3/WARN]: java.lang.NullPointerException
[00:03:34] [Craft Scheduler Thread - 3/WARN]: 	at us.zonix.practice.board.adapter.PracticeBoard.getLobbyBoard(PracticeBoard.java:133)
[00:03:34] [Craft Scheduler Thread - 3/WARN]: 	at us.zonix.practice.board.adapter.PracticeBoard.getScoreboard(PracticeBoard.java:74)
[00:03:34] [Craft Scheduler Thread - 3/WARN]: 	at us.zonix.practice.board.BoardManager.run(BoardManager.java:42)
[00:03:34] [Craft Scheduler Thread - 3/WARN]: 	at org.bukkit.craftbukkit.v1_8_R3.scheduler.CraftTask.run(CraftTask.java:64)
[00:03:34] [Craft Scheduler Thread - 3/WARN]: 	at org.bukkit.craftbukkit.v1_8_R3.scheduler.CraftAsyncTask.run(CraftAsyncTask.java:53)
[00:03:34] [Craft Scheduler Thread - 3/WARN]: 	at org.github.paperspigot.ServerSchedulerReportingWrapper.run(ServerSchedulerReportingWrapper.java:23)
[00:03:34] [Craft Scheduler Thread - 3/WARN]: 	at java.util.concurrent.ThreadPoolExecutor.runWorker(ThreadPoolExecutor.java:1149)
[00:03:34] [Craft Scheduler Thread - 3/WARN]: 	at java.util.concurrent.ThreadPoolExecutor$Worker.run(ThreadPoolExecutor.java:624)
[00:03:34] [Craft Scheduler Thread - 3/WARN]: 	at java.lang.Thread.run(Thread.java:748)
[00:03:34] [Craft Scheduler Thread - 3/WARN]: java.lang.NullPointerException
[00:03:34] [Craft Scheduler Thread - 3/WARN]: 	at us.zonix.practice.board.adapter.PracticeBoard.getLobbyBoard(PracticeBoard.java:133)
[00:03:34] [Craft Scheduler Thread - 3/WARN]: 	at us.zonix.practice.board.adapter.PracticeBoard.getScoreboard(PracticeBoard.java:74)
[00:03:34] [Craft Scheduler Thread - 3/WARN]: 	at us.zonix.practice.board.BoardManager.run(BoardManager.java:42)
[00:03:34] [Craft Scheduler Thread - 3/WARN]: 	at org.bukkit.craftbukkit.v1_8_R3.scheduler.CraftTask.run(CraftTask.java:64)
[00:03:34] [Craft Scheduler Thread - 3/WARN]: 	at org.bukkit.craftbukkit.v1_8_R3.scheduler.CraftAsyncTask.run(CraftAsyncTask.java:53)
[00:03:34] [Craft Scheduler Thread - 3/WARN]: 	at org.github.paperspigot.ServerSchedulerReportingWrapper.run(ServerSchedulerReportingWrapper.java:23)
[00:03:34] [Craft Scheduler Thread - 3/WARN]: 	at java.util.concurrent.ThreadPoolExecutor.runWorker(ThreadPoolExecutor.java:1149)
[00:03:34] [Craft Scheduler Thread - 3/WARN]: 	at java.util.concurrent.ThreadPoolExecutor$Worker.run(ThreadPoolExecutor.java:624)
[00:03:34] [Craft Scheduler Thread - 3/WARN]: 	at java.lang.Thread.run(Thread.java:748)
[00:03:34] [Craft Scheduler Thread - 4/WARN]: java.lang.NullPointerException
[00:03:34] [Craft Scheduler Thread - 4/WARN]: 	at us.zonix.practice.board.adapter.PracticeBoard.getLobbyBoard(PracticeBoard.java:133)
[00:03:34] [Craft Scheduler Thread - 4/WARN]: 	at us.zonix.practice.board.adapter.PracticeBoard.getScoreboard(PracticeBoard.java:74)
[00:03:34] [Craft Scheduler Thread - 4/WARN]: 	at us.zonix.practice.board.BoardManager.run(BoardManager.java:42)
[00:03:34] [Craft Scheduler Thread - 4/WARN]: 	at org.bukkit.craftbukkit.v1_8_R3.scheduler.CraftTask.run(CraftTask.java:64)
[00:03:34] [Craft Scheduler Thread - 4/WARN]: 	at org.bukkit.craftbukkit.v1_8_R3.scheduler.CraftAsyncTask.run(CraftAsyncTask.java:53)
[00:03:34] [Craft Scheduler Thread - 4/WARN]: 	at org.github.paperspigot.ServerSchedulerReportingWrapper.run(ServerSchedulerReportingWrapper.java:23)
[00:03:34] [Craft Scheduler Thread - 4/WARN]: 	at java.util.concurrent.ThreadPoolExecutor.runWorker(ThreadPoolExecutor.java:1149)
[00:03:34] [Craft Scheduler Thread - 4/WARN]: 	at java.util.concurrent.ThreadPoolExecutor$Worker.run(ThreadPoolExecutor.java:624)
[00:03:34] [Craft Scheduler Thread - 4/WARN]: 	at java.lang.Thread.run(Thread.java:748)
[00:03:34] [Craft Scheduler Thread - 4/WARN]: java.lang.NullPointerException
[00:03:34] [Craft Scheduler Thread - 4/WARN]: 	at us.zonix.practice.board.adapter.PracticeBoard.getLobbyBoard(PracticeBoard.java:133)
[00:03:34] [Craft Scheduler Thread - 4/WARN]: 	at us.zonix.practice.board.adapter.PracticeBoard.getScoreboard(PracticeBoard.java:74)
[00:03:34] [Craft Scheduler Thread - 4/WARN]: 	at us.zonix.practice.board.BoardManager.run(BoardManager.java:42)
[00:03:34] [Craft Scheduler Thread - 4/WARN]: 	at org.bukkit.craftbukkit.v1_8_R3.scheduler.CraftTask.run(CraftTask.java:64)
[00:03:34] [Craft Scheduler Thread - 4/WARN]: 	at org.bukkit.craftbukkit.v1_8_R3.scheduler.CraftAsyncTask.run(CraftAsyncTask.java:53)
[00:03:34] [Craft Scheduler Thread - 4/WARN]: 	at org.github.paperspigot.ServerSchedulerReportingWrapper.run(ServerSchedulerReportingWrapper.java:23)
[00:03:34] [Craft Scheduler Thread - 4/WARN]: 	at java.util.concurrent.ThreadPoolExecutor.runWorker(ThreadPoolExecutor.java:1149)
[00:03:34] [Craft Scheduler Thread - 4/WARN]: 	at java.util.concurrent.ThreadPoolExecutor$Worker.run(ThreadPoolExecutor.java:624)
[00:03:34] [Craft Scheduler Thread - 4/WARN]: 	at java.lang.Thread.run(Thread.java:748)
[00:03:34] [Craft Scheduler Thread - 8/WARN]: java.lang.NullPointerException
[00:03:34] [Craft Scheduler Thread - 8/WARN]: 	at us.zonix.practice.board.adapter.PracticeBoard.getLobbyBoard(PracticeBoard.java:133)
[00:03:34] [Craft Scheduler Thread - 8/WARN]: 	at us.zonix.practice.board.adapter.PracticeBoard.getScoreboard(PracticeBoard.java:74)
[00:03:34] [Craft Scheduler Thread - 8/WARN]: 	at us.zonix.practice.board.BoardManager.run(BoardManager.java:42)
[00:03:34] [Craft Scheduler Thread - 8/WARN]: 	at org.bukkit.craftbukkit.v1_8_R3.scheduler.CraftTask.run(CraftTask.java:64)
[00:03:34] [Craft Scheduler Thread - 8/WARN]: 	at org.bukkit.craftbukkit.v1_8_R3.scheduler.CraftAsyncTask.run(CraftAsyncTask.java:53)
[00:03:34] [Craft Scheduler Thread - 8/WARN]: 	at org.github.paperspigot.ServerSchedulerReportingWrapper.run(ServerSchedulerReportingWrapper.java:23)
[00:03:34] [Craft Scheduler Thread - 8/WARN]: 	at java.util.concurrent.ThreadPoolExecutor.runWorker(ThreadPoolExecutor.java:1149)
[00:03:34] [Craft Scheduler Thread - 8/WARN]: 	at java.util.concurrent.ThreadPoolExecutor$Worker.run(ThreadPoolExecutor.java:624)
[00:03:34] [Craft Scheduler Thread - 8/WARN]: 	at java.lang.Thread.run(Thread.java:748)
[00:03:34] [Craft Scheduler Thread - 8/WARN]: java.lang.NullPointerException
[00:03:34] [Craft Scheduler Thread - 8/WARN]: 	at us.zonix.practice.board.adapter.PracticeBoard.getLobbyBoard(PracticeBoard.java:133)
[00:03:34] [Craft Scheduler Thread - 8/WARN]: 	at us.zonix.practice.board.adapter.PracticeBoard.getScoreboard(PracticeBoard.java:74)
[00:03:34] [Craft Scheduler Thread - 8/WARN]: 	at us.zonix.practice.board.BoardManager.run(BoardManager.java:42)
[00:03:34] [Craft Scheduler Thread - 8/WARN]: 	at org.bukkit.craftbukkit.v1_8_R3.scheduler.CraftTask.run(CraftTask.java:64)
[00:03:34] [Craft Scheduler Thread - 8/WARN]: 	at org.bukkit.craftbukkit.v1_8_R3.scheduler.CraftAsyncTask.run(CraftAsyncTask.java:53)
[00:03:34] [Craft Scheduler Thread - 8/WARN]: 	at org.github.paperspigot.ServerSchedulerReportingWrapper.run(ServerSchedulerReportingWrapper.java:23)
[00:03:34] [Craft Scheduler Thread - 8/WARN]: 	at java.util.concurrent.ThreadPoolExecutor.runWorker(ThreadPoolExecutor.java:1149)
[00:03:34] [Craft Scheduler Thread - 8/WARN]: 	at java.util.concurrent.ThreadPoolExecutor$Worker.run(ThreadPoolExecutor.java:624)
[00:03:34] [Craft Scheduler Thread - 8/WARN]: 	at java.lang.Thread.run(Thread.java:748)
[00:03:34] [Craft Scheduler Thread - 3/WARN]: java.lang.NullPointerException
[00:03:34] [Craft Scheduler Thread - 3/WARN]: 	at us.zonix.practice.board.adapter.PracticeBoard.getLobbyBoard(PracticeBoard.java:133)
[00:03:34] [Craft Scheduler Thread - 3/WARN]: 	at us.zonix.practice.board.adapter.PracticeBoard.getScoreboard(PracticeBoard.java:74)
[00:03:34] [Craft Scheduler Thread - 3/WARN]: 	at us.zonix.practice.board.BoardManager.run(BoardManager.java:42)
[00:03:34] [Craft Scheduler Thread - 3/WARN]: 	at org.bukkit.craftbukkit.v1_8_R3.scheduler.CraftTask.run(CraftTask.java:64)
[00:03:34] [Craft Scheduler Thread - 3/WARN]: 	at org.bukkit.craftbukkit.v1_8_R3.scheduler.CraftAsyncTask.run(CraftAsyncTask.java:53)
[00:03:34] [Craft Scheduler Thread - 3/WARN]: 	at org.github.paperspigot.ServerSchedulerReportingWrapper.run(ServerSchedulerReportingWrapper.java:23)
[00:03:34] [Craft Scheduler Thread - 3/WARN]: 	at java.util.concurrent.ThreadPoolExecutor.runWorker(ThreadPoolExecutor.java:1149)
[00:03:34] [Craft Scheduler Thread - 3/WARN]: 	at java.util.concurrent.ThreadPoolExecutor$Worker.run(ThreadPoolExecutor.java:624)
[00:03:34] [Craft Scheduler Thread - 3/WARN]: 	at java.lang.Thread.run(Thread.java:748)
[00:03:34] [Craft Scheduler Thread - 3/WARN]: java.lang.NullPointerException
[00:03:34] [Craft Scheduler Thread - 3/WARN]: 	at us.zonix.practice.board.adapter.PracticeBoard.getLobbyBoard(PracticeBoard.java:133)
[00:03:34] [Craft Scheduler Thread - 3/WARN]: 	at us.zonix.practice.board.adapter.PracticeBoard.getScoreboard(PracticeBoard.java:74)
[00:03:34] [Craft Scheduler Thread - 3/WARN]: 	at us.zonix.practice.board.BoardManager.run(BoardManager.java:42)
[00:03:34] [Craft Scheduler Thread - 3/WARN]: 	at org.bukkit.craftbukkit.v1_8_R3.scheduler.CraftTask.run(CraftTask.java:64)
[00:03:34] [Craft Scheduler Thread - 3/WARN]: 	at org.bukkit.craftbukkit.v1_8_R3.scheduler.CraftAsyncTask.run(CraftAsyncTask.java:53)
[00:03:34] [Craft Scheduler Thread - 3/WARN]: 	at org.github.paperspigot.ServerSchedulerReportingWrapper.run(ServerSchedulerReportingWrapper.java:23)
[00:03:34] [Craft Scheduler Thread - 3/WARN]: 	at java.util.concurrent.ThreadPoolExecutor.runWorker(ThreadPoolExecutor.java:1149)
[00:03:34] [Craft Scheduler Thread - 3/WARN]: 	at java.util.concurrent.ThreadPoolExecutor$Worker.run(ThreadPoolExecutor.java:624)
[00:03:34] [Craft Scheduler Thread - 3/WARN]: 	at java.lang.Thread.run(Thread.java:748)
[00:03:34] [Craft Scheduler Thread - 8/WARN]: java.lang.NullPointerException
[00:03:34] [Craft Scheduler Thread - 8/WARN]: 	at us.zonix.practice.board.adapter.PracticeBoard.getLobbyBoard(PracticeBoard.java:133)
[00:03:34] [Craft Scheduler Thread - 8/WARN]: 	at us.zonix.practice.board.adapter.PracticeBoard.getScoreboard(PracticeBoard.java:74)
[00:03:34] [Craft Scheduler Thread - 8/WARN]: 	at us.zonix.practice.board.BoardManager.run(BoardManager.java:42)
[00:03:34] [Craft Scheduler Thread - 8/WARN]: 	at org.bukkit.craftbukkit.v1_8_R3.scheduler.CraftTask.run(CraftTask.java:64)
[00:03:34] [Craft Scheduler Thread - 8/WARN]: 	at org.bukkit.craftbukkit.v1_8_R3.scheduler.CraftAsyncTask.run(CraftAsyncTask.java:53)
[00:03:34] [Craft Scheduler Thread - 8/WARN]: 	at org.github.paperspigot.ServerSchedulerReportingWrapper.run(ServerSchedulerReportingWrapper.java:23)
[00:03:34] [Craft Scheduler Thread - 8/WARN]: 	at java.util.concurrent.ThreadPoolExecutor.runWorker(ThreadPoolExecutor.java:1149)
[00:03:34] [Craft Scheduler Thread - 8/WARN]: 	at java.util.concurrent.ThreadPoolExecutor$Worker.run(ThreadPoolExecutor.java:624)
[00:03:34] [Craft Scheduler Thread - 8/WARN]: 	at java.lang.Thread.run(Thread.java:748)
[00:03:34] [Craft Scheduler Thread - 8/WARN]: java.lang.NullPointerException
[00:03:34] [Craft Scheduler Thread - 8/WARN]: 	at us.zonix.practice.board.adapter.PracticeBoard.getLobbyBoard(PracticeBoard.java:133)
[00:03:34] [Craft Scheduler Thread - 8/WARN]: 	at us.zonix.practice.board.adapter.PracticeBoard.getScoreboard(PracticeBoard.java:74)
[00:03:34] [Craft Scheduler Thread - 8/WARN]: 	at us.zonix.practice.board.BoardManager.run(BoardManager.java:42)
[00:03:34] [Craft Scheduler Thread - 8/WARN]: 	at org.bukkit.craftbukkit.v1_8_R3.scheduler.CraftTask.run(CraftTask.java:64)
[00:03:34] [Craft Scheduler Thread - 8/WARN]: 	at org.bukkit.craftbukkit.v1_8_R3.scheduler.CraftAsyncTask.run(CraftAsyncTask.java:53)
[00:03:34] [Craft Scheduler Thread - 8/WARN]: 	at org.github.paperspigot.ServerSchedulerReportingWrapper.run(ServerSchedulerReportingWrapper.java:23)
[00:03:34] [Craft Scheduler Thread - 8/WARN]: 	at java.util.concurrent.ThreadPoolExecutor.runWorker(ThreadPoolExecutor.java:1149)
[00:03:34] [Craft Scheduler Thread - 8/WARN]: 	at java.util.concurrent.ThreadPoolExecutor$Worker.run(ThreadPoolExecutor.java:624)
[00:03:34] [Craft Scheduler Thread - 8/WARN]: 	at java.lang.Thread.run(Thread.java:748)
[00:03:34] [Craft Scheduler Thread - 10/WARN]: java.lang.NullPointerException
[00:03:34] [Craft Scheduler Thread - 10/WARN]: 	at us.zonix.practice.board.adapter.PracticeBoard.getLobbyBoard(PracticeBoard.java:133)
[00:03:34] [Craft Scheduler Thread - 10/WARN]: 	at us.zonix.practice.board.adapter.PracticeBoard.getScoreboard(PracticeBoard.java:74)
[00:03:34] [Craft Scheduler Thread - 10/WARN]: 	at us.zonix.practice.board.BoardManager.run(BoardManager.java:42)
[00:03:34] [Craft Scheduler Thread - 10/WARN]: 	at org.bukkit.craftbukkit.v1_8_R3.scheduler.CraftTask.run(CraftTask.java:64)
[00:03:34] [Craft Scheduler Thread - 10/WARN]: 	at org.bukkit.craftbukkit.v1_8_R3.scheduler.CraftAsyncTask.run(CraftAsyncTask.java:53)
[00:03:34] [Craft Scheduler Thread - 10/WARN]: 	at org.github.paperspigot.ServerSchedulerReportingWrapper.run(ServerSchedulerReportingWrapper.java:23)
[00:03:34] [Craft Scheduler Thread - 10/WARN]: 	at java.util.concurrent.ThreadPoolExecutor.runWorker(ThreadPoolExecutor.java:1149)
[00:03:34] [Craft Scheduler Thread - 10/WARN]: 	at java.util.concurrent.ThreadPoolExecutor$Worker.run(ThreadPoolExecutor.java:624)
[00:03:34] [Craft Scheduler Thread - 10/WARN]: 	at java.lang.Thread.run(Thread.java:748)
[00:03:34] [Craft Scheduler Thread - 10/WARN]: java.lang.NullPointerException
[00:03:34] [Craft Scheduler Thread - 10/WARN]: 	at us.zonix.practice.board.adapter.PracticeBoard.getLobbyBoard(PracticeBoard.java:133)
[00:03:34] [Craft Scheduler Thread - 10/WARN]: 	at us.zonix.practice.board.adapter.PracticeBoard.getScoreboard(PracticeBoard.java:74)
[00:03:34] [Craft Scheduler Thread - 10/WARN]: 	at us.zonix.practice.board.BoardManager.run(BoardManager.java:42)
[00:03:34] [Craft Scheduler Thread - 10/WARN]: 	at org.bukkit.craftbukkit.v1_8_R3.scheduler.CraftTask.run(CraftTask.java:64)
[00:03:34] [Craft Scheduler Thread - 10/WARN]: 	at org.bukkit.craftbukkit.v1_8_R3.scheduler.CraftAsyncTask.run(CraftAsyncTask.java:53)
[00:03:34] [Craft Scheduler Thread - 10/WARN]: 	at org.github.paperspigot.ServerSchedulerReportingWrapper.run(ServerSchedulerReportingWrapper.java:23)
[00:03:34] [Craft Scheduler Thread - 10/WARN]: 	at java.util.concurrent.ThreadPoolExecutor.runWorker(ThreadPoolExecutor.java:1149)
[00:03:34] [Craft Scheduler Thread - 10/WARN]: 	at java.util.concurrent.ThreadPoolExecutor$Worker.run(ThreadPoolExecutor.java:624)
[00:03:34] [Craft Scheduler Thread - 10/WARN]: 	at java.lang.Thread.run(Thread.java:748)
[00:03:34] [Craft Scheduler Thread - 3/WARN]: java.lang.NullPointerException
[00:03:34] [Craft Scheduler Thread - 3/WARN]: 	at us.zonix.practice.board.adapter.PracticeBoard.getLobbyBoard(PracticeBoard.java:133)
[00:03:34] [Craft Scheduler Thread - 3/WARN]: 	at us.zonix.practice.board.adapter.PracticeBoard.getScoreboard(PracticeBoard.java:74)
[00:03:34] [Craft Scheduler Thread - 3/WARN]: 	at us.zonix.practice.board.BoardManager.run(BoardManager.java:42)
[00:03:34] [Craft Scheduler Thread - 3/WARN]: 	at org.bukkit.craftbukkit.v1_8_R3.scheduler.CraftTask.run(CraftTask.java:64)
[00:03:34] [Craft Scheduler Thread - 3/WARN]: 	at org.bukkit.craftbukkit.v1_8_R3.scheduler.CraftAsyncTask.run(CraftAsyncTask.java:53)
[00:03:34] [Craft Scheduler Thread - 3/WARN]: 	at org.github.paperspigot.ServerSchedulerReportingWrapper.run(ServerSchedulerReportingWrapper.java:23)
[00:03:34] [Craft Scheduler Thread - 3/WARN]: 	at java.util.concurrent.ThreadPoolExecutor.runWorker(ThreadPoolExecutor.java:1149)
[00:03:34] [Craft Scheduler Thread - 3/WARN]: 	at java.util.concurrent.ThreadPoolExecutor$Worker.run(ThreadPoolExecutor.java:624)
[00:03:34] [Craft Scheduler Thread - 3/WARN]: 	at java.lang.Thread.run(Thread.java:748)
[00:03:34] [Craft Scheduler Thread - 3/WARN]: java.lang.NullPointerException
[00:03:34] [Craft Scheduler Thread - 3/WARN]: 	at us.zonix.practice.board.adapter.PracticeBoard.getLobbyBoard(PracticeBoard.java:133)
[00:03:34] [Craft Scheduler Thread - 3/WARN]: 	at us.zonix.practice.board.adapter.PracticeBoard.getScoreboard(PracticeBoard.java:74)
[00:03:34] [Craft Scheduler Thread - 3/WARN]: 	at us.zonix.practice.board.BoardManager.run(BoardManager.java:42)
[00:03:34] [Craft Scheduler Thread - 3/WARN]: 	at org.bukkit.craftbukkit.v1_8_R3.scheduler.CraftTask.run(CraftTask.java:64)
[00:03:34] [Craft Scheduler Thread - 3/WARN]: 	at org.bukkit.craftbukkit.v1_8_R3.scheduler.CraftAsyncTask.run(CraftAsyncTask.java:53)
[00:03:34] [Craft Scheduler Thread - 3/WARN]: 	at org.github.paperspigot.ServerSchedulerReportingWrapper.run(ServerSchedulerReportingWrapper.java:23)
[00:03:34] [Craft Scheduler Thread - 3/WARN]: 	at java.util.concurrent.ThreadPoolExecutor.runWorker(ThreadPoolExecutor.java:1149)
[00:03:34] [Craft Scheduler Thread - 3/WARN]: 	at java.util.concurrent.ThreadPoolExecutor$Worker.run(ThreadPoolExecutor.java:624)
[00:03:34] [Craft Scheduler Thread - 3/WARN]: 	at java.lang.Thread.run(Thread.java:748)
[00:03:34] [Craft Scheduler Thread - 9/WARN]: java.lang.NullPointerException
[00:03:34] [Craft Scheduler Thread - 9/WARN]: 	at us.zonix.practice.board.adapter.PracticeBoard.getLobbyBoard(PracticeBoard.java:133)
[00:03:34] [Craft Scheduler Thread - 9/WARN]: 	at us.zonix.practice.board.adapter.PracticeBoard.getScoreboard(PracticeBoard.java:74)
[00:03:34] [Craft Scheduler Thread - 9/WARN]: 	at us.zonix.practice.board.BoardManager.run(BoardManager.java:42)
[00:03:34] [Craft Scheduler Thread - 9/WARN]: 	at org.bukkit.craftbukkit.v1_8_R3.scheduler.CraftTask.run(CraftTask.java:64)
[00:03:34] [Craft Scheduler Thread - 9/WARN]: 	at org.bukkit.craftbukkit.v1_8_R3.scheduler.CraftAsyncTask.run(CraftAsyncTask.java:53)
[00:03:34] [Craft Scheduler Thread - 9/WARN]: 	at org.github.paperspigot.ServerSchedulerReportingWrapper.run(ServerSchedulerReportingWrapper.java:23)
[00:03:34] [Craft Scheduler Thread - 9/WARN]: 	at java.util.concurrent.ThreadPoolExecutor.runWorker(ThreadPoolExecutor.java:1149)
[00:03:34] [Craft Scheduler Thread - 9/WARN]: 	at java.util.concurrent.ThreadPoolExecutor$Worker.run(ThreadPoolExecutor.java:624)
[00:03:34] [Craft Scheduler Thread - 9/WARN]: 	at java.lang.Thread.run(Thread.java:748)
[00:03:34] [Craft Scheduler Thread - 9/WARN]: java.lang.NullPointerException
[00:03:34] [Craft Scheduler Thread - 9/WARN]: 	at us.zonix.practice.board.adapter.PracticeBoard.getLobbyBoard(PracticeBoard.java:133)
[00:03:34] [Craft Scheduler Thread - 9/WARN]: 	at us.zonix.practice.board.adapter.PracticeBoard.getScoreboard(PracticeBoard.java:74)
[00:03:34] [Craft Scheduler Thread - 9/WARN]: 	at us.zonix.practice.board.BoardManager.run(BoardManager.java:42)
[00:03:34] [Craft Scheduler Thread - 9/WARN]: 	at org.bukkit.craftbukkit.v1_8_R3.scheduler.CraftTask.run(CraftTask.java:64)
[00:03:34] [Craft Scheduler Thread - 9/WARN]: 	at org.bukkit.craftbukkit.v1_8_R3.scheduler.CraftAsyncTask.run(CraftAsyncTask.java:53)
[00:03:34] [Craft Scheduler Thread - 9/WARN]: 	at org.github.paperspigot.ServerSchedulerReportingWrapper.run(ServerSchedulerReportingWrapper.java:23)
[00:03:34] [Craft Scheduler Thread - 9/WARN]: 	at java.util.concurrent.ThreadPoolExecutor.runWorker(ThreadPoolExecutor.java:1149)
[00:03:34] [Craft Scheduler Thread - 9/WARN]: 	at java.util.concurrent.ThreadPoolExecutor$Worker.run(ThreadPoolExecutor.java:624)
[00:03:34] [Craft Scheduler Thread - 9/WARN]: 	at java.lang.Thread.run(Thread.java:748)
[00:03:34] [Craft Scheduler Thread - 3/WARN]: java.lang.NullPointerException
[00:03:34] [Craft Scheduler Thread - 3/WARN]: 	at us.zonix.practice.board.adapter.PracticeBoard.getLobbyBoard(PracticeBoard.java:133)
[00:03:34] [Craft Scheduler Thread - 3/WARN]: 	at us.zonix.practice.board.adapter.PracticeBoard.getScoreboard(PracticeBoard.java:74)
[00:03:34] [Craft Scheduler Thread - 3/WARN]: 	at us.zonix.practice.board.BoardManager.run(BoardManager.java:42)
[00:03:34] [Craft Scheduler Thread - 3/WARN]: 	at org.bukkit.craftbukkit.v1_8_R3.scheduler.CraftTask.run(CraftTask.java:64)
[00:03:34] [Craft Scheduler Thread - 3/WARN]: 	at org.bukkit.craftbukkit.v1_8_R3.scheduler.CraftAsyncTask.run(CraftAsyncTask.java:53)
[00:03:34] [Craft Scheduler Thread - 3/WARN]: 	at org.github.paperspigot.ServerSchedulerReportingWrapper.run(ServerSchedulerReportingWrapper.java:23)
[00:03:34] [Craft Scheduler Thread - 3/WARN]: 	at java.util.concurrent.ThreadPoolExecutor.runWorker(ThreadPoolExecutor.java:1149)
[00:03:34] [Craft Scheduler Thread - 3/WARN]: 	at java.util.concurrent.ThreadPoolExecutor$Worker.run(ThreadPoolExecutor.java:624)
[00:03:34] [Craft Scheduler Thread - 3/WARN]: 	at java.lang.Thread.run(Thread.java:748)
[00:03:34] [Craft Scheduler Thread - 3/WARN]: java.lang.NullPointerException
[00:03:34] [Craft Scheduler Thread - 3/WARN]: 	at us.zonix.practice.board.adapter.PracticeBoard.getLobbyBoard(PracticeBoard.java:133)
[00:03:34] [Craft Scheduler Thread - 3/WARN]: 	at us.zonix.practice.board.adapter.PracticeBoard.getScoreboard(PracticeBoard.java:74)
[00:03:34] [Craft Scheduler Thread - 3/WARN]: 	at us.zonix.practice.board.BoardManager.run(BoardManager.java:42)
[00:03:34] [Craft Scheduler Thread - 3/WARN]: 	at org.bukkit.craftbukkit.v1_8_R3.scheduler.CraftTask.run(CraftTask.java:64)
[00:03:34] [Craft Scheduler Thread - 3/WARN]: 	at org.bukkit.craftbukkit.v1_8_R3.scheduler.CraftAsyncTask.run(CraftAsyncTask.java:53)
[00:03:34] [Craft Scheduler Thread - 3/WARN]: 	at org.github.paperspigot.ServerSchedulerReportingWrapper.run(ServerSchedulerReportingWrapper.java:23)
[00:03:34] [Craft Scheduler Thread - 3/WARN]: 	at java.util.concurrent.ThreadPoolExecutor.runWorker(ThreadPoolExecutor.java:1149)
[00:03:34] [Craft Scheduler Thread - 3/WARN]: 	at java.util.concurrent.ThreadPoolExecutor$Worker.run(ThreadPoolExecutor.java:624)
[00:03:34] [Craft Scheduler Thread - 3/WARN]: 	at java.lang.Thread.run(Thread.java:748)
[00:03:34] [Craft Scheduler Thread - 9/WARN]: java.lang.NullPointerException
[00:03:34] [Craft Scheduler Thread - 9/WARN]: 	at us.zonix.practice.board.adapter.PracticeBoard.getLobbyBoard(PracticeBoard.java:133)
[00:03:34] [Craft Scheduler Thread - 9/WARN]: 	at us.zonix.practice.board.adapter.PracticeBoard.getScoreboard(PracticeBoard.java:74)
[00:03:34] [Craft Scheduler Thread - 9/WARN]: 	at us.zonix.practice.board.BoardManager.run(BoardManager.java:42)
[00:03:34] [Craft Scheduler Thread - 9/WARN]: 	at org.bukkit.craftbukkit.v1_8_R3.scheduler.CraftTask.run(CraftTask.java:64)
[00:03:34] [Craft Scheduler Thread - 9/WARN]: 	at org.bukkit.craftbukkit.v1_8_R3.scheduler.CraftAsyncTask.run(CraftAsyncTask.java:53)
[00:03:34] [Craft Scheduler Thread - 9/WARN]: 	at org.github.paperspigot.ServerSchedulerReportingWrapper.run(ServerSchedulerReportingWrapper.java:23)
[00:03:34] [Craft Scheduler Thread - 9/WARN]: 	at java.util.concurrent.ThreadPoolExecutor.runWorker(ThreadPoolExecutor.java:1149)
[00:03:34] [Craft Scheduler Thread - 9/WARN]: 	at java.util.concurrent.ThreadPoolExecutor$Worker.run(ThreadPoolExecutor.java:624)
[00:03:34] [Craft Scheduler Thread - 9/WARN]: 	at java.lang.Thread.run(Thread.java:748)
[00:03:34] [Craft Scheduler Thread - 9/WARN]: java.lang.NullPointerException
[00:03:34] [Craft Scheduler Thread - 9/WARN]: 	at us.zonix.practice.board.adapter.PracticeBoard.getLobbyBoard(PracticeBoard.java:133)
[00:03:34] [Craft Scheduler Thread - 9/WARN]: 	at us.zonix.practice.board.adapter.PracticeBoard.getScoreboard(PracticeBoard.java:74)
[00:03:34] [Craft Scheduler Thread - 9/WARN]: 	at us.zonix.practice.board.BoardManager.run(BoardManager.java:42)
[00:03:34] [Craft Scheduler Thread - 9/WARN]: 	at org.bukkit.craftbukkit.v1_8_R3.scheduler.CraftTask.run(CraftTask.java:64)
[00:03:34] [Craft Scheduler Thread - 9/WARN]: 	at org.bukkit.craftbukkit.v1_8_R3.scheduler.CraftAsyncTask.run(CraftAsyncTask.java:53)
[00:03:34] [Craft Scheduler Thread - 9/WARN]: 	at org.github.paperspigot.ServerSchedulerReportingWrapper.run(ServerSchedulerReportingWrapper.java:23)
[00:03:34] [Craft Scheduler Thread - 9/WARN]: 	at java.util.concurrent.ThreadPoolExecutor.runWorker(ThreadPoolExecutor.java:1149)
[00:03:34] [Craft Scheduler Thread - 9/WARN]: 	at java.util.concurrent.ThreadPoolExecutor$Worker.run(ThreadPoolExecutor.java:624)
[00:03:34] [Craft Scheduler Thread - 9/WARN]: 	at java.lang.Thread.run(Thread.java:748)
[00:03:34] [Craft Scheduler Thread - 7/WARN]: java.lang.NullPointerException
[00:03:34] [Craft Scheduler Thread - 7/WARN]: 	at us.zonix.practice.board.adapter.PracticeBoard.getLobbyBoard(PracticeBoard.java:133)
[00:03:34] [Craft Scheduler Thread - 7/WARN]: 	at us.zonix.practice.board.adapter.PracticeBoard.getScoreboard(PracticeBoard.java:74)
[00:03:34] [Craft Scheduler Thread - 7/WARN]: 	at us.zonix.practice.board.BoardManager.run(BoardManager.java:42)
[00:03:34] [Craft Scheduler Thread - 7/WARN]: 	at org.bukkit.craftbukkit.v1_8_R3.scheduler.CraftTask.run(CraftTask.java:64)
[00:03:34] [Craft Scheduler Thread - 7/WARN]: 	at org.bukkit.craftbukkit.v1_8_R3.scheduler.CraftAsyncTask.run(CraftAsyncTask.java:53)
[00:03:34] [Craft Scheduler Thread - 7/WARN]: 	at org.github.paperspigot.ServerSchedulerReportingWrapper.run(ServerSchedulerReportingWrapper.java:23)
[00:03:34] [Craft Scheduler Thread - 7/WARN]: 	at java.util.concurrent.ThreadPoolExecutor.runWorker(ThreadPoolExecutor.java:1149)
[00:03:34] [Craft Scheduler Thread - 7/WARN]: 	at java.util.concurrent.ThreadPoolExecutor$Worker.run(ThreadPoolExecutor.java:624)
[00:03:34] [Craft Scheduler Thread - 7/WARN]: 	at java.lang.Thread.run(Thread.java:748)
[00:03:34] [Craft Scheduler Thread - 7/WARN]: java.lang.NullPointerException
[00:03:34] [Craft Scheduler Thread - 7/WARN]: 	at us.zonix.practice.board.adapter.PracticeBoard.getLobbyBoard(PracticeBoard.java:133)
[00:03:34] [Craft Scheduler Thread - 7/WARN]: 	at us.zonix.practice.board.adapter.PracticeBoard.getScoreboard(PracticeBoard.java:74)
[00:03:34] [Craft Scheduler Thread - 7/WARN]: 	at us.zonix.practice.board.BoardManager.run(BoardManager.java:42)
[00:03:34] [Craft Scheduler Thread - 7/WARN]: 	at org.bukkit.craftbukkit.v1_8_R3.scheduler.CraftTask.run(CraftTask.java:64)
[00:03:34] [Craft Scheduler Thread - 7/WARN]: 	at org.bukkit.craftbukkit.v1_8_R3.scheduler.CraftAsyncTask.run(CraftAsyncTask.java:53)
[00:03:34] [Craft Scheduler Thread - 7/WARN]: 	at org.github.paperspigot.ServerSchedulerReportingWrapper.run(ServerSchedulerReportingWrapper.java:23)
[00:03:34] [Craft Scheduler Thread - 7/WARN]: 	at java.util.concurrent.ThreadPoolExecutor.runWorker(ThreadPoolExecutor.java:1149)
[00:03:34] [Craft Scheduler Thread - 7/WARN]: 	at java.util.concurrent.ThreadPoolExecutor$Worker.run(ThreadPoolExecutor.java:624)
[00:03:34] [Craft Scheduler Thread - 7/WARN]: 	at java.lang.Thread.run(Thread.java:748)
[00:03:34] [Craft Scheduler Thread - 3/WARN]: java.lang.NullPointerException
[00:03:34] [Craft Scheduler Thread - 3/WARN]: 	at us.zonix.practice.board.adapter.PracticeBoard.getLobbyBoard(PracticeBoard.java:133)
[00:03:34] [Craft Scheduler Thread - 3/WARN]: 	at us.zonix.practice.board.adapter.PracticeBoard.getScoreboard(PracticeBoard.java:74)
[00:03:34] [Craft Scheduler Thread - 3/WARN]: 	at us.zonix.practice.board.BoardManager.run(BoardManager.java:42)
[00:03:34] [Craft Scheduler Thread - 3/WARN]: 	at org.bukkit.craftbukkit.v1_8_R3.scheduler.CraftTask.run(CraftTask.java:64)
[00:03:34] [Craft Scheduler Thread - 3/WARN]: 	at org.bukkit.craftbukkit.v1_8_R3.scheduler.CraftAsyncTask.run(CraftAsyncTask.java:53)
[00:03:34] [Craft Scheduler Thread - 3/WARN]: 	at org.github.paperspigot.ServerSchedulerReportingWrapper.run(ServerSchedulerReportingWrapper.java:23)
[00:03:34] [Craft Scheduler Thread - 3/WARN]: 	at java.util.concurrent.ThreadPoolExecutor.runWorker(ThreadPoolExecutor.java:1149)
[00:03:34] [Craft Scheduler Thread - 3/WARN]: 	at java.util.concurrent.ThreadPoolExecutor$Worker.run(ThreadPoolExecutor.java:624)
[00:03:34] [Craft Scheduler Thread - 3/WARN]: 	at java.lang.Thread.run(Thread.java:748)
[00:03:34] [Craft Scheduler Thread - 3/WARN]: java.lang.NullPointerException
[00:03:34] [Craft Scheduler Thread - 3/WARN]: 	at us.zonix.practice.board.adapter.PracticeBoard.getLobbyBoard(PracticeBoard.java:133)
[00:03:34] [Craft Scheduler Thread - 3/WARN]: 	at us.zonix.practice.board.adapter.PracticeBoard.getScoreboard(PracticeBoard.java:74)
[00:03:34] [Craft Scheduler Thread - 3/WARN]: 	at us.zonix.practice.board.BoardManager.run(BoardManager.java:42)
[00:03:34] [Craft Scheduler Thread - 3/WARN]: 	at org.bukkit.craftbukkit.v1_8_R3.scheduler.CraftTask.run(CraftTask.java:64)
[00:03:34] [Craft Scheduler Thread - 3/WARN]: 	at org.bukkit.craftbukkit.v1_8_R3.scheduler.CraftAsyncTask.run(CraftAsyncTask.java:53)
[00:03:34] [Craft Scheduler Thread - 3/WARN]: 	at org.github.paperspigot.ServerSchedulerReportingWrapper.run(ServerSchedulerReportingWrapper.java:23)
[00:03:34] [Craft Scheduler Thread - 3/WARN]: 	at java.util.concurrent.ThreadPoolExecutor.runWorker(ThreadPoolExecutor.java:1149)
[00:03:34] [Craft Scheduler Thread - 3/WARN]: 	at java.util.concurrent.ThreadPoolExecutor$Worker.run(ThreadPoolExecutor.java:624)
[00:03:34] [Craft Scheduler Thread - 3/WARN]: 	at java.lang.Thread.run(Thread.java:748)
[00:03:34] [Craft Scheduler Thread - 11/WARN]: java.lang.NullPointerException
[00:03:34] [Craft Scheduler Thread - 11/WARN]: 	at us.zonix.practice.board.adapter.PracticeBoard.getLobbyBoard(PracticeBoard.java:133)
[00:03:34] [Craft Scheduler Thread - 11/WARN]: 	at us.zonix.practice.board.adapter.PracticeBoard.getScoreboard(PracticeBoard.java:74)
[00:03:34] [Craft Scheduler Thread - 11/WARN]: 	at us.zonix.practice.board.BoardManager.run(BoardManager.java:42)
[00:03:34] [Craft Scheduler Thread - 11/WARN]: 	at org.bukkit.craftbukkit.v1_8_R3.scheduler.CraftTask.run(CraftTask.java:64)
[00:03:34] [Craft Scheduler Thread - 11/WARN]: 	at org.bukkit.craftbukkit.v1_8_R3.scheduler.CraftAsyncTask.run(CraftAsyncTask.java:53)
[00:03:34] [Craft Scheduler Thread - 11/WARN]: 	at org.github.paperspigot.ServerSchedulerReportingWrapper.run(ServerSchedulerReportingWrapper.java:23)
[00:03:34] [Craft Scheduler Thread - 11/WARN]: 	at java.util.concurrent.ThreadPoolExecutor.runWorker(ThreadPoolExecutor.java:1149)
[00:03:34] [Craft Scheduler Thread - 11/WARN]: 	at java.util.concurrent.ThreadPoolExecutor$Worker.run(ThreadPoolExecutor.java:624)
[00:03:34] [Craft Scheduler Thread - 11/WARN]: 	at java.lang.Thread.run(Thread.java:748)
[00:03:34] [Craft Scheduler Thread - 11/WARN]: java.lang.NullPointerException
[00:03:34] [Craft Scheduler Thread - 11/WARN]: 	at us.zonix.practice.board.adapter.PracticeBoard.getLobbyBoard(PracticeBoard.java:133)
[00:03:34] [Craft Scheduler Thread - 11/WARN]: 	at us.zonix.practice.board.adapter.PracticeBoard.getScoreboard(PracticeBoard.java:74)
[00:03:34] [Craft Scheduler Thread - 11/WARN]: 	at us.zonix.practice.board.BoardManager.run(BoardManager.java:42)
[00:03:34] [Craft Scheduler Thread - 11/WARN]: 	at org.bukkit.craftbukkit.v1_8_R3.scheduler.CraftTask.run(CraftTask.java:64)
[00:03:34] [Craft Scheduler Thread - 11/WARN]: 	at org.bukkit.craftbukkit.v1_8_R3.scheduler.CraftAsyncTask.run(CraftAsyncTask.java:53)
[00:03:34] [Craft Scheduler Thread - 11/WARN]: 	at org.github.paperspigot.ServerSchedulerReportingWrapper.run(ServerSchedulerReportingWrapper.java:23)
[00:03:34] [Craft Scheduler Thread - 11/WARN]: 	at java.util.concurrent.ThreadPoolExecutor.runWorker(ThreadPoolExecutor.java:1149)
[00:03:34] [Craft Scheduler Thread - 11/WARN]: 	at java.util.concurrent.ThreadPoolExecutor$Worker.run(ThreadPoolExecutor.java:624)
[00:03:34] [Craft Scheduler Thread - 11/WARN]: 	at java.lang.Thread.run(Thread.java:748)
[00:03:34] [Craft Scheduler Thread - 9/WARN]: java.lang.NullPointerException
[00:03:34] [Craft Scheduler Thread - 9/WARN]: 	at us.zonix.practice.board.adapter.PracticeBoard.getLobbyBoard(PracticeBoard.java:133)
[00:03:34] [Craft Scheduler Thread - 9/WARN]: 	at us.zonix.practice.board.adapter.PracticeBoard.getScoreboard(PracticeBoard.java:74)
[00:03:34] [Craft Scheduler Thread - 9/WARN]: 	at us.zonix.practice.board.BoardManager.run(BoardManager.java:42)
[00:03:34] [Craft Scheduler Thread - 9/WARN]: 	at org.bukkit.craftbukkit.v1_8_R3.scheduler.CraftTask.run(CraftTask.java:64)
[00:03:34] [Craft Scheduler Thread - 9/WARN]: 	at org.bukkit.craftbukkit.v1_8_R3.scheduler.CraftAsyncTask.run(CraftAsyncTask.java:53)
[00:03:34] [Craft Scheduler Thread - 9/WARN]: 	at org.github.paperspigot.ServerSchedulerReportingWrapper.run(ServerSchedulerReportingWrapper.java:23)
[00:03:34] [Craft Scheduler Thread - 9/WARN]: 	at java.util.concurrent.ThreadPoolExecutor.runWorker(ThreadPoolExecutor.java:1149)
[00:03:34] [Craft Scheduler Thread - 9/WARN]: 	at java.util.concurrent.ThreadPoolExecutor$Worker.run(ThreadPoolExecutor.java:624)
[00:03:34] [Craft Scheduler Thread - 9/WARN]: 	at java.lang.Thread.run(Thread.java:748)
[00:03:34] [Craft Scheduler Thread - 9/WARN]: java.lang.NullPointerException
[00:03:34] [Craft Scheduler Thread - 9/WARN]: 	at us.zonix.practice.board.adapter.PracticeBoard.getLobbyBoard(PracticeBoard.java:133)
[00:03:34] [Craft Scheduler Thread - 9/WARN]: 	at us.zonix.practice.board.adapter.PracticeBoard.getScoreboard(PracticeBoard.java:74)
[00:03:34] [Craft Scheduler Thread - 9/WARN]: 	at us.zonix.practice.board.BoardManager.run(BoardManager.java:42)
[00:03:34] [Craft Scheduler Thread - 9/WARN]: 	at org.bukkit.craftbukkit.v1_8_R3.scheduler.CraftTask.run(CraftTask.java:64)
[00:03:34] [Craft Scheduler Thread - 9/WARN]: 	at org.bukkit.craftbukkit.v1_8_R3.scheduler.CraftAsyncTask.run(CraftAsyncTask.java:53)
[00:03:34] [Craft Scheduler Thread - 9/WARN]: 	at org.github.paperspigot.ServerSchedulerReportingWrapper.run(ServerSchedulerReportingWrapper.java:23)
[00:03:34] [Craft Scheduler Thread - 9/WARN]: 	at java.util.concurrent.ThreadPoolExecutor.runWorker(ThreadPoolExecutor.java:1149)
[00:03:34] [Craft Scheduler Thread - 9/WARN]: 	at java.util.concurrent.ThreadPoolExecutor$Worker.run(ThreadPoolExecutor.java:624)
[00:03:34] [Craft Scheduler Thread - 9/WARN]: 	at java.lang.Thread.run(Thread.java:748)
[00:03:34] [Craft Scheduler Thread - 7/WARN]: java.lang.NullPointerException
[00:03:34] [Craft Scheduler Thread - 7/WARN]: 	at us.zonix.practice.board.adapter.PracticeBoard.getLobbyBoard(PracticeBoard.java:133)
[00:03:34] [Craft Scheduler Thread - 7/WARN]: 	at us.zonix.practice.board.adapter.PracticeBoard.getScoreboard(PracticeBoard.java:74)
[00:03:34] [Craft Scheduler Thread - 7/WARN]: 	at us.zonix.practice.board.BoardManager.run(BoardManager.java:42)
[00:03:34] [Craft Scheduler Thread - 7/WARN]: 	at org.bukkit.craftbukkit.v1_8_R3.scheduler.CraftTask.run(CraftTask.java:64)
[00:03:34] [Craft Scheduler Thread - 7/WARN]: 	at org.bukkit.craftbukkit.v1_8_R3.scheduler.CraftAsyncTask.run(CraftAsyncTask.java:53)
[00:03:34] [Craft Scheduler Thread - 7/WARN]: 	at org.github.paperspigot.ServerSchedulerReportingWrapper.run(ServerSchedulerReportingWrapper.java:23)
[00:03:34] [Craft Scheduler Thread - 7/WARN]: 	at java.util.concurrent.ThreadPoolExecutor.runWorker(ThreadPoolExecutor.java:1149)
[00:03:34] [Craft Scheduler Thread - 7/WARN]: 	at java.util.concurrent.ThreadPoolExecutor$Worker.run(ThreadPoolExecutor.java:624)
[00:03:34] [Craft Scheduler Thread - 7/WARN]: 	at java.lang.Thread.run(Thread.java:748)
[00:03:34] [Craft Scheduler Thread - 7/WARN]: java.lang.NullPointerException
[00:03:34] [Craft Scheduler Thread - 7/WARN]: 	at us.zonix.practice.board.adapter.PracticeBoard.getLobbyBoard(PracticeBoard.java:133)
[00:03:34] [Craft Scheduler Thread - 7/WARN]: 	at us.zonix.practice.board.adapter.PracticeBoard.getScoreboard(PracticeBoard.java:74)
[00:03:34] [Craft Scheduler Thread - 7/WARN]: 	at us.zonix.practice.board.BoardManager.run(BoardManager.java:42)
[00:03:34] [Craft Scheduler Thread - 7/WARN]: 	at org.bukkit.craftbukkit.v1_8_R3.scheduler.CraftTask.run(CraftTask.java:64)
[00:03:34] [Craft Scheduler Thread - 7/WARN]: 	at org.bukkit.craftbukkit.v1_8_R3.scheduler.CraftAsyncTask.run(CraftAsyncTask.java:53)
[00:03:34] [Craft Scheduler Thread - 7/WARN]: 	at org.github.paperspigot.ServerSchedulerReportingWrapper.run(ServerSchedulerReportingWrapper.java:23)
[00:03:34] [Craft Scheduler Thread - 7/WARN]: 	at java.util.concurrent.ThreadPoolExecutor.runWorker(ThreadPoolExecutor.java:1149)
[00:03:34] [Craft Scheduler Thread - 7/WARN]: 	at java.util.concurrent.ThreadPoolExecutor$Worker.run(ThreadPoolExecutor.java:624)
[00:03:34] [Craft Scheduler Thread - 7/WARN]: 	at java.lang.Thread.run(Thread.java:748)
[00:03:34] [Craft Scheduler Thread - 3/WARN]: java.lang.NullPointerException
[00:03:34] [Craft Scheduler Thread - 3/WARN]: 	at us.zonix.practice.board.adapter.PracticeBoard.getLobbyBoard(PracticeBoard.java:133)
[00:03:34] [Craft Scheduler Thread - 3/WARN]: 	at us.zonix.practice.board.adapter.PracticeBoard.getScoreboard(PracticeBoard.java:74)
[00:03:34] [Craft Scheduler Thread - 3/WARN]: 	at us.zonix.practice.board.BoardManager.run(BoardManager.java:42)
[00:03:34] [Craft Scheduler Thread - 3/WARN]: 	at org.bukkit.craftbukkit.v1_8_R3.scheduler.CraftTask.run(CraftTask.java:64)
[00:03:34] [Craft Scheduler Thread - 3/WARN]: 	at org.bukkit.craftbukkit.v1_8_R3.scheduler.CraftAsyncTask.run(CraftAsyncTask.java:53)
[00:03:34] [Craft Scheduler Thread - 3/WARN]: 	at org.github.paperspigot.ServerSchedulerReportingWrapper.run(ServerSchedulerReportingWrapper.java:23)
[00:03:34] [Craft Scheduler Thread - 3/WARN]: 	at java.util.concurrent.ThreadPoolExecutor.runWorker(ThreadPoolExecutor.java:1149)
[00:03:34] [Craft Scheduler Thread - 3/WARN]: 	at java.util.concurrent.ThreadPoolExecutor$Worker.run(ThreadPoolExecutor.java:624)
[00:03:34] [Craft Scheduler Thread - 3/WARN]: 	at java.lang.Thread.run(Thread.java:748)
[00:03:34] [Craft Scheduler Thread - 3/WARN]: java.lang.NullPointerException
[00:03:34] [Craft Scheduler Thread - 3/WARN]: 	at us.zonix.practice.board.adapter.PracticeBoard.getLobbyBoard(PracticeBoard.java:133)
[00:03:34] [Craft Scheduler Thread - 3/WARN]: 	at us.zonix.practice.board.adapter.PracticeBoard.getScoreboard(PracticeBoard.java:74)
[00:03:34] [Craft Scheduler Thread - 3/WARN]: 	at us.zonix.practice.board.BoardManager.run(BoardManager.java:42)
[00:03:34] [Craft Scheduler Thread - 3/WARN]: 	at org.bukkit.craftbukkit.v1_8_R3.scheduler.CraftTask.run(CraftTask.java:64)
[00:03:34] [Craft Scheduler Thread - 3/WARN]: 	at org.bukkit.craftbukkit.v1_8_R3.scheduler.CraftAsyncTask.run(CraftAsyncTask.java:53)
[00:03:34] [Craft Scheduler Thread - 3/WARN]: 	at org.github.paperspigot.ServerSchedulerReportingWrapper.run(ServerSchedulerReportingWrapper.java:23)
[00:03:34] [Craft Scheduler Thread - 3/WARN]: 	at java.util.concurrent.ThreadPoolExecutor.runWorker(ThreadPoolExecutor.java:1149)
[00:03:34] [Craft Scheduler Thread - 3/WARN]: 	at java.util.concurrent.ThreadPoolExecutor$Worker.run(ThreadPoolExecutor.java:624)
[00:03:34] [Craft Scheduler Thread - 3/WARN]: 	at java.lang.Thread.run(Thread.java:748)
[00:03:34] [Craft Scheduler Thread - 11/WARN]: java.lang.NullPointerException
[00:03:34] [Craft Scheduler Thread - 11/WARN]: 	at us.zonix.practice.board.adapter.PracticeBoard.getLobbyBoard(PracticeBoard.java:133)
[00:03:34] [Craft Scheduler Thread - 11/WARN]: 	at us.zonix.practice.board.adapter.PracticeBoard.getScoreboard(PracticeBoard.java:74)
[00:03:34] [Craft Scheduler Thread - 11/WARN]: 	at us.zonix.practice.board.BoardManager.run(BoardManager.java:42)
[00:03:34] [Craft Scheduler Thread - 11/WARN]: 	at org.bukkit.craftbukkit.v1_8_R3.scheduler.CraftTask.run(CraftTask.java:64)
[00:03:34] [Craft Scheduler Thread - 11/WARN]: 	at org.bukkit.craftbukkit.v1_8_R3.scheduler.CraftAsyncTask.run(CraftAsyncTask.java:53)
[00:03:34] [Craft Scheduler Thread - 11/WARN]: 	at org.github.paperspigot.ServerSchedulerReportingWrapper.run(ServerSchedulerReportingWrapper.java:23)
[00:03:34] [Craft Scheduler Thread - 11/WARN]: 	at java.util.concurrent.ThreadPoolExecutor.runWorker(ThreadPoolExecutor.java:1149)
[00:03:34] [Craft Scheduler Thread - 11/WARN]: 	at java.util.concurrent.ThreadPoolExecutor$Worker.run(ThreadPoolExecutor.java:624)
[00:03:34] [Craft Scheduler Thread - 11/WARN]: 	at java.lang.Thread.run(Thread.java:748)
[00:03:34] [Craft Scheduler Thread - 11/WARN]: java.lang.NullPointerException
[00:03:34] [Craft Scheduler Thread - 11/WARN]: 	at us.zonix.practice.board.adapter.PracticeBoard.getLobbyBoard(PracticeBoard.java:133)
[00:03:34] [Craft Scheduler Thread - 11/WARN]: 	at us.zonix.practice.board.adapter.PracticeBoard.getScoreboard(PracticeBoard.java:74)
[00:03:34] [Craft Scheduler Thread - 11/WARN]: 	at us.zonix.practice.board.BoardManager.run(BoardManager.java:42)
[00:03:34] [Craft Scheduler Thread - 11/WARN]: 	at org.bukkit.craftbukkit.v1_8_R3.scheduler.CraftTask.run(CraftTask.java:64)
[00:03:34] [Craft Scheduler Thread - 11/WARN]: 	at org.bukkit.craftbukkit.v1_8_R3.scheduler.CraftAsyncTask.run(CraftAsyncTask.java:53)
[00:03:34] [Craft Scheduler Thread - 11/WARN]: 	at org.github.paperspigot.ServerSchedulerReportingWrapper.run(ServerSchedulerReportingWrapper.java:23)
[00:03:34] [Craft Scheduler Thread - 11/WARN]: 	at java.util.concurrent.ThreadPoolExecutor.runWorker(ThreadPoolExecutor.java:1149)
[00:03:34] [Craft Scheduler Thread - 11/WARN]: 	at java.util.concurrent.ThreadPoolExecutor$Worker.run(ThreadPoolExecutor.java:624)
[00:03:34] [Craft Scheduler Thread - 11/WARN]: 	at java.lang.Thread.run(Thread.java:748)
[00:03:34] [Craft Scheduler Thread - 7/WARN]: java.lang.NullPointerException
[00:03:34] [Craft Scheduler Thread - 7/WARN]: 	at us.zonix.practice.board.adapter.PracticeBoard.getLobbyBoard(PracticeBoard.java:133)
[00:03:34] [Craft Scheduler Thread - 7/WARN]: 	at us.zonix.practice.board.adapter.PracticeBoard.getScoreboard(PracticeBoard.java:74)
[00:03:34] [Craft Scheduler Thread - 7/WARN]: 	at us.zonix.practice.board.BoardManager.run(BoardManager.java:42)
[00:03:34] [Craft Scheduler Thread - 7/WARN]: 	at org.bukkit.craftbukkit.v1_8_R3.scheduler.CraftTask.run(CraftTask.java:64)
[00:03:34] [Craft Scheduler Thread - 7/WARN]: 	at org.bukkit.craftbukkit.v1_8_R3.scheduler.CraftAsyncTask.run(CraftAsyncTask.java:53)
[00:03:34] [Craft Scheduler Thread - 7/WARN]: 	at org.github.paperspigot.ServerSchedulerReportingWrapper.run(ServerSchedulerReportingWrapper.java:23)
[00:03:34] [Craft Scheduler Thread - 7/WARN]: 	at java.util.concurrent.ThreadPoolExecutor.runWorker(ThreadPoolExecutor.java:1149)
[00:03:34] [Craft Scheduler Thread - 7/WARN]: 	at java.util.concurrent.ThreadPoolExecutor$Worker.run(ThreadPoolExecutor.java:624)
[00:03:34] [Craft Scheduler Thread - 7/WARN]: 	at java.lang.Thread.run(Thread.java:748)
[00:03:34] [Craft Scheduler Thread - 7/WARN]: java.lang.NullPointerException
[00:03:34] [Craft Scheduler Thread - 7/WARN]: 	at us.zonix.practice.board.adapter.PracticeBoard.getLobbyBoard(PracticeBoard.java:133)
[00:03:34] [Craft Scheduler Thread - 7/WARN]: 	at us.zonix.practice.board.adapter.PracticeBoard.getScoreboard(PracticeBoard.java:74)
[00:03:34] [Craft Scheduler Thread - 7/WARN]: 	at us.zonix.practice.board.BoardManager.run(BoardManager.java:42)
[00:03:34] [Craft Scheduler Thread - 7/WARN]: 	at org.bukkit.craftbukkit.v1_8_R3.scheduler.CraftTask.run(CraftTask.java:64)
[00:03:34] [Craft Scheduler Thread - 7/WARN]: 	at org.bukkit.craftbukkit.v1_8_R3.scheduler.CraftAsyncTask.run(CraftAsyncTask.java:53)
[00:03:34] [Craft Scheduler Thread - 7/WARN]: 	at org.github.paperspigot.ServerSchedulerReportingWrapper.run(ServerSchedulerReportingWrapper.java:23)
[00:03:34] [Craft Scheduler Thread - 7/WARN]: 	at java.util.concurrent.ThreadPoolExecutor.runWorker(ThreadPoolExecutor.java:1149)
[00:03:34] [Craft Scheduler Thread - 7/WARN]: 	at java.util.concurrent.ThreadPoolExecutor$Worker.run(ThreadPoolExecutor.java:624)
[00:03:34] [Craft Scheduler Thread - 7/WARN]: 	at java.lang.Thread.run(Thread.java:748)
[00:03:34] [Craft Scheduler Thread - 11/WARN]: java.lang.NullPointerException
[00:03:34] [Craft Scheduler Thread - 11/WARN]: 	at us.zonix.practice.board.adapter.PracticeBoard.getLobbyBoard(PracticeBoard.java:133)
[00:03:34] [Craft Scheduler Thread - 11/WARN]: 	at us.zonix.practice.board.adapter.PracticeBoard.getScoreboard(PracticeBoard.java:74)
[00:03:34] [Craft Scheduler Thread - 11/WARN]: 	at us.zonix.practice.board.BoardManager.run(BoardManager.java:42)
[00:03:34] [Craft Scheduler Thread - 11/WARN]: 	at org.bukkit.craftbukkit.v1_8_R3.scheduler.CraftTask.run(CraftTask.java:64)
[00:03:34] [Craft Scheduler Thread - 11/WARN]: 	at org.bukkit.craftbukkit.v1_8_R3.scheduler.CraftAsyncTask.run(CraftAsyncTask.java:53)
[00:03:34] [Craft Scheduler Thread - 11/WARN]: 	at org.github.paperspigot.ServerSchedulerReportingWrapper.run(ServerSchedulerReportingWrapper.java:23)
[00:03:34] [Craft Scheduler Thread - 11/WARN]: 	at java.util.concurrent.ThreadPoolExecutor.runWorker(ThreadPoolExecutor.java:1149)
[00:03:34] [Craft Scheduler Thread - 11/WARN]: 	at java.util.concurrent.ThreadPoolExecutor$Worker.run(ThreadPoolExecutor.java:624)
[00:03:34] [Craft Scheduler Thread - 11/WARN]: 	at java.lang.Thread.run(Thread.java:748)
[00:03:34] [Craft Scheduler Thread - 11/WARN]: java.lang.NullPointerException
[00:03:34] [Craft Scheduler Thread - 11/WARN]: 	at us.zonix.practice.board.adapter.PracticeBoard.getLobbyBoard(PracticeBoard.java:133)
[00:03:34] [Craft Scheduler Thread - 11/WARN]: 	at us.zonix.practice.board.adapter.PracticeBoard.getScoreboard(PracticeBoard.java:74)
[00:03:34] [Craft Scheduler Thread - 11/WARN]: 	at us.zonix.practice.board.BoardManager.run(BoardManager.java:42)
[00:03:34] [Craft Scheduler Thread - 11/WARN]: 	at org.bukkit.craftbukkit.v1_8_R3.scheduler.CraftTask.run(CraftTask.java:64)
[00:03:34] [Craft Scheduler Thread - 11/WARN]: 	at org.bukkit.craftbukkit.v1_8_R3.scheduler.CraftAsyncTask.run(CraftAsyncTask.java:53)
[00:03:34] [Craft Scheduler Thread - 11/WARN]: 	at org.github.paperspigot.ServerSchedulerReportingWrapper.run(ServerSchedulerReportingWrapper.java:23)
[00:03:34] [Craft Scheduler Thread - 11/WARN]: 	at java.util.concurrent.ThreadPoolExecutor.runWorker(ThreadPoolExecutor.java:1149)
[00:03:34] [Craft Scheduler Thread - 11/WARN]: 	at java.util.concurrent.ThreadPoolExecutor$Worker.run(ThreadPoolExecutor.java:624)
[00:03:34] [Craft Scheduler Thread - 11/WARN]: 	at java.lang.Thread.run(Thread.java:748)
[00:03:34] [Craft Scheduler Thread - 9/WARN]: java.lang.NullPointerException
[00:03:34] [Craft Scheduler Thread - 9/WARN]: 	at us.zonix.practice.board.adapter.PracticeBoard.getLobbyBoard(PracticeBoard.java:133)
[00:03:34] [Craft Scheduler Thread - 9/WARN]: 	at us.zonix.practice.board.adapter.PracticeBoard.getScoreboard(PracticeBoard.java:74)
[00:03:34] [Craft Scheduler Thread - 9/WARN]: 	at us.zonix.practice.board.BoardManager.run(BoardManager.java:42)
[00:03:34] [Craft Scheduler Thread - 9/WARN]: 	at org.bukkit.craftbukkit.v1_8_R3.scheduler.CraftTask.run(CraftTask.java:64)
[00:03:34] [Craft Scheduler Thread - 9/WARN]: 	at org.bukkit.craftbukkit.v1_8_R3.scheduler.CraftAsyncTask.run(CraftAsyncTask.java:53)
[00:03:34] [Craft Scheduler Thread - 9/WARN]: 	at org.github.paperspigot.ServerSchedulerReportingWrapper.run(ServerSchedulerReportingWrapper.java:23)
[00:03:34] [Craft Scheduler Thread - 9/WARN]: 	at java.util.concurrent.ThreadPoolExecutor.runWorker(ThreadPoolExecutor.java:1149)
[00:03:34] [Craft Scheduler Thread - 9/WARN]: 	at java.util.concurrent.ThreadPoolExecutor$Worker.run(ThreadPoolExecutor.java:624)
[00:03:34] [Craft Scheduler Thread - 9/WARN]: 	at java.lang.Thread.run(Thread.java:748)
[00:03:34] [Craft Scheduler Thread - 9/WARN]: java.lang.NullPointerException
[00:03:34] [Craft Scheduler Thread - 9/WARN]: 	at us.zonix.practice.board.adapter.PracticeBoard.getLobbyBoard(PracticeBoard.java:133)
[00:03:34] [Craft Scheduler Thread - 9/WARN]: 	at us.zonix.practice.board.adapter.PracticeBoard.getScoreboard(PracticeBoard.java:74)
[00:03:34] [Craft Scheduler Thread - 9/WARN]: 	at us.zonix.practice.board.BoardManager.run(BoardManager.java:42)
[00:03:34] [Craft Scheduler Thread - 9/WARN]: 	at org.bukkit.craftbukkit.v1_8_R3.scheduler.CraftTask.run(CraftTask.java:64)
[00:03:34] [Craft Scheduler Thread - 9/WARN]: 	at org.bukkit.craftbukkit.v1_8_R3.scheduler.CraftAsyncTask.run(CraftAsyncTask.java:53)
[00:03:34] [Craft Scheduler Thread - 9/WARN]: 	at org.github.paperspigot.ServerSchedulerReportingWrapper.run(ServerSchedulerReportingWrapper.java:23)
[00:03:34] [Craft Scheduler Thread - 9/WARN]: 	at java.util.concurrent.ThreadPoolExecutor.runWorker(ThreadPoolExecutor.java:1149)
[00:03:34] [Craft Scheduler Thread - 9/WARN]: 	at java.util.concurrent.ThreadPoolExecutor$Worker.run(ThreadPoolExecutor.java:624)
[00:03:34] [Craft Scheduler Thread - 9/WARN]: 	at java.lang.Thread.run(Thread.java:748)
[00:03:35] [Craft Scheduler Thread - 3/WARN]: java.lang.NullPointerException
[00:03:35] [Craft Scheduler Thread - 3/WARN]: 	at us.zonix.practice.board.adapter.PracticeBoard.getLobbyBoard(PracticeBoard.java:133)
[00:03:35] [Craft Scheduler Thread - 3/WARN]: 	at us.zonix.practice.board.adapter.PracticeBoard.getScoreboard(PracticeBoard.java:74)
[00:03:35] [Craft Scheduler Thread - 3/WARN]: 	at us.zonix.practice.board.BoardManager.run(BoardManager.java:42)
[00:03:35] [Craft Scheduler Thread - 3/WARN]: 	at org.bukkit.craftbukkit.v1_8_R3.scheduler.CraftTask.run(CraftTask.java:64)
[00:03:35] [Craft Scheduler Thread - 3/WARN]: 	at org.bukkit.craftbukkit.v1_8_R3.scheduler.CraftAsyncTask.run(CraftAsyncTask.java:53)
[00:03:35] [Craft Scheduler Thread - 3/WARN]: 	at org.github.paperspigot.ServerSchedulerReportingWrapper.run(ServerSchedulerReportingWrapper.java:23)
[00:03:35] [Craft Scheduler Thread - 3/WARN]: 	at java.util.concurrent.ThreadPoolExecutor.runWorker(ThreadPoolExecutor.java:1149)
[00:03:35] [Craft Scheduler Thread - 3/WARN]: 	at java.util.concurrent.ThreadPoolExecutor$Worker.run(ThreadPoolExecutor.java:624)
[00:03:35] [Craft Scheduler Thread - 3/WARN]: 	at java.lang.Thread.run(Thread.java:748)
[00:03:35] [Craft Scheduler Thread - 3/WARN]: java.lang.NullPointerException
[00:03:35] [Craft Scheduler Thread - 3/WARN]: 	at us.zonix.practice.board.adapter.PracticeBoard.getLobbyBoard(PracticeBoard.java:133)
[00:03:35] [Craft Scheduler Thread - 3/WARN]: 	at us.zonix.practice.board.adapter.PracticeBoard.getScoreboard(PracticeBoard.java:74)
[00:03:35] [Craft Scheduler Thread - 3/WARN]: 	at us.zonix.practice.board.BoardManager.run(BoardManager.java:42)
[00:03:35] [Craft Scheduler Thread - 3/WARN]: 	at org.bukkit.craftbukkit.v1_8_R3.scheduler.CraftTask.run(CraftTask.java:64)
[00:03:35] [Craft Scheduler Thread - 3/WARN]: 	at org.bukkit.craftbukkit.v1_8_R3.scheduler.CraftAsyncTask.run(CraftAsyncTask.java:53)
[00:03:35] [Craft Scheduler Thread - 3/WARN]: 	at org.github.paperspigot.ServerSchedulerReportingWrapper.run(ServerSchedulerReportingWrapper.java:23)
[00:03:35] [Craft Scheduler Thread - 3/WARN]: 	at java.util.concurrent.ThreadPoolExecutor.runWorker(ThreadPoolExecutor.java:1149)
[00:03:35] [Craft Scheduler Thread - 3/WARN]: 	at java.util.concurrent.ThreadPoolExecutor$Worker.run(ThreadPoolExecutor.java:624)
[00:03:35] [Craft Scheduler Thread - 3/WARN]: 	at java.lang.Thread.run(Thread.java:748)
[00:03:35] [Craft Scheduler Thread - 7/WARN]: java.lang.NullPointerException
[00:03:35] [Craft Scheduler Thread - 7/WARN]: 	at us.zonix.practice.board.adapter.PracticeBoard.getLobbyBoard(PracticeBoard.java:133)
[00:03:35] [Craft Scheduler Thread - 7/WARN]: 	at us.zonix.practice.board.adapter.PracticeBoard.getScoreboard(PracticeBoard.java:74)
[00:03:35] [Craft Scheduler Thread - 7/WARN]: 	at us.zonix.practice.board.BoardManager.run(BoardManager.java:42)
[00:03:35] [Craft Scheduler Thread - 7/WARN]: 	at org.bukkit.craftbukkit.v1_8_R3.scheduler.CraftTask.run(CraftTask.java:64)
[00:03:35] [Craft Scheduler Thread - 7/WARN]: 	at org.bukkit.craftbukkit.v1_8_R3.scheduler.CraftAsyncTask.run(CraftAsyncTask.java:53)
[00:03:35] [Craft Scheduler Thread - 7/WARN]: 	at org.github.paperspigot.ServerSchedulerReportingWrapper.run(ServerSchedulerReportingWrapper.java:23)
[00:03:35] [Craft Scheduler Thread - 7/WARN]: 	at java.util.concurrent.ThreadPoolExecutor.runWorker(ThreadPoolExecutor.java:1149)
[00:03:35] [Craft Scheduler Thread - 7/WARN]: 	at java.util.concurrent.ThreadPoolExecutor$Worker.run(ThreadPoolExecutor.java:624)
[00:03:35] [Craft Scheduler Thread - 7/WARN]: 	at java.lang.Thread.run(Thread.java:748)
[00:03:35] [Craft Scheduler Thread - 7/WARN]: java.lang.NullPointerException
[00:03:35] [Craft Scheduler Thread - 7/WARN]: 	at us.zonix.practice.board.adapter.PracticeBoard.getLobbyBoard(PracticeBoard.java:133)
[00:03:35] [Craft Scheduler Thread - 7/WARN]: 	at us.zonix.practice.board.adapter.PracticeBoard.getScoreboard(PracticeBoard.java:74)
[00:03:35] [Craft Scheduler Thread - 7/WARN]: 	at us.zonix.practice.board.BoardManager.run(BoardManager.java:42)
[00:03:35] [Craft Scheduler Thread - 7/WARN]: 	at org.bukkit.craftbukkit.v1_8_R3.scheduler.CraftTask.run(CraftTask.java:64)
[00:03:35] [Craft Scheduler Thread - 7/WARN]: 	at org.bukkit.craftbukkit.v1_8_R3.scheduler.CraftAsyncTask.run(CraftAsyncTask.java:53)
[00:03:35] [Craft Scheduler Thread - 7/WARN]: 	at org.github.paperspigot.ServerSchedulerReportingWrapper.run(ServerSchedulerReportingWrapper.java:23)
[00:03:35] [Craft Scheduler Thread - 7/WARN]: 	at java.util.concurrent.ThreadPoolExecutor.runWorker(ThreadPoolExecutor.java:1149)
[00:03:35] [Craft Scheduler Thread - 7/WARN]: 	at java.util.concurrent.ThreadPoolExecutor$Worker.run(ThreadPoolExecutor.java:624)
[00:03:35] [Craft Scheduler Thread - 7/WARN]: 	at java.lang.Thread.run(Thread.java:748)
[00:03:35] [Craft Scheduler Thread - 11/WARN]: java.lang.NullPointerException
[00:03:35] [Craft Scheduler Thread - 11/WARN]: 	at us.zonix.practice.board.adapter.PracticeBoard.getLobbyBoard(PracticeBoard.java:133)
[00:03:35] [Craft Scheduler Thread - 11/WARN]: 	at us.zonix.practice.board.adapter.PracticeBoard.getScoreboard(PracticeBoard.java:74)
[00:03:35] [Craft Scheduler Thread - 11/WARN]: 	at us.zonix.practice.board.BoardManager.run(BoardManager.java:42)
[00:03:35] [Craft Scheduler Thread - 11/WARN]: 	at org.bukkit.craftbukkit.v1_8_R3.scheduler.CraftTask.run(CraftTask.java:64)
[00:03:35] [Craft Scheduler Thread - 11/WARN]: 	at org.bukkit.craftbukkit.v1_8_R3.scheduler.CraftAsyncTask.run(CraftAsyncTask.java:53)
[00:03:35] [Craft Scheduler Thread - 11/WARN]: 	at org.github.paperspigot.ServerSchedulerReportingWrapper.run(ServerSchedulerReportingWrapper.java:23)
[00:03:35] [Craft Scheduler Thread - 11/WARN]: 	at java.util.concurrent.ThreadPoolExecutor.runWorker(ThreadPoolExecutor.java:1149)
[00:03:35] [Craft Scheduler Thread - 11/WARN]: 	at java.util.concurrent.ThreadPoolExecutor$Worker.run(ThreadPoolExecutor.java:624)
[00:03:35] [Craft Scheduler Thread - 11/WARN]: 	at java.lang.Thread.run(Thread.java:748)
[00:03:35] [Craft Scheduler Thread - 11/WARN]: java.lang.NullPointerException
[00:03:35] [Craft Scheduler Thread - 11/WARN]: 	at us.zonix.practice.board.adapter.PracticeBoard.getLobbyBoard(PracticeBoard.java:133)
[00:03:35] [Craft Scheduler Thread - 11/WARN]: 	at us.zonix.practice.board.adapter.PracticeBoard.getScoreboard(PracticeBoard.java:74)
[00:03:35] [Craft Scheduler Thread - 11/WARN]: 	at us.zonix.practice.board.BoardManager.run(BoardManager.java:42)
[00:03:35] [Craft Scheduler Thread - 11/WARN]: 	at org.bukkit.craftbukkit.v1_8_R3.scheduler.CraftTask.run(CraftTask.java:64)
[00:03:35] [Craft Scheduler Thread - 11/WARN]: 	at org.bukkit.craftbukkit.v1_8_R3.scheduler.CraftAsyncTask.run(CraftAsyncTask.java:53)
[00:03:35] [Craft Scheduler Thread - 11/WARN]: 	at org.github.paperspigot.ServerSchedulerReportingWrapper.run(ServerSchedulerReportingWrapper.java:23)
[00:03:35] [Craft Scheduler Thread - 11/WARN]: 	at java.util.concurrent.ThreadPoolExecutor.runWorker(ThreadPoolExecutor.java:1149)
[00:03:35] [Craft Scheduler Thread - 11/WARN]: 	at java.util.concurrent.ThreadPoolExecutor$Worker.run(ThreadPoolExecutor.java:624)
[00:03:35] [Craft Scheduler Thread - 11/WARN]: 	at java.lang.Thread.run(Thread.java:748)
[00:03:35] [Craft Scheduler Thread - 9/WARN]: java.lang.NullPointerException
[00:03:35] [Craft Scheduler Thread - 9/WARN]: 	at us.zonix.practice.board.adapter.PracticeBoard.getLobbyBoard(PracticeBoard.java:133)
[00:03:35] [Craft Scheduler Thread - 9/WARN]: 	at us.zonix.practice.board.adapter.PracticeBoard.getScoreboard(PracticeBoard.java:74)
[00:03:35] [Craft Scheduler Thread - 9/WARN]: 	at us.zonix.practice.board.BoardManager.run(BoardManager.java:42)
[00:03:35] [Craft Scheduler Thread - 9/WARN]: 	at org.bukkit.craftbukkit.v1_8_R3.scheduler.CraftTask.run(CraftTask.java:64)
[00:03:35] [Craft Scheduler Thread - 9/WARN]: 	at org.bukkit.craftbukkit.v1_8_R3.scheduler.CraftAsyncTask.run(CraftAsyncTask.java:53)
[00:03:35] [Craft Scheduler Thread - 9/WARN]: 	at org.github.paperspigot.ServerSchedulerReportingWrapper.run(ServerSchedulerReportingWrapper.java:23)
[00:03:35] [Craft Scheduler Thread - 9/WARN]: 	at java.util.concurrent.ThreadPoolExecutor.runWorker(ThreadPoolExecutor.java:1149)
[00:03:35] [Craft Scheduler Thread - 9/WARN]: 	at java.util.concurrent.ThreadPoolExecutor$Worker.run(ThreadPoolExecutor.java:624)
[00:03:35] [Craft Scheduler Thread - 9/WARN]: 	at java.lang.Thread.run(Thread.java:748)
[00:03:35] [Craft Scheduler Thread - 9/WARN]: java.lang.NullPointerException
[00:03:35] [Craft Scheduler Thread - 9/WARN]: 	at us.zonix.practice.board.adapter.PracticeBoard.getLobbyBoard(PracticeBoard.java:133)
[00:03:35] [Craft Scheduler Thread - 9/WARN]: 	at us.zonix.practice.board.adapter.PracticeBoard.getScoreboard(PracticeBoard.java:74)
[00:03:35] [Craft Scheduler Thread - 9/WARN]: 	at us.zonix.practice.board.BoardManager.run(BoardManager.java:42)
[00:03:35] [Craft Scheduler Thread - 9/WARN]: 	at org.bukkit.craftbukkit.v1_8_R3.scheduler.CraftTask.run(CraftTask.java:64)
[00:03:35] [Craft Scheduler Thread - 9/WARN]: 	at org.bukkit.craftbukkit.v1_8_R3.scheduler.CraftAsyncTask.run(CraftAsyncTask.java:53)
[00:03:35] [Craft Scheduler Thread - 9/WARN]: 	at org.github.paperspigot.ServerSchedulerReportingWrapper.run(ServerSchedulerReportingWrapper.java:23)
[00:03:35] [Craft Scheduler Thread - 9/WARN]: 	at java.util.concurrent.ThreadPoolExecutor.runWorker(ThreadPoolExecutor.java:1149)
[00:03:35] [Craft Scheduler Thread - 9/WARN]: 	at java.util.concurrent.ThreadPoolExecutor$Worker.run(ThreadPoolExecutor.java:624)
[00:03:35] [Craft Scheduler Thread - 9/WARN]: 	at java.lang.Thread.run(Thread.java:748)
[00:03:35] [Craft Scheduler Thread - 3/WARN]: java.lang.NullPointerException
[00:03:35] [Craft Scheduler Thread - 3/WARN]: 	at us.zonix.practice.board.adapter.PracticeBoard.getLobbyBoard(PracticeBoard.java:133)
[00:03:35] [Craft Scheduler Thread - 3/WARN]: 	at us.zonix.practice.board.adapter.PracticeBoard.getScoreboard(PracticeBoard.java:74)
[00:03:35] [Craft Scheduler Thread - 3/WARN]: 	at us.zonix.practice.board.BoardManager.run(BoardManager.java:42)
[00:03:35] [Craft Scheduler Thread - 3/WARN]: 	at org.bukkit.craftbukkit.v1_8_R3.scheduler.CraftTask.run(CraftTask.java:64)
[00:03:35] [Craft Scheduler Thread - 3/WARN]: 	at org.bukkit.craftbukkit.v1_8_R3.scheduler.CraftAsyncTask.run(CraftAsyncTask.java:53)
[00:03:35] [Craft Scheduler Thread - 3/WARN]: 	at org.github.paperspigot.ServerSchedulerReportingWrapper.run(ServerSchedulerReportingWrapper.java:23)
[00:03:35] [Craft Scheduler Thread - 3/WARN]: 	at java.util.concurrent.ThreadPoolExecutor.runWorker(ThreadPoolExecutor.java:1149)
[00:03:35] [Craft Scheduler Thread - 3/WARN]: 	at java.util.concurrent.ThreadPoolExecutor$Worker.run(ThreadPoolExecutor.java:624)
[00:03:35] [Craft Scheduler Thread - 3/WARN]: 	at java.lang.Thread.run(Thread.java:748)
[00:03:35] [Craft Scheduler Thread - 3/WARN]: java.lang.NullPointerException
[00:03:35] [Craft Scheduler Thread - 3/WARN]: 	at us.zonix.practice.board.adapter.PracticeBoard.getLobbyBoard(PracticeBoard.java:133)
[00:03:35] [Craft Scheduler Thread - 3/WARN]: 	at us.zonix.practice.board.adapter.PracticeBoard.getScoreboard(PracticeBoard.java:74)
[00:03:35] [Craft Scheduler Thread - 3/WARN]: 	at us.zonix.practice.board.BoardManager.run(BoardManager.java:42)
[00:03:35] [Craft Scheduler Thread - 3/WARN]: 	at org.bukkit.craftbukkit.v1_8_R3.scheduler.CraftTask.run(CraftTask.java:64)
[00:03:35] [Craft Scheduler Thread - 3/WARN]: 	at org.bukkit.craftbukkit.v1_8_R3.scheduler.CraftAsyncTask.run(CraftAsyncTask.java:53)
[00:03:35] [Craft Scheduler Thread - 3/WARN]: 	at org.github.paperspigot.ServerSchedulerReportingWrapper.run(ServerSchedulerReportingWrapper.java:23)
[00:03:35] [Craft Scheduler Thread - 3/WARN]: 	at java.util.concurrent.ThreadPoolExecutor.runWorker(ThreadPoolExecutor.java:1149)
[00:03:35] [Craft Scheduler Thread - 3/WARN]: 	at java.util.concurrent.ThreadPoolExecutor$Worker.run(ThreadPoolExecutor.java:624)
[00:03:35] [Craft Scheduler Thread - 3/WARN]: 	at java.lang.Thread.run(Thread.java:748)
[00:03:35] [Craft Scheduler Thread - 7/WARN]: java.lang.NullPointerException
[00:03:35] [Craft Scheduler Thread - 7/WARN]: 	at us.zonix.practice.board.adapter.PracticeBoard.getLobbyBoard(PracticeBoard.java:133)
[00:03:35] [Craft Scheduler Thread - 7/WARN]: 	at us.zonix.practice.board.adapter.PracticeBoard.getScoreboard(PracticeBoard.java:74)
[00:03:35] [Craft Scheduler Thread - 7/WARN]: 	at us.zonix.practice.board.BoardManager.run(BoardManager.java:42)
[00:03:35] [Craft Scheduler Thread - 7/WARN]: 	at org.bukkit.craftbukkit.v1_8_R3.scheduler.CraftTask.run(CraftTask.java:64)
[00:03:35] [Craft Scheduler Thread - 7/WARN]: 	at org.bukkit.craftbukkit.v1_8_R3.scheduler.CraftAsyncTask.run(CraftAsyncTask.java:53)
[00:03:35] [Craft Scheduler Thread - 7/WARN]: 	at org.github.paperspigot.ServerSchedulerReportingWrapper.run(ServerSchedulerReportingWrapper.java:23)
[00:03:35] [Craft Scheduler Thread - 7/WARN]: 	at java.util.concurrent.ThreadPoolExecutor.runWorker(ThreadPoolExecutor.java:1149)
[00:03:35] [Craft Scheduler Thread - 7/WARN]: 	at java.util.concurrent.ThreadPoolExecutor$Worker.run(ThreadPoolExecutor.java:624)
[00:03:35] [Craft Scheduler Thread - 7/WARN]: 	at java.lang.Thread.run(Thread.java:748)
[00:03:35] [Craft Scheduler Thread - 7/WARN]: java.lang.NullPointerException
[00:03:35] [Craft Scheduler Thread - 7/WARN]: 	at us.zonix.practice.board.adapter.PracticeBoard.getLobbyBoard(PracticeBoard.java:133)
[00:03:35] [Craft Scheduler Thread - 7/WARN]: 	at us.zonix.practice.board.adapter.PracticeBoard.getScoreboard(PracticeBoard.java:74)
[00:03:35] [Craft Scheduler Thread - 7/WARN]: 	at us.zonix.practice.board.BoardManager.run(BoardManager.java:42)
[00:03:35] [Craft Scheduler Thread - 7/WARN]: 	at org.bukkit.craftbukkit.v1_8_R3.scheduler.CraftTask.run(CraftTask.java:64)
[00:03:35] [Craft Scheduler Thread - 7/WARN]: 	at org.bukkit.craftbukkit.v1_8_R3.scheduler.CraftAsyncTask.run(CraftAsyncTask.java:53)
[00:03:35] [Craft Scheduler Thread - 7/WARN]: 	at org.github.paperspigot.ServerSchedulerReportingWrapper.run(ServerSchedulerReportingWrapper.java:23)
[00:03:35] [Craft Scheduler Thread - 7/WARN]: 	at java.util.concurrent.ThreadPoolExecutor.runWorker(ThreadPoolExecutor.java:1149)
[00:03:35] [Craft Scheduler Thread - 7/WARN]: 	at java.util.concurrent.ThreadPoolExecutor$Worker.run(ThreadPoolExecutor.java:624)
[00:03:35] [Craft Scheduler Thread - 7/WARN]: 	at java.lang.Thread.run(Thread.java:748)
[00:03:35] [Craft Scheduler Thread - 11/WARN]: java.lang.NullPointerException
[00:03:35] [Craft Scheduler Thread - 11/WARN]: 	at us.zonix.practice.board.adapter.PracticeBoard.getLobbyBoard(PracticeBoard.java:133)
[00:03:35] [Craft Scheduler Thread - 11/WARN]: 	at us.zonix.practice.board.adapter.PracticeBoard.getScoreboard(PracticeBoard.java:74)
[00:03:35] [Craft Scheduler Thread - 11/WARN]: 	at us.zonix.practice.board.BoardManager.run(BoardManager.java:42)
[00:03:35] [Craft Scheduler Thread - 11/WARN]: 	at org.bukkit.craftbukkit.v1_8_R3.scheduler.CraftTask.run(CraftTask.java:64)
[00:03:35] [Craft Scheduler Thread - 11/WARN]: 	at org.bukkit.craftbukkit.v1_8_R3.scheduler.CraftAsyncTask.run(CraftAsyncTask.java:53)
[00:03:35] [Craft Scheduler Thread - 11/WARN]: 	at org.github.paperspigot.ServerSchedulerReportingWrapper.run(ServerSchedulerReportingWrapper.java:23)
[00:03:35] [Craft Scheduler Thread - 11/WARN]: 	at java.util.concurrent.ThreadPoolExecutor.runWorker(ThreadPoolExecutor.java:1149)
[00:03:35] [Craft Scheduler Thread - 11/WARN]: 	at java.util.concurrent.ThreadPoolExecutor$Worker.run(ThreadPoolExecutor.java:624)
[00:03:35] [Craft Scheduler Thread - 11/WARN]: 	at java.lang.Thread.run(Thread.java:748)
[00:03:35] [Craft Scheduler Thread - 11/WARN]: java.lang.NullPointerException
[00:03:35] [Craft Scheduler Thread - 11/WARN]: 	at us.zonix.practice.board.adapter.PracticeBoard.getLobbyBoard(PracticeBoard.java:133)
[00:03:35] [Craft Scheduler Thread - 11/WARN]: 	at us.zonix.practice.board.adapter.PracticeBoard.getScoreboard(PracticeBoard.java:74)
[00:03:35] [Craft Scheduler Thread - 11/WARN]: 	at us.zonix.practice.board.BoardManager.run(BoardManager.java:42)
[00:03:35] [Craft Scheduler Thread - 11/WARN]: 	at org.bukkit.craftbukkit.v1_8_R3.scheduler.CraftTask.run(CraftTask.java:64)
[00:03:35] [Craft Scheduler Thread - 11/WARN]: 	at org.bukkit.craftbukkit.v1_8_R3.scheduler.CraftAsyncTask.run(CraftAsyncTask.java:53)
[00:03:35] [Craft Scheduler Thread - 11/WARN]: 	at org.github.paperspigot.ServerSchedulerReportingWrapper.run(ServerSchedulerReportingWrapper.java:23)
[00:03:35] [Craft Scheduler Thread - 11/WARN]: 	at java.util.concurrent.ThreadPoolExecutor.runWorker(ThreadPoolExecutor.java:1149)
[00:03:35] [Craft Scheduler Thread - 11/WARN]: 	at java.util.concurrent.ThreadPoolExecutor$Worker.run(ThreadPoolExecutor.java:624)
[00:03:35] [Craft Scheduler Thread - 11/WARN]: 	at java.lang.Thread.run(Thread.java:748)
[00:03:35] [Craft Scheduler Thread - 8/WARN]: java.lang.NullPointerException
[00:03:35] [Craft Scheduler Thread - 8/WARN]: 	at us.zonix.practice.board.adapter.PracticeBoard.getLobbyBoard(PracticeBoard.java:133)
[00:03:35] [Craft Scheduler Thread - 8/WARN]: 	at us.zonix.practice.board.adapter.PracticeBoard.getScoreboard(PracticeBoard.java:74)
[00:03:35] [Craft Scheduler Thread - 8/WARN]: 	at us.zonix.practice.board.BoardManager.run(BoardManager.java:42)
[00:03:35] [Craft Scheduler Thread - 8/WARN]: 	at org.bukkit.craftbukkit.v1_8_R3.scheduler.CraftTask.run(CraftTask.java:64)
[00:03:35] [Craft Scheduler Thread - 8/WARN]: 	at org.bukkit.craftbukkit.v1_8_R3.scheduler.CraftAsyncTask.run(CraftAsyncTask.java:53)
[00:03:35] [Craft Scheduler Thread - 8/WARN]: 	at org.github.paperspigot.ServerSchedulerReportingWrapper.run(ServerSchedulerReportingWrapper.java:23)
[00:03:35] [Craft Scheduler Thread - 8/WARN]: 	at java.util.concurrent.ThreadPoolExecutor.runWorker(ThreadPoolExecutor.java:1149)
[00:03:35] [Craft Scheduler Thread - 8/WARN]: 	at java.util.concurrent.ThreadPoolExecutor$Worker.run(ThreadPoolExecutor.java:624)
[00:03:35] [Craft Scheduler Thread - 8/WARN]: 	at java.lang.Thread.run(Thread.java:748)
[00:03:35] [Craft Scheduler Thread - 8/WARN]: java.lang.NullPointerException
[00:03:35] [Craft Scheduler Thread - 8/WARN]: 	at us.zonix.practice.board.adapter.PracticeBoard.getLobbyBoard(PracticeBoard.java:133)
[00:03:35] [Craft Scheduler Thread - 8/WARN]: 	at us.zonix.practice.board.adapter.PracticeBoard.getScoreboard(PracticeBoard.java:74)
[00:03:35] [Craft Scheduler Thread - 8/WARN]: 	at us.zonix.practice.board.BoardManager.run(BoardManager.java:42)
[00:03:35] [Craft Scheduler Thread - 8/WARN]: 	at org.bukkit.craftbukkit.v1_8_R3.scheduler.CraftTask.run(CraftTask.java:64)
[00:03:35] [Craft Scheduler Thread - 8/WARN]: 	at org.bukkit.craftbukkit.v1_8_R3.scheduler.CraftAsyncTask.run(CraftAsyncTask.java:53)
[00:03:35] [Craft Scheduler Thread - 8/WARN]: 	at org.github.paperspigot.ServerSchedulerReportingWrapper.run(ServerSchedulerReportingWrapper.java:23)
[00:03:35] [Craft Scheduler Thread - 8/WARN]: 	at java.util.concurrent.ThreadPoolExecutor.runWorker(ThreadPoolExecutor.java:1149)
[00:03:35] [Craft Scheduler Thread - 8/WARN]: 	at java.util.concurrent.ThreadPoolExecutor$Worker.run(ThreadPoolExecutor.java:624)
[00:03:35] [Craft Scheduler Thread - 8/WARN]: 	at java.lang.Thread.run(Thread.java:748)
[00:03:35] [Craft Scheduler Thread - 8/WARN]: java.lang.NullPointerException
[00:03:35] [Craft Scheduler Thread - 8/WARN]: 	at us.zonix.practice.board.adapter.PracticeBoard.getLobbyBoard(PracticeBoard.java:133)
[00:03:35] [Craft Scheduler Thread - 8/WARN]: 	at us.zonix.practice.board.adapter.PracticeBoard.getScoreboard(PracticeBoard.java:74)
[00:03:35] [Craft Scheduler Thread - 8/WARN]: 	at us.zonix.practice.board.BoardManager.run(BoardManager.java:42)
[00:03:35] [Craft Scheduler Thread - 8/WARN]: 	at org.bukkit.craftbukkit.v1_8_R3.scheduler.CraftTask.run(CraftTask.java:64)
[00:03:35] [Craft Scheduler Thread - 8/WARN]: 	at org.bukkit.craftbukkit.v1_8_R3.scheduler.CraftAsyncTask.run(CraftAsyncTask.java:53)
[00:03:35] [Craft Scheduler Thread - 8/WARN]: 	at org.github.paperspigot.ServerSchedulerReportingWrapper.run(ServerSchedulerReportingWrapper.java:23)
[00:03:35] [Craft Scheduler Thread - 8/WARN]: 	at java.util.concurrent.ThreadPoolExecutor.runWorker(ThreadPoolExecutor.java:1149)
[00:03:35] [Craft Scheduler Thread - 8/WARN]: 	at java.util.concurrent.ThreadPoolExecutor$Worker.run(ThreadPoolExecutor.java:624)
[00:03:35] [Craft Scheduler Thread - 8/WARN]: 	at java.lang.Thread.run(Thread.java:748)
[00:03:35] [Craft Scheduler Thread - 8/WARN]: java.lang.NullPointerException
[00:03:35] [Craft Scheduler Thread - 8/WARN]: 	at us.zonix.practice.board.adapter.PracticeBoard.getLobbyBoard(PracticeBoard.java:133)
[00:03:35] [Craft Scheduler Thread - 8/WARN]: 	at us.zonix.practice.board.adapter.PracticeBoard.getScoreboard(PracticeBoard.java:74)
[00:03:35] [Craft Scheduler Thread - 8/WARN]: 	at us.zonix.practice.board.BoardManager.run(BoardManager.java:42)
[00:03:35] [Craft Scheduler Thread - 8/WARN]: 	at org.bukkit.craftbukkit.v1_8_R3.scheduler.CraftTask.run(CraftTask.java:64)
[00:03:35] [Craft Scheduler Thread - 8/WARN]: 	at org.bukkit.craftbukkit.v1_8_R3.scheduler.CraftAsyncTask.run(CraftAsyncTask.java:53)
[00:03:35] [Craft Scheduler Thread - 8/WARN]: 	at org.github.paperspigot.ServerSchedulerReportingWrapper.run(ServerSchedulerReportingWrapper.java:23)
[00:03:35] [Craft Scheduler Thread - 8/WARN]: 	at java.util.concurrent.ThreadPoolExecutor.runWorker(ThreadPoolExecutor.java:1149)
[00:03:35] [Craft Scheduler Thread - 8/WARN]: 	at java.util.concurrent.ThreadPoolExecutor$Worker.run(ThreadPoolExecutor.java:624)
[00:03:35] [Craft Scheduler Thread - 8/WARN]: 	at java.lang.Thread.run(Thread.java:748)
[00:03:35] [Craft Scheduler Thread - 0/WARN]: java.lang.NullPointerException
[00:03:35] [Craft Scheduler Thread - 0/WARN]: 	at us.zonix.practice.board.adapter.PracticeBoard.getLobbyBoard(PracticeBoard.java:133)
[00:03:35] [Craft Scheduler Thread - 0/WARN]: 	at us.zonix.practice.board.adapter.PracticeBoard.getScoreboard(PracticeBoard.java:74)
[00:03:35] [Craft Scheduler Thread - 0/WARN]: 	at us.zonix.practice.board.BoardManager.run(BoardManager.java:42)
[00:03:35] [Craft Scheduler Thread - 0/WARN]: 	at org.bukkit.craftbukkit.v1_8_R3.scheduler.CraftTask.run(CraftTask.java:64)
[00:03:35] [Craft Scheduler Thread - 0/WARN]: 	at org.bukkit.craftbukkit.v1_8_R3.scheduler.CraftAsyncTask.run(CraftAsyncTask.java:53)
[00:03:35] [Craft Scheduler Thread - 0/WARN]: 	at org.github.paperspigot.ServerSchedulerReportingWrapper.run(ServerSchedulerReportingWrapper.java:23)
[00:03:35] [Craft Scheduler Thread - 0/WARN]: 	at java.util.concurrent.ThreadPoolExecutor.runWorker(ThreadPoolExecutor.java:1149)
[00:03:35] [Craft Scheduler Thread - 0/WARN]: 	at java.util.concurrent.ThreadPoolExecutor$Worker.run(ThreadPoolExecutor.java:624)
[00:03:35] [Craft Scheduler Thread - 0/WARN]: 	at java.lang.Thread.run(Thread.java:748)
[00:03:35] [Craft Scheduler Thread - 0/WARN]: java.lang.NullPointerException
[00:03:35] [Craft Scheduler Thread - 0/WARN]: 	at us.zonix.practice.board.adapter.PracticeBoard.getLobbyBoard(PracticeBoard.java:133)
[00:03:35] [Craft Scheduler Thread - 0/WARN]: 	at us.zonix.practice.board.adapter.PracticeBoard.getScoreboard(PracticeBoard.java:74)
[00:03:35] [Craft Scheduler Thread - 0/WARN]: 	at us.zonix.practice.board.BoardManager.run(BoardManager.java:42)
[00:03:35] [Craft Scheduler Thread - 0/WARN]: 	at org.bukkit.craftbukkit.v1_8_R3.scheduler.CraftTask.run(CraftTask.java:64)
[00:03:35] [Craft Scheduler Thread - 0/WARN]: 	at org.bukkit.craftbukkit.v1_8_R3.scheduler.CraftAsyncTask.run(CraftAsyncTask.java:53)
[00:03:35] [Craft Scheduler Thread - 0/WARN]: 	at org.github.paperspigot.ServerSchedulerReportingWrapper.run(ServerSchedulerReportingWrapper.java:23)
[00:03:35] [Craft Scheduler Thread - 0/WARN]: 	at java.util.concurrent.ThreadPoolExecutor.runWorker(ThreadPoolExecutor.java:1149)
[00:03:35] [Craft Scheduler Thread - 0/WARN]: 	at java.util.concurrent.ThreadPoolExecutor$Worker.run(ThreadPoolExecutor.java:624)
[00:03:35] [Craft Scheduler Thread - 0/WARN]: 	at java.lang.Thread.run(Thread.java:748)
[00:03:35] [Craft Scheduler Thread - 7/WARN]: java.lang.NullPointerException
[00:03:35] [Craft Scheduler Thread - 7/WARN]: 	at us.zonix.practice.board.adapter.PracticeBoard.getLobbyBoard(PracticeBoard.java:133)
[00:03:35] [Craft Scheduler Thread - 7/WARN]: 	at us.zonix.practice.board.adapter.PracticeBoard.getScoreboard(PracticeBoard.java:74)
[00:03:35] [Craft Scheduler Thread - 7/WARN]: 	at us.zonix.practice.board.BoardManager.run(BoardManager.java:42)
[00:03:35] [Craft Scheduler Thread - 7/WARN]: 	at org.bukkit.craftbukkit.v1_8_R3.scheduler.CraftTask.run(CraftTask.java:64)
[00:03:35] [Craft Scheduler Thread - 7/WARN]: 	at org.bukkit.craftbukkit.v1_8_R3.scheduler.CraftAsyncTask.run(CraftAsyncTask.java:53)
[00:03:35] [Craft Scheduler Thread - 7/WARN]: 	at org.github.paperspigot.ServerSchedulerReportingWrapper.run(ServerSchedulerReportingWrapper.java:23)
[00:03:35] [Craft Scheduler Thread - 7/WARN]: 	at java.util.concurrent.ThreadPoolExecutor.runWorker(ThreadPoolExecutor.java:1149)
[00:03:35] [Craft Scheduler Thread - 7/WARN]: 	at java.util.concurrent.ThreadPoolExecutor$Worker.run(ThreadPoolExecutor.java:624)
[00:03:35] [Craft Scheduler Thread - 7/WARN]: 	at java.lang.Thread.run(Thread.java:748)
[00:03:35] [Craft Scheduler Thread - 7/WARN]: java.lang.NullPointerException
[00:03:35] [Craft Scheduler Thread - 7/WARN]: 	at us.zonix.practice.board.adapter.PracticeBoard.getLobbyBoard(PracticeBoard.java:133)
[00:03:35] [Craft Scheduler Thread - 7/WARN]: 	at us.zonix.practice.board.adapter.PracticeBoard.getScoreboard(PracticeBoard.java:74)
[00:03:35] [Craft Scheduler Thread - 7/WARN]: 	at us.zonix.practice.board.BoardManager.run(BoardManager.java:42)
[00:03:35] [Craft Scheduler Thread - 7/WARN]: 	at org.bukkit.craftbukkit.v1_8_R3.scheduler.CraftTask.run(CraftTask.java:64)
[00:03:35] [Craft Scheduler Thread - 7/WARN]: 	at org.bukkit.craftbukkit.v1_8_R3.scheduler.CraftAsyncTask.run(CraftAsyncTask.java:53)
[00:03:35] [Craft Scheduler Thread - 7/WARN]: 	at org.github.paperspigot.ServerSchedulerReportingWrapper.run(ServerSchedulerReportingWrapper.java:23)
[00:03:35] [Craft Scheduler Thread - 7/WARN]: 	at java.util.concurrent.ThreadPoolExecutor.runWorker(ThreadPoolExecutor.java:1149)
[00:03:35] [Craft Scheduler Thread - 7/WARN]: 	at java.util.concurrent.ThreadPoolExecutor$Worker.run(ThreadPoolExecutor.java:624)
[00:03:35] [Craft Scheduler Thread - 7/WARN]: 	at java.lang.Thread.run(Thread.java:748)
[00:03:35] [Craft Scheduler Thread - 8/WARN]: java.lang.NullPointerException
[00:03:35] [Craft Scheduler Thread - 8/WARN]: 	at us.zonix.practice.board.adapter.PracticeBoard.getLobbyBoard(PracticeBoard.java:133)
[00:03:35] [Craft Scheduler Thread - 8/WARN]: 	at us.zonix.practice.board.adapter.PracticeBoard.getScoreboard(PracticeBoard.java:74)
[00:03:35] [Craft Scheduler Thread - 8/WARN]: 	at us.zonix.practice.board.BoardManager.run(BoardManager.java:42)
[00:03:35] [Craft Scheduler Thread - 8/WARN]: 	at org.bukkit.craftbukkit.v1_8_R3.scheduler.CraftTask.run(CraftTask.java:64)
[00:03:35] [Craft Scheduler Thread - 8/WARN]: 	at org.bukkit.craftbukkit.v1_8_R3.scheduler.CraftAsyncTask.run(CraftAsyncTask.java:53)
[00:03:35] [Craft Scheduler Thread - 8/WARN]: 	at org.github.paperspigot.ServerSchedulerReportingWrapper.run(ServerSchedulerReportingWrapper.java:23)
[00:03:35] [Craft Scheduler Thread - 8/WARN]: 	at java.util.concurrent.ThreadPoolExecutor.runWorker(ThreadPoolExecutor.java:1149)
[00:03:35] [Craft Scheduler Thread - 8/WARN]: 	at java.util.concurrent.ThreadPoolExecutor$Worker.run(ThreadPoolExecutor.java:624)
[00:03:35] [Craft Scheduler Thread - 8/WARN]: 	at java.lang.Thread.run(Thread.java:748)
[00:03:35] [Craft Scheduler Thread - 8/WARN]: java.lang.NullPointerException
[00:03:35] [Craft Scheduler Thread - 8/WARN]: 	at us.zonix.practice.board.adapter.PracticeBoard.getLobbyBoard(PracticeBoard.java:133)
[00:03:35] [Craft Scheduler Thread - 8/WARN]: 	at us.zonix.practice.board.adapter.PracticeBoard.getScoreboard(PracticeBoard.java:74)
[00:03:35] [Craft Scheduler Thread - 8/WARN]: 	at us.zonix.practice.board.BoardManager.run(BoardManager.java:42)
[00:03:35] [Craft Scheduler Thread - 8/WARN]: 	at org.bukkit.craftbukkit.v1_8_R3.scheduler.CraftTask.run(CraftTask.java:64)
[00:03:35] [Craft Scheduler Thread - 8/WARN]: 	at org.bukkit.craftbukkit.v1_8_R3.scheduler.CraftAsyncTask.run(CraftAsyncTask.java:53)
[00:03:35] [Craft Scheduler Thread - 8/WARN]: 	at org.github.paperspigot.ServerSchedulerReportingWrapper.run(ServerSchedulerReportingWrapper.java:23)
[00:03:35] [Craft Scheduler Thread - 8/WARN]: 	at java.util.concurrent.ThreadPoolExecutor.runWorker(ThreadPoolExecutor.java:1149)
[00:03:35] [Craft Scheduler Thread - 8/WARN]: 	at java.util.concurrent.ThreadPoolExecutor$Worker.run(ThreadPoolExecutor.java:624)
[00:03:35] [Craft Scheduler Thread - 8/WARN]: 	at java.lang.Thread.run(Thread.java:748)
[00:03:35] [Craft Scheduler Thread - 7/WARN]: java.lang.NullPointerException
[00:03:35] [Craft Scheduler Thread - 7/WARN]: 	at us.zonix.practice.board.adapter.PracticeBoard.getLobbyBoard(PracticeBoard.java:133)
[00:03:35] [Craft Scheduler Thread - 7/WARN]: 	at us.zonix.practice.board.adapter.PracticeBoard.getScoreboard(PracticeBoard.java:74)
[00:03:35] [Craft Scheduler Thread - 7/WARN]: 	at us.zonix.practice.board.BoardManager.run(BoardManager.java:42)
[00:03:35] [Craft Scheduler Thread - 7/WARN]: 	at org.bukkit.craftbukkit.v1_8_R3.scheduler.CraftTask.run(CraftTask.java:64)
[00:03:35] [Craft Scheduler Thread - 7/WARN]: 	at org.bukkit.craftbukkit.v1_8_R3.scheduler.CraftAsyncTask.run(CraftAsyncTask.java:53)
[00:03:35] [Craft Scheduler Thread - 7/WARN]: 	at org.github.paperspigot.ServerSchedulerReportingWrapper.run(ServerSchedulerReportingWrapper.java:23)
[00:03:35] [Craft Scheduler Thread - 7/WARN]: 	at java.util.concurrent.ThreadPoolExecutor.runWorker(ThreadPoolExecutor.java:1149)
[00:03:35] [Craft Scheduler Thread - 7/WARN]: 	at java.util.concurrent.ThreadPoolExecutor$Worker.run(ThreadPoolExecutor.java:624)
[00:03:35] [Craft Scheduler Thread - 7/WARN]: 	at java.lang.Thread.run(Thread.java:748)
[00:03:35] [Craft Scheduler Thread - 7/WARN]: java.lang.NullPointerException
[00:03:35] [Craft Scheduler Thread - 7/WARN]: 	at us.zonix.practice.board.adapter.PracticeBoard.getLobbyBoard(PracticeBoard.java:133)
[00:03:35] [Craft Scheduler Thread - 7/WARN]: 	at us.zonix.practice.board.adapter.PracticeBoard.getScoreboard(PracticeBoard.java:74)
[00:03:35] [Craft Scheduler Thread - 7/WARN]: 	at us.zonix.practice.board.BoardManager.run(BoardManager.java:42)
[00:03:35] [Craft Scheduler Thread - 7/WARN]: 	at org.bukkit.craftbukkit.v1_8_R3.scheduler.CraftTask.run(CraftTask.java:64)
[00:03:35] [Craft Scheduler Thread - 7/WARN]: 	at org.bukkit.craftbukkit.v1_8_R3.scheduler.CraftAsyncTask.run(CraftAsyncTask.java:53)
[00:03:35] [Craft Scheduler Thread - 7/WARN]: 	at org.github.paperspigot.ServerSchedulerReportingWrapper.run(ServerSchedulerReportingWrapper.java:23)
[00:03:35] [Craft Scheduler Thread - 7/WARN]: 	at java.util.concurrent.ThreadPoolExecutor.runWorker(ThreadPoolExecutor.java:1149)
[00:03:35] [Craft Scheduler Thread - 7/WARN]: 	at java.util.concurrent.ThreadPoolExecutor$Worker.run(ThreadPoolExecutor.java:624)
[00:03:35] [Craft Scheduler Thread - 7/WARN]: 	at java.lang.Thread.run(Thread.java:748)
[00:03:35] [Craft Scheduler Thread - 11/WARN]: java.lang.NullPointerException
[00:03:35] [Craft Scheduler Thread - 11/WARN]: 	at us.zonix.practice.board.adapter.PracticeBoard.getLobbyBoard(PracticeBoard.java:133)
[00:03:35] [Craft Scheduler Thread - 11/WARN]: 	at us.zonix.practice.board.adapter.PracticeBoard.getScoreboard(PracticeBoard.java:74)
[00:03:35] [Craft Scheduler Thread - 11/WARN]: 	at us.zonix.practice.board.BoardManager.run(BoardManager.java:42)
[00:03:35] [Craft Scheduler Thread - 11/WARN]: 	at org.bukkit.craftbukkit.v1_8_R3.scheduler.CraftTask.run(CraftTask.java:64)
[00:03:35] [Craft Scheduler Thread - 11/WARN]: 	at org.bukkit.craftbukkit.v1_8_R3.scheduler.CraftAsyncTask.run(CraftAsyncTask.java:53)
[00:03:35] [Craft Scheduler Thread - 11/WARN]: 	at org.github.paperspigot.ServerSchedulerReportingWrapper.run(ServerSchedulerReportingWrapper.java:23)
[00:03:35] [Craft Scheduler Thread - 11/WARN]: 	at java.util.concurrent.ThreadPoolExecutor.runWorker(ThreadPoolExecutor.java:1149)
[00:03:35] [Craft Scheduler Thread - 11/WARN]: 	at java.util.concurrent.ThreadPoolExecutor$Worker.run(ThreadPoolExecutor.java:624)
[00:03:35] [Craft Scheduler Thread - 11/WARN]: 	at java.lang.Thread.run(Thread.java:748)
[00:03:35] [Craft Scheduler Thread - 11/WARN]: java.lang.NullPointerException
[00:03:35] [Craft Scheduler Thread - 11/WARN]: 	at us.zonix.practice.board.adapter.PracticeBoard.getLobbyBoard(PracticeBoard.java:133)
[00:03:35] [Craft Scheduler Thread - 11/WARN]: 	at us.zonix.practice.board.adapter.PracticeBoard.getScoreboard(PracticeBoard.java:74)
[00:03:35] [Craft Scheduler Thread - 11/WARN]: 	at us.zonix.practice.board.BoardManager.run(BoardManager.java:42)
[00:03:35] [Craft Scheduler Thread - 11/WARN]: 	at org.bukkit.craftbukkit.v1_8_R3.scheduler.CraftTask.run(CraftTask.java:64)
[00:03:35] [Craft Scheduler Thread - 11/WARN]: 	at org.bukkit.craftbukkit.v1_8_R3.scheduler.CraftAsyncTask.run(CraftAsyncTask.java:53)
[00:03:35] [Craft Scheduler Thread - 11/WARN]: 	at org.github.paperspigot.ServerSchedulerReportingWrapper.run(ServerSchedulerReportingWrapper.java:23)
[00:03:35] [Craft Scheduler Thread - 11/WARN]: 	at java.util.concurrent.ThreadPoolExecutor.runWorker(ThreadPoolExecutor.java:1149)
[00:03:35] [Craft Scheduler Thread - 11/WARN]: 	at java.util.concurrent.ThreadPoolExecutor$Worker.run(ThreadPoolExecutor.java:624)
[00:03:35] [Craft Scheduler Thread - 11/WARN]: 	at java.lang.Thread.run(Thread.java:748)
[00:03:35] [Craft Scheduler Thread - 0/WARN]: java.lang.NullPointerException
[00:03:35] [Craft Scheduler Thread - 0/WARN]: 	at us.zonix.practice.board.adapter.PracticeBoard.getLobbyBoard(PracticeBoard.java:133)
[00:03:35] [Craft Scheduler Thread - 0/WARN]: 	at us.zonix.practice.board.adapter.PracticeBoard.getScoreboard(PracticeBoard.java:74)
[00:03:35] [Craft Scheduler Thread - 0/WARN]: 	at us.zonix.practice.board.BoardManager.run(BoardManager.java:42)
[00:03:35] [Craft Scheduler Thread - 0/WARN]: 	at org.bukkit.craftbukkit.v1_8_R3.scheduler.CraftTask.run(CraftTask.java:64)
[00:03:35] [Craft Scheduler Thread - 0/WARN]: 	at org.bukkit.craftbukkit.v1_8_R3.scheduler.CraftAsyncTask.run(CraftAsyncTask.java:53)
[00:03:35] [Craft Scheduler Thread - 0/WARN]: 	at org.github.paperspigot.ServerSchedulerReportingWrapper.run(ServerSchedulerReportingWrapper.java:23)
[00:03:35] [Craft Scheduler Thread - 0/WARN]: 	at java.util.concurrent.ThreadPoolExecutor.runWorker(ThreadPoolExecutor.java:1149)
[00:03:35] [Craft Scheduler Thread - 0/WARN]: 	at java.util.concurrent.ThreadPoolExecutor$Worker.run(ThreadPoolExecutor.java:624)
[00:03:35] [Craft Scheduler Thread - 0/WARN]: 	at java.lang.Thread.run(Thread.java:748)
[00:03:35] [Craft Scheduler Thread - 0/WARN]: java.lang.NullPointerException
[00:03:35] [Craft Scheduler Thread - 0/WARN]: 	at us.zonix.practice.board.adapter.PracticeBoard.getLobbyBoard(PracticeBoard.java:133)
[00:03:35] [Craft Scheduler Thread - 0/WARN]: 	at us.zonix.practice.board.adapter.PracticeBoard.getScoreboard(PracticeBoard.java:74)
[00:03:35] [Craft Scheduler Thread - 0/WARN]: 	at us.zonix.practice.board.BoardManager.run(BoardManager.java:42)
[00:03:35] [Craft Scheduler Thread - 0/WARN]: 	at org.bukkit.craftbukkit.v1_8_R3.scheduler.CraftTask.run(CraftTask.java:64)
[00:03:35] [Craft Scheduler Thread - 0/WARN]: 	at org.bukkit.craftbukkit.v1_8_R3.scheduler.CraftAsyncTask.run(CraftAsyncTask.java:53)
[00:03:35] [Craft Scheduler Thread - 0/WARN]: 	at org.github.paperspigot.ServerSchedulerReportingWrapper.run(ServerSchedulerReportingWrapper.java:23)
[00:03:35] [Craft Scheduler Thread - 0/WARN]: 	at java.util.concurrent.ThreadPoolExecutor.runWorker(ThreadPoolExecutor.java:1149)
[00:03:35] [Craft Scheduler Thread - 0/WARN]: 	at java.util.concurrent.ThreadPoolExecutor$Worker.run(ThreadPoolExecutor.java:624)
[00:03:35] [Craft Scheduler Thread - 0/WARN]: 	at java.lang.Thread.run(Thread.java:748)
[00:03:35] [Craft Scheduler Thread - 7/WARN]: java.lang.NullPointerException
[00:03:35] [Craft Scheduler Thread - 7/WARN]: 	at us.zonix.practice.board.adapter.PracticeBoard.getLobbyBoard(PracticeBoard.java:133)
[00:03:35] [Craft Scheduler Thread - 7/WARN]: 	at us.zonix.practice.board.adapter.PracticeBoard.getScoreboard(PracticeBoard.java:74)
[00:03:35] [Craft Scheduler Thread - 7/WARN]: 	at us.zonix.practice.board.BoardManager.run(BoardManager.java:42)
[00:03:35] [Craft Scheduler Thread - 7/WARN]: 	at org.bukkit.craftbukkit.v1_8_R3.scheduler.CraftTask.run(CraftTask.java:64)
[00:03:35] [Craft Scheduler Thread - 7/WARN]: 	at org.bukkit.craftbukkit.v1_8_R3.scheduler.CraftAsyncTask.run(CraftAsyncTask.java:53)
[00:03:35] [Craft Scheduler Thread - 7/WARN]: 	at org.github.paperspigot.ServerSchedulerReportingWrapper.run(ServerSchedulerReportingWrapper.java:23)
[00:03:35] [Craft Scheduler Thread - 7/WARN]: 	at java.util.concurrent.ThreadPoolExecutor.runWorker(ThreadPoolExecutor.java:1149)
[00:03:35] [Craft Scheduler Thread - 7/WARN]: 	at java.util.concurrent.ThreadPoolExecutor$Worker.run(ThreadPoolExecutor.java:624)
[00:03:35] [Craft Scheduler Thread - 7/WARN]: 	at java.lang.Thread.run(Thread.java:748)
[00:03:35] [Craft Scheduler Thread - 7/WARN]: java.lang.NullPointerException
[00:03:35] [Craft Scheduler Thread - 7/WARN]: 	at us.zonix.practice.board.adapter.PracticeBoard.getLobbyBoard(PracticeBoard.java:133)
[00:03:35] [Craft Scheduler Thread - 7/WARN]: 	at us.zonix.practice.board.adapter.PracticeBoard.getScoreboard(PracticeBoard.java:74)
[00:03:35] [Craft Scheduler Thread - 7/WARN]: 	at us.zonix.practice.board.BoardManager.run(BoardManager.java:42)
[00:03:35] [Craft Scheduler Thread - 7/WARN]: 	at org.bukkit.craftbukkit.v1_8_R3.scheduler.CraftTask.run(CraftTask.java:64)
[00:03:35] [Craft Scheduler Thread - 7/WARN]: 	at org.bukkit.craftbukkit.v1_8_R3.scheduler.CraftAsyncTask.run(CraftAsyncTask.java:53)
[00:03:35] [Craft Scheduler Thread - 7/WARN]: 	at org.github.paperspigot.ServerSchedulerReportingWrapper.run(ServerSchedulerReportingWrapper.java:23)
[00:03:35] [Craft Scheduler Thread - 7/WARN]: 	at java.util.concurrent.ThreadPoolExecutor.runWorker(ThreadPoolExecutor.java:1149)
[00:03:35] [Craft Scheduler Thread - 7/WARN]: 	at java.util.concurrent.ThreadPoolExecutor$Worker.run(ThreadPoolExecutor.java:624)
[00:03:35] [Craft Scheduler Thread - 7/WARN]: 	at java.lang.Thread.run(Thread.java:748)
[00:03:35] [Craft Scheduler Thread - 8/WARN]: java.lang.NullPointerException
[00:03:35] [Craft Scheduler Thread - 8/WARN]: 	at us.zonix.practice.board.adapter.PracticeBoard.getLobbyBoard(PracticeBoard.java:133)
[00:03:35] [Craft Scheduler Thread - 8/WARN]: 	at us.zonix.practice.board.adapter.PracticeBoard.getScoreboard(PracticeBoard.java:74)
[00:03:35] [Craft Scheduler Thread - 8/WARN]: 	at us.zonix.practice.board.BoardManager.run(BoardManager.java:42)
[00:03:35] [Craft Scheduler Thread - 8/WARN]: 	at org.bukkit.craftbukkit.v1_8_R3.scheduler.CraftTask.run(CraftTask.java:64)
[00:03:35] [Craft Scheduler Thread - 8/WARN]: 	at org.bukkit.craftbukkit.v1_8_R3.scheduler.CraftAsyncTask.run(CraftAsyncTask.java:53)
[00:03:35] [Craft Scheduler Thread - 8/WARN]: 	at org.github.paperspigot.ServerSchedulerReportingWrapper.run(ServerSchedulerReportingWrapper.java:23)
[00:03:35] [Craft Scheduler Thread - 8/WARN]: 	at java.util.concurrent.ThreadPoolExecutor.runWorker(ThreadPoolExecutor.java:1149)
[00:03:35] [Craft Scheduler Thread - 8/WARN]: 	at java.util.concurrent.ThreadPoolExecutor$Worker.run(ThreadPoolExecutor.java:624)
[00:03:35] [Craft Scheduler Thread - 8/WARN]: 	at java.lang.Thread.run(Thread.java:748)
[00:03:35] [Craft Scheduler Thread - 8/WARN]: java.lang.NullPointerException
[00:03:35] [Craft Scheduler Thread - 8/WARN]: 	at us.zonix.practice.board.adapter.PracticeBoard.getLobbyBoard(PracticeBoard.java:133)
[00:03:35] [Craft Scheduler Thread - 8/WARN]: 	at us.zonix.practice.board.adapter.PracticeBoard.getScoreboard(PracticeBoard.java:74)
[00:03:35] [Craft Scheduler Thread - 8/WARN]: 	at us.zonix.practice.board.BoardManager.run(BoardManager.java:42)
[00:03:35] [Craft Scheduler Thread - 8/WARN]: 	at org.bukkit.craftbukkit.v1_8_R3.scheduler.CraftTask.run(CraftTask.java:64)
[00:03:35] [Craft Scheduler Thread - 8/WARN]: 	at org.bukkit.craftbukkit.v1_8_R3.scheduler.CraftAsyncTask.run(CraftAsyncTask.java:53)
[00:03:35] [Craft Scheduler Thread - 8/WARN]: 	at org.github.paperspigot.ServerSchedulerReportingWrapper.run(ServerSchedulerReportingWrapper.java:23)
[00:03:35] [Craft Scheduler Thread - 8/WARN]: 	at java.util.concurrent.ThreadPoolExecutor.runWorker(ThreadPoolExecutor.java:1149)
[00:03:35] [Craft Scheduler Thread - 8/WARN]: 	at java.util.concurrent.ThreadPoolExecutor$Worker.run(ThreadPoolExecutor.java:624)
[00:03:35] [Craft Scheduler Thread - 8/WARN]: 	at java.lang.Thread.run(Thread.java:748)
[00:03:35] [Craft Scheduler Thread - 0/WARN]: java.lang.NullPointerException
[00:03:35] [Craft Scheduler Thread - 0/WARN]: 	at us.zonix.practice.board.adapter.PracticeBoard.getLobbyBoard(PracticeBoard.java:133)
[00:03:35] [Craft Scheduler Thread - 0/WARN]: 	at us.zonix.practice.board.adapter.PracticeBoard.getScoreboard(PracticeBoard.java:74)
[00:03:35] [Craft Scheduler Thread - 0/WARN]: 	at us.zonix.practice.board.BoardManager.run(BoardManager.java:42)
[00:03:35] [Craft Scheduler Thread - 0/WARN]: 	at org.bukkit.craftbukkit.v1_8_R3.scheduler.CraftTask.run(CraftTask.java:64)
[00:03:35] [Craft Scheduler Thread - 0/WARN]: 	at org.bukkit.craftbukkit.v1_8_R3.scheduler.CraftAsyncTask.run(CraftAsyncTask.java:53)
[00:03:35] [Craft Scheduler Thread - 0/WARN]: 	at org.github.paperspigot.ServerSchedulerReportingWrapper.run(ServerSchedulerReportingWrapper.java:23)
[00:03:35] [Craft Scheduler Thread - 0/WARN]: 	at java.util.concurrent.ThreadPoolExecutor.runWorker(ThreadPoolExecutor.java:1149)
[00:03:35] [Craft Scheduler Thread - 0/WARN]: 	at java.util.concurrent.ThreadPoolExecutor$Worker.run(ThreadPoolExecutor.java:624)
[00:03:35] [Craft Scheduler Thread - 0/WARN]: 	at java.lang.Thread.run(Thread.java:748)
[00:03:35] [Craft Scheduler Thread - 0/WARN]: java.lang.NullPointerException
[00:03:35] [Craft Scheduler Thread - 0/WARN]: 	at us.zonix.practice.board.adapter.PracticeBoard.getLobbyBoard(PracticeBoard.java:133)
[00:03:35] [Craft Scheduler Thread - 0/WARN]: 	at us.zonix.practice.board.adapter.PracticeBoard.getScoreboard(PracticeBoard.java:74)
[00:03:35] [Craft Scheduler Thread - 0/WARN]: 	at us.zonix.practice.board.BoardManager.run(BoardManager.java:42)
[00:03:35] [Craft Scheduler Thread - 0/WARN]: 	at org.bukkit.craftbukkit.v1_8_R3.scheduler.CraftTask.run(CraftTask.java:64)
[00:03:35] [Craft Scheduler Thread - 0/WARN]: 	at org.bukkit.craftbukkit.v1_8_R3.scheduler.CraftAsyncTask.run(CraftAsyncTask.java:53)
[00:03:35] [Craft Scheduler Thread - 0/WARN]: 	at org.github.paperspigot.ServerSchedulerReportingWrapper.run(ServerSchedulerReportingWrapper.java:23)
[00:03:35] [Craft Scheduler Thread - 0/WARN]: 	at java.util.concurrent.ThreadPoolExecutor.runWorker(ThreadPoolExecutor.java:1149)
[00:03:35] [Craft Scheduler Thread - 0/WARN]: 	at java.util.concurrent.ThreadPoolExecutor$Worker.run(ThreadPoolExecutor.java:624)
[00:03:35] [Craft Scheduler Thread - 0/WARN]: 	at java.lang.Thread.run(Thread.java:748)
[00:03:35] [Craft Scheduler Thread - 11/WARN]: java.lang.NullPointerException
[00:03:35] [Craft Scheduler Thread - 11/WARN]: 	at us.zonix.practice.board.adapter.PracticeBoard.getLobbyBoard(PracticeBoard.java:133)
[00:03:35] [Craft Scheduler Thread - 11/WARN]: 	at us.zonix.practice.board.adapter.PracticeBoard.getScoreboard(PracticeBoard.java:74)
[00:03:35] [Craft Scheduler Thread - 11/WARN]: 	at us.zonix.practice.board.BoardManager.run(BoardManager.java:42)
[00:03:35] [Craft Scheduler Thread - 11/WARN]: 	at org.bukkit.craftbukkit.v1_8_R3.scheduler.CraftTask.run(CraftTask.java:64)
[00:03:35] [Craft Scheduler Thread - 11/WARN]: 	at org.bukkit.craftbukkit.v1_8_R3.scheduler.CraftAsyncTask.run(CraftAsyncTask.java:53)
[00:03:35] [Craft Scheduler Thread - 11/WARN]: 	at org.github.paperspigot.ServerSchedulerReportingWrapper.run(ServerSchedulerReportingWrapper.java:23)
[00:03:35] [Craft Scheduler Thread - 11/WARN]: 	at java.util.concurrent.ThreadPoolExecutor.runWorker(ThreadPoolExecutor.java:1149)
[00:03:35] [Craft Scheduler Thread - 11/WARN]: 	at java.util.concurrent.ThreadPoolExecutor$Worker.run(ThreadPoolExecutor.java:624)
[00:03:35] [Craft Scheduler Thread - 11/WARN]: 	at java.lang.Thread.run(Thread.java:748)
[00:03:35] [Craft Scheduler Thread - 11/WARN]: java.lang.NullPointerException
[00:03:35] [Craft Scheduler Thread - 11/WARN]: 	at us.zonix.practice.board.adapter.PracticeBoard.getLobbyBoard(PracticeBoard.java:133)
[00:03:35] [Craft Scheduler Thread - 11/WARN]: 	at us.zonix.practice.board.adapter.PracticeBoard.getScoreboard(PracticeBoard.java:74)
[00:03:35] [Craft Scheduler Thread - 11/WARN]: 	at us.zonix.practice.board.BoardManager.run(BoardManager.java:42)
[00:03:35] [Craft Scheduler Thread - 11/WARN]: 	at org.bukkit.craftbukkit.v1_8_R3.scheduler.CraftTask.run(CraftTask.java:64)
[00:03:35] [Craft Scheduler Thread - 11/WARN]: 	at org.bukkit.craftbukkit.v1_8_R3.scheduler.CraftAsyncTask.run(CraftAsyncTask.java:53)
[00:03:35] [Craft Scheduler Thread - 11/WARN]: 	at org.github.paperspigot.ServerSchedulerReportingWrapper.run(ServerSchedulerReportingWrapper.java:23)
[00:03:35] [Craft Scheduler Thread - 11/WARN]: 	at java.util.concurrent.ThreadPoolExecutor.runWorker(ThreadPoolExecutor.java:1149)
[00:03:35] [Craft Scheduler Thread - 11/WARN]: 	at java.util.concurrent.ThreadPoolExecutor$Worker.run(ThreadPoolExecutor.java:624)
[00:03:35] [Craft Scheduler Thread - 11/WARN]: 	at java.lang.Thread.run(Thread.java:748)
[00:03:35] [Craft Scheduler Thread - 8/WARN]: java.lang.NullPointerException
[00:03:35] [Craft Scheduler Thread - 8/WARN]: 	at us.zonix.practice.board.adapter.PracticeBoard.getLobbyBoard(PracticeBoard.java:133)
[00:03:35] [Craft Scheduler Thread - 8/WARN]: 	at us.zonix.practice.board.adapter.PracticeBoard.getScoreboard(PracticeBoard.java:74)
[00:03:35] [Craft Scheduler Thread - 8/WARN]: 	at us.zonix.practice.board.BoardManager.run(BoardManager.java:42)
[00:03:35] [Craft Scheduler Thread - 8/WARN]: 	at org.bukkit.craftbukkit.v1_8_R3.scheduler.CraftTask.run(CraftTask.java:64)
[00:03:35] [Craft Scheduler Thread - 8/WARN]: 	at org.bukkit.craftbukkit.v1_8_R3.scheduler.CraftAsyncTask.run(CraftAsyncTask.java:53)
[00:03:35] [Craft Scheduler Thread - 8/WARN]: 	at org.github.paperspigot.ServerSchedulerReportingWrapper.run(ServerSchedulerReportingWrapper.java:23)
[00:03:35] [Craft Scheduler Thread - 8/WARN]: 	at java.util.concurrent.ThreadPoolExecutor.runWorker(ThreadPoolExecutor.java:1149)
[00:03:35] [Craft Scheduler Thread - 8/WARN]: 	at java.util.concurrent.ThreadPoolExecutor$Worker.run(ThreadPoolExecutor.java:624)
[00:03:35] [Craft Scheduler Thread - 8/WARN]: 	at java.lang.Thread.run(Thread.java:748)
[00:03:35] [Craft Scheduler Thread - 8/WARN]: java.lang.NullPointerException
[00:03:35] [Craft Scheduler Thread - 8/WARN]: 	at us.zonix.practice.board.adapter.PracticeBoard.getLobbyBoard(PracticeBoard.java:133)
[00:03:35] [Craft Scheduler Thread - 8/WARN]: 	at us.zonix.practice.board.adapter.PracticeBoard.getScoreboard(PracticeBoard.java:74)
[00:03:35] [Craft Scheduler Thread - 8/WARN]: 	at us.zonix.practice.board.BoardManager.run(BoardManager.java:42)
[00:03:35] [Craft Scheduler Thread - 8/WARN]: 	at org.bukkit.craftbukkit.v1_8_R3.scheduler.CraftTask.run(CraftTask.java:64)
[00:03:35] [Craft Scheduler Thread - 8/WARN]: 	at org.bukkit.craftbukkit.v1_8_R3.scheduler.CraftAsyncTask.run(CraftAsyncTask.java:53)
[00:03:35] [Craft Scheduler Thread - 8/WARN]: 	at org.github.paperspigot.ServerSchedulerReportingWrapper.run(ServerSchedulerReportingWrapper.java:23)
[00:03:35] [Craft Scheduler Thread - 8/WARN]: 	at java.util.concurrent.ThreadPoolExecutor.runWorker(ThreadPoolExecutor.java:1149)
[00:03:35] [Craft Scheduler Thread - 8/WARN]: 	at java.util.concurrent.ThreadPoolExecutor$Worker.run(ThreadPoolExecutor.java:624)
[00:03:35] [Craft Scheduler Thread - 8/WARN]: 	at java.lang.Thread.run(Thread.java:748)
[00:03:36] [Craft Scheduler Thread - 7/WARN]: java.lang.NullPointerException
[00:03:36] [Craft Scheduler Thread - 7/WARN]: 	at us.zonix.practice.board.adapter.PracticeBoard.getLobbyBoard(PracticeBoard.java:133)
[00:03:36] [Craft Scheduler Thread - 7/WARN]: 	at us.zonix.practice.board.adapter.PracticeBoard.getScoreboard(PracticeBoard.java:74)
[00:03:36] [Craft Scheduler Thread - 7/WARN]: 	at us.zonix.practice.board.BoardManager.run(BoardManager.java:42)
[00:03:36] [Craft Scheduler Thread - 7/WARN]: 	at org.bukkit.craftbukkit.v1_8_R3.scheduler.CraftTask.run(CraftTask.java:64)
[00:03:36] [Craft Scheduler Thread - 7/WARN]: 	at org.bukkit.craftbukkit.v1_8_R3.scheduler.CraftAsyncTask.run(CraftAsyncTask.java:53)
[00:03:36] [Craft Scheduler Thread - 7/WARN]: 	at org.github.paperspigot.ServerSchedulerReportingWrapper.run(ServerSchedulerReportingWrapper.java:23)
[00:03:36] [Craft Scheduler Thread - 7/WARN]: 	at java.util.concurrent.ThreadPoolExecutor.runWorker(ThreadPoolExecutor.java:1149)
[00:03:36] [Craft Scheduler Thread - 7/WARN]: 	at java.util.concurrent.ThreadPoolExecutor$Worker.run(ThreadPoolExecutor.java:624)
[00:03:36] [Craft Scheduler Thread - 7/WARN]: 	at java.lang.Thread.run(Thread.java:748)
[00:03:36] [Craft Scheduler Thread - 7/WARN]: java.lang.NullPointerException
[00:03:36] [Craft Scheduler Thread - 7/WARN]: 	at us.zonix.practice.board.adapter.PracticeBoard.getLobbyBoard(PracticeBoard.java:133)
[00:03:36] [Craft Scheduler Thread - 7/WARN]: 	at us.zonix.practice.board.adapter.PracticeBoard.getScoreboard(PracticeBoard.java:74)
[00:03:36] [Craft Scheduler Thread - 7/WARN]: 	at us.zonix.practice.board.BoardManager.run(BoardManager.java:42)
[00:03:36] [Craft Scheduler Thread - 7/WARN]: 	at org.bukkit.craftbukkit.v1_8_R3.scheduler.CraftTask.run(CraftTask.java:64)
[00:03:36] [Craft Scheduler Thread - 7/WARN]: 	at org.bukkit.craftbukkit.v1_8_R3.scheduler.CraftAsyncTask.run(CraftAsyncTask.java:53)
[00:03:36] [Craft Scheduler Thread - 7/WARN]: 	at org.github.paperspigot.ServerSchedulerReportingWrapper.run(ServerSchedulerReportingWrapper.java:23)
[00:03:36] [Craft Scheduler Thread - 7/WARN]: 	at java.util.concurrent.ThreadPoolExecutor.runWorker(ThreadPoolExecutor.java:1149)
[00:03:36] [Craft Scheduler Thread - 7/WARN]: 	at java.util.concurrent.ThreadPoolExecutor$Worker.run(ThreadPoolExecutor.java:624)
[00:03:36] [Craft Scheduler Thread - 7/WARN]: 	at java.lang.Thread.run(Thread.java:748)
[00:03:36] [Craft Scheduler Thread - 11/WARN]: java.lang.NullPointerException
[00:03:36] [Craft Scheduler Thread - 11/WARN]: 	at us.zonix.practice.board.adapter.PracticeBoard.getLobbyBoard(PracticeBoard.java:133)
[00:03:36] [Craft Scheduler Thread - 11/WARN]: 	at us.zonix.practice.board.adapter.PracticeBoard.getScoreboard(PracticeBoard.java:74)
[00:03:36] [Craft Scheduler Thread - 11/WARN]: 	at us.zonix.practice.board.BoardManager.run(BoardManager.java:42)
[00:03:36] [Craft Scheduler Thread - 11/WARN]: 	at org.bukkit.craftbukkit.v1_8_R3.scheduler.CraftTask.run(CraftTask.java:64)
[00:03:36] [Craft Scheduler Thread - 11/WARN]: 	at org.bukkit.craftbukkit.v1_8_R3.scheduler.CraftAsyncTask.run(CraftAsyncTask.java:53)
[00:03:36] [Craft Scheduler Thread - 11/WARN]: 	at org.github.paperspigot.ServerSchedulerReportingWrapper.run(ServerSchedulerReportingWrapper.java:23)
[00:03:36] [Craft Scheduler Thread - 11/WARN]: 	at java.util.concurrent.ThreadPoolExecutor.runWorker(ThreadPoolExecutor.java:1149)
[00:03:36] [Craft Scheduler Thread - 11/WARN]: 	at java.util.concurrent.ThreadPoolExecutor$Worker.run(ThreadPoolExecutor.java:624)
[00:03:36] [Craft Scheduler Thread - 11/WARN]: 	at java.lang.Thread.run(Thread.java:748)
[00:03:36] [Craft Scheduler Thread - 11/WARN]: java.lang.NullPointerException
[00:03:36] [Craft Scheduler Thread - 11/WARN]: 	at us.zonix.practice.board.adapter.PracticeBoard.getLobbyBoard(PracticeBoard.java:133)
[00:03:36] [Craft Scheduler Thread - 11/WARN]: 	at us.zonix.practice.board.adapter.PracticeBoard.getScoreboard(PracticeBoard.java:74)
[00:03:36] [Craft Scheduler Thread - 11/WARN]: 	at us.zonix.practice.board.BoardManager.run(BoardManager.java:42)
[00:03:36] [Craft Scheduler Thread - 11/WARN]: 	at org.bukkit.craftbukkit.v1_8_R3.scheduler.CraftTask.run(CraftTask.java:64)
[00:03:36] [Craft Scheduler Thread - 11/WARN]: 	at org.bukkit.craftbukkit.v1_8_R3.scheduler.CraftAsyncTask.run(CraftAsyncTask.java:53)
[00:03:36] [Craft Scheduler Thread - 11/WARN]: 	at org.github.paperspigot.ServerSchedulerReportingWrapper.run(ServerSchedulerReportingWrapper.java:23)
[00:03:36] [Craft Scheduler Thread - 11/WARN]: 	at java.util.concurrent.ThreadPoolExecutor.runWorker(ThreadPoolExecutor.java:1149)
[00:03:36] [Craft Scheduler Thread - 11/WARN]: 	at java.util.concurrent.ThreadPoolExecutor$Worker.run(ThreadPoolExecutor.java:624)
[00:03:36] [Craft Scheduler Thread - 11/WARN]: 	at java.lang.Thread.run(Thread.java:748)
[00:03:36] [Craft Scheduler Thread - 0/WARN]: java.lang.NullPointerException
[00:03:36] [Craft Scheduler Thread - 0/WARN]: 	at us.zonix.practice.board.adapter.PracticeBoard.getLobbyBoard(PracticeBoard.java:133)
[00:03:36] [Craft Scheduler Thread - 0/WARN]: 	at us.zonix.practice.board.adapter.PracticeBoard.getScoreboard(PracticeBoard.java:74)
[00:03:36] [Craft Scheduler Thread - 0/WARN]: 	at us.zonix.practice.board.BoardManager.run(BoardManager.java:42)
[00:03:36] [Craft Scheduler Thread - 0/WARN]: 	at org.bukkit.craftbukkit.v1_8_R3.scheduler.CraftTask.run(CraftTask.java:64)
[00:03:36] [Craft Scheduler Thread - 0/WARN]: 	at org.bukkit.craftbukkit.v1_8_R3.scheduler.CraftAsyncTask.run(CraftAsyncTask.java:53)
[00:03:36] [Craft Scheduler Thread - 0/WARN]: 	at org.github.paperspigot.ServerSchedulerReportingWrapper.run(ServerSchedulerReportingWrapper.java:23)
[00:03:36] [Craft Scheduler Thread - 0/WARN]: 	at java.util.concurrent.ThreadPoolExecutor.runWorker(ThreadPoolExecutor.java:1149)
[00:03:36] [Craft Scheduler Thread - 0/WARN]: 	at java.util.concurrent.ThreadPoolExecutor$Worker.run(ThreadPoolExecutor.java:624)
[00:03:36] [Craft Scheduler Thread - 0/WARN]: 	at java.lang.Thread.run(Thread.java:748)
[00:03:36] [Craft Scheduler Thread - 0/WARN]: java.lang.NullPointerException
[00:03:36] [Craft Scheduler Thread - 0/WARN]: 	at us.zonix.practice.board.adapter.PracticeBoard.getLobbyBoard(PracticeBoard.java:133)
[00:03:36] [Craft Scheduler Thread - 0/WARN]: 	at us.zonix.practice.board.adapter.PracticeBoard.getScoreboard(PracticeBoard.java:74)
[00:03:36] [Craft Scheduler Thread - 0/WARN]: 	at us.zonix.practice.board.BoardManager.run(BoardManager.java:42)
[00:03:36] [Craft Scheduler Thread - 0/WARN]: 	at org.bukkit.craftbukkit.v1_8_R3.scheduler.CraftTask.run(CraftTask.java:64)
[00:03:36] [Craft Scheduler Thread - 0/WARN]: 	at org.bukkit.craftbukkit.v1_8_R3.scheduler.CraftAsyncTask.run(CraftAsyncTask.java:53)
[00:03:36] [Craft Scheduler Thread - 0/WARN]: 	at org.github.paperspigot.ServerSchedulerReportingWrapper.run(ServerSchedulerReportingWrapper.java:23)
[00:03:36] [Craft Scheduler Thread - 0/WARN]: 	at java.util.concurrent.ThreadPoolExecutor.runWorker(ThreadPoolExecutor.java:1149)
[00:03:36] [Craft Scheduler Thread - 0/WARN]: 	at java.util.concurrent.ThreadPoolExecutor$Worker.run(ThreadPoolExecutor.java:624)
[00:03:36] [Craft Scheduler Thread - 0/WARN]: 	at java.lang.Thread.run(Thread.java:748)
[00:03:36] [Craft Scheduler Thread - 7/WARN]: java.lang.NullPointerException
[00:03:36] [Craft Scheduler Thread - 7/WARN]: 	at us.zonix.practice.board.adapter.PracticeBoard.getLobbyBoard(PracticeBoard.java:133)
[00:03:36] [Craft Scheduler Thread - 7/WARN]: 	at us.zonix.practice.board.adapter.PracticeBoard.getScoreboard(PracticeBoard.java:74)
[00:03:36] [Craft Scheduler Thread - 7/WARN]: 	at us.zonix.practice.board.BoardManager.run(BoardManager.java:42)
[00:03:36] [Craft Scheduler Thread - 7/WARN]: 	at org.bukkit.craftbukkit.v1_8_R3.scheduler.CraftTask.run(CraftTask.java:64)
[00:03:36] [Craft Scheduler Thread - 7/WARN]: 	at org.bukkit.craftbukkit.v1_8_R3.scheduler.CraftAsyncTask.run(CraftAsyncTask.java:53)
[00:03:36] [Craft Scheduler Thread - 7/WARN]: 	at org.github.paperspigot.ServerSchedulerReportingWrapper.run(ServerSchedulerReportingWrapper.java:23)
[00:03:36] [Craft Scheduler Thread - 7/WARN]: 	at java.util.concurrent.ThreadPoolExecutor.runWorker(ThreadPoolExecutor.java:1149)
[00:03:36] [Craft Scheduler Thread - 7/WARN]: 	at java.util.concurrent.ThreadPoolExecutor$Worker.run(ThreadPoolExecutor.java:624)
[00:03:36] [Craft Scheduler Thread - 7/WARN]: 	at java.lang.Thread.run(Thread.java:748)
[00:03:36] [Craft Scheduler Thread - 7/WARN]: java.lang.NullPointerException
[00:03:36] [Craft Scheduler Thread - 7/WARN]: 	at us.zonix.practice.board.adapter.PracticeBoard.getLobbyBoard(PracticeBoard.java:133)
[00:03:36] [Craft Scheduler Thread - 7/WARN]: 	at us.zonix.practice.board.adapter.PracticeBoard.getScoreboard(PracticeBoard.java:74)
[00:03:36] [Craft Scheduler Thread - 7/WARN]: 	at us.zonix.practice.board.BoardManager.run(BoardManager.java:42)
[00:03:36] [Craft Scheduler Thread - 7/WARN]: 	at org.bukkit.craftbukkit.v1_8_R3.scheduler.CraftTask.run(CraftTask.java:64)
[00:03:36] [Craft Scheduler Thread - 7/WARN]: 	at org.bukkit.craftbukkit.v1_8_R3.scheduler.CraftAsyncTask.run(CraftAsyncTask.java:53)
[00:03:36] [Craft Scheduler Thread - 7/WARN]: 	at org.github.paperspigot.ServerSchedulerReportingWrapper.run(ServerSchedulerReportingWrapper.java:23)
[00:03:36] [Craft Scheduler Thread - 7/WARN]: 	at java.util.concurrent.ThreadPoolExecutor.runWorker(ThreadPoolExecutor.java:1149)
[00:03:36] [Craft Scheduler Thread - 7/WARN]: 	at java.util.concurrent.ThreadPoolExecutor$Worker.run(ThreadPoolExecutor.java:624)
[00:03:36] [Craft Scheduler Thread - 7/WARN]: 	at java.lang.Thread.run(Thread.java:748)
[00:03:36] [Craft Scheduler Thread - 8/WARN]: java.lang.NullPointerException
[00:03:36] [Craft Scheduler Thread - 8/WARN]: 	at us.zonix.practice.board.adapter.PracticeBoard.getLobbyBoard(PracticeBoard.java:133)
[00:03:36] [Craft Scheduler Thread - 8/WARN]: 	at us.zonix.practice.board.adapter.PracticeBoard.getScoreboard(PracticeBoard.java:74)
[00:03:36] [Craft Scheduler Thread - 8/WARN]: 	at us.zonix.practice.board.BoardManager.run(BoardManager.java:42)
[00:03:36] [Craft Scheduler Thread - 8/WARN]: 	at org.bukkit.craftbukkit.v1_8_R3.scheduler.CraftTask.run(CraftTask.java:64)
[00:03:36] [Craft Scheduler Thread - 8/WARN]: 	at org.bukkit.craftbukkit.v1_8_R3.scheduler.CraftAsyncTask.run(CraftAsyncTask.java:53)
[00:03:36] [Craft Scheduler Thread - 8/WARN]: 	at org.github.paperspigot.ServerSchedulerReportingWrapper.run(ServerSchedulerReportingWrapper.java:23)
[00:03:36] [Craft Scheduler Thread - 8/WARN]: 	at java.util.concurrent.ThreadPoolExecutor.runWorker(ThreadPoolExecutor.java:1149)
[00:03:36] [Craft Scheduler Thread - 8/WARN]: 	at java.util.concurrent.ThreadPoolExecutor$Worker.run(ThreadPoolExecutor.java:624)
[00:03:36] [Craft Scheduler Thread - 8/WARN]: 	at java.lang.Thread.run(Thread.java:748)
[00:03:36] [Craft Scheduler Thread - 8/WARN]: java.lang.NullPointerException
[00:03:36] [Craft Scheduler Thread - 8/WARN]: 	at us.zonix.practice.board.adapter.PracticeBoard.getLobbyBoard(PracticeBoard.java:133)
[00:03:36] [Craft Scheduler Thread - 8/WARN]: 	at us.zonix.practice.board.adapter.PracticeBoard.getScoreboard(PracticeBoard.java:74)
[00:03:36] [Craft Scheduler Thread - 8/WARN]: 	at us.zonix.practice.board.BoardManager.run(BoardManager.java:42)
[00:03:36] [Craft Scheduler Thread - 8/WARN]: 	at org.bukkit.craftbukkit.v1_8_R3.scheduler.CraftTask.run(CraftTask.java:64)
[00:03:36] [Craft Scheduler Thread - 8/WARN]: 	at org.bukkit.craftbukkit.v1_8_R3.scheduler.CraftAsyncTask.run(CraftAsyncTask.java:53)
[00:03:36] [Craft Scheduler Thread - 8/WARN]: 	at org.github.paperspigot.ServerSchedulerReportingWrapper.run(ServerSchedulerReportingWrapper.java:23)
[00:03:36] [Craft Scheduler Thread - 8/WARN]: 	at java.util.concurrent.ThreadPoolExecutor.runWorker(ThreadPoolExecutor.java:1149)
[00:03:36] [Craft Scheduler Thread - 8/WARN]: 	at java.util.concurrent.ThreadPoolExecutor$Worker.run(ThreadPoolExecutor.java:624)
[00:03:36] [Craft Scheduler Thread - 8/WARN]: 	at java.lang.Thread.run(Thread.java:748)
[00:03:36] [Craft Scheduler Thread - 0/WARN]: java.lang.NullPointerException
[00:03:36] [Craft Scheduler Thread - 0/WARN]: 	at us.zonix.practice.board.adapter.PracticeBoard.getLobbyBoard(PracticeBoard.java:133)
[00:03:36] [Craft Scheduler Thread - 0/WARN]: 	at us.zonix.practice.board.adapter.PracticeBoard.getScoreboard(PracticeBoard.java:74)
[00:03:36] [Craft Scheduler Thread - 0/WARN]: 	at us.zonix.practice.board.BoardManager.run(BoardManager.java:42)
[00:03:36] [Craft Scheduler Thread - 0/WARN]: 	at org.bukkit.craftbukkit.v1_8_R3.scheduler.CraftTask.run(CraftTask.java:64)
[00:03:36] [Craft Scheduler Thread - 0/WARN]: 	at org.bukkit.craftbukkit.v1_8_R3.scheduler.CraftAsyncTask.run(CraftAsyncTask.java:53)
[00:03:36] [Craft Scheduler Thread - 0/WARN]: 	at org.github.paperspigot.ServerSchedulerReportingWrapper.run(ServerSchedulerReportingWrapper.java:23)
[00:03:36] [Craft Scheduler Thread - 0/WARN]: 	at java.util.concurrent.ThreadPoolExecutor.runWorker(ThreadPoolExecutor.java:1149)
[00:03:36] [Craft Scheduler Thread - 0/WARN]: 	at java.util.concurrent.ThreadPoolExecutor$Worker.run(ThreadPoolExecutor.java:624)
[00:03:36] [Craft Scheduler Thread - 0/WARN]: 	at java.lang.Thread.run(Thread.java:748)
[00:03:36] [Craft Scheduler Thread - 0/WARN]: java.lang.NullPointerException
[00:03:36] [Craft Scheduler Thread - 0/WARN]: 	at us.zonix.practice.board.adapter.PracticeBoard.getLobbyBoard(PracticeBoard.java:133)
[00:03:36] [Craft Scheduler Thread - 0/WARN]: 	at us.zonix.practice.board.adapter.PracticeBoard.getScoreboard(PracticeBoard.java:74)
[00:03:36] [Craft Scheduler Thread - 0/WARN]: 	at us.zonix.practice.board.BoardManager.run(BoardManager.java:42)
[00:03:36] [Craft Scheduler Thread - 0/WARN]: 	at org.bukkit.craftbukkit.v1_8_R3.scheduler.CraftTask.run(CraftTask.java:64)
[00:03:36] [Craft Scheduler Thread - 0/WARN]: 	at org.bukkit.craftbukkit.v1_8_R3.scheduler.CraftAsyncTask.run(CraftAsyncTask.java:53)
[00:03:36] [Craft Scheduler Thread - 0/WARN]: 	at org.github.paperspigot.ServerSchedulerReportingWrapper.run(ServerSchedulerReportingWrapper.java:23)
[00:03:36] [Craft Scheduler Thread - 0/WARN]: 	at java.util.concurrent.ThreadPoolExecutor.runWorker(ThreadPoolExecutor.java:1149)
[00:03:36] [Craft Scheduler Thread - 0/WARN]: 	at java.util.concurrent.ThreadPoolExecutor$Worker.run(ThreadPoolExecutor.java:624)
[00:03:36] [Craft Scheduler Thread - 0/WARN]: 	at java.lang.Thread.run(Thread.java:748)
[00:03:36] [Craft Scheduler Thread - 11/WARN]: java.lang.NullPointerException
[00:03:36] [Craft Scheduler Thread - 11/WARN]: 	at us.zonix.practice.board.adapter.PracticeBoard.getLobbyBoard(PracticeBoard.java:133)
[00:03:36] [Craft Scheduler Thread - 11/WARN]: 	at us.zonix.practice.board.adapter.PracticeBoard.getScoreboard(PracticeBoard.java:74)
[00:03:36] [Craft Scheduler Thread - 11/WARN]: 	at us.zonix.practice.board.BoardManager.run(BoardManager.java:42)
[00:03:36] [Craft Scheduler Thread - 11/WARN]: 	at org.bukkit.craftbukkit.v1_8_R3.scheduler.CraftTask.run(CraftTask.java:64)
[00:03:36] [Craft Scheduler Thread - 11/WARN]: 	at org.bukkit.craftbukkit.v1_8_R3.scheduler.CraftAsyncTask.run(CraftAsyncTask.java:53)
[00:03:36] [Craft Scheduler Thread - 11/WARN]: 	at org.github.paperspigot.ServerSchedulerReportingWrapper.run(ServerSchedulerReportingWrapper.java:23)
[00:03:36] [Craft Scheduler Thread - 11/WARN]: 	at java.util.concurrent.ThreadPoolExecutor.runWorker(ThreadPoolExecutor.java:1149)
[00:03:36] [Craft Scheduler Thread - 11/WARN]: 	at java.util.concurrent.ThreadPoolExecutor$Worker.run(ThreadPoolExecutor.java:624)
[00:03:36] [Craft Scheduler Thread - 11/WARN]: 	at java.lang.Thread.run(Thread.java:748)
[00:03:36] [Craft Scheduler Thread - 11/WARN]: java.lang.NullPointerException
[00:03:36] [Craft Scheduler Thread - 11/WARN]: 	at us.zonix.practice.board.adapter.PracticeBoard.getLobbyBoard(PracticeBoard.java:133)
[00:03:36] [Craft Scheduler Thread - 11/WARN]: 	at us.zonix.practice.board.adapter.PracticeBoard.getScoreboard(PracticeBoard.java:74)
[00:03:36] [Craft Scheduler Thread - 11/WARN]: 	at us.zonix.practice.board.BoardManager.run(BoardManager.java:42)
[00:03:36] [Craft Scheduler Thread - 11/WARN]: 	at org.bukkit.craftbukkit.v1_8_R3.scheduler.CraftTask.run(CraftTask.java:64)
[00:03:36] [Craft Scheduler Thread - 11/WARN]: 	at org.bukkit.craftbukkit.v1_8_R3.scheduler.CraftAsyncTask.run(CraftAsyncTask.java:53)
[00:03:36] [Craft Scheduler Thread - 11/WARN]: 	at org.github.paperspigot.ServerSchedulerReportingWrapper.run(ServerSchedulerReportingWrapper.java:23)
[00:03:36] [Craft Scheduler Thread - 11/WARN]: 	at java.util.concurrent.ThreadPoolExecutor.runWorker(ThreadPoolExecutor.java:1149)
[00:03:36] [Craft Scheduler Thread - 11/WARN]: 	at java.util.concurrent.ThreadPoolExecutor$Worker.run(ThreadPoolExecutor.java:624)
[00:03:36] [Craft Scheduler Thread - 11/WARN]: 	at java.lang.Thread.run(Thread.java:748)
[00:03:36] [Craft Scheduler Thread - 10/WARN]: java.lang.NullPointerException
[00:03:36] [Craft Scheduler Thread - 10/WARN]: 	at us.zonix.practice.board.adapter.PracticeBoard.getLobbyBoard(PracticeBoard.java:133)
[00:03:36] [Craft Scheduler Thread - 10/WARN]: 	at us.zonix.practice.board.adapter.PracticeBoard.getScoreboard(PracticeBoard.java:74)
[00:03:36] [Craft Scheduler Thread - 10/WARN]: 	at us.zonix.practice.board.BoardManager.run(BoardManager.java:42)
[00:03:36] [Craft Scheduler Thread - 10/WARN]: 	at org.bukkit.craftbukkit.v1_8_R3.scheduler.CraftTask.run(CraftTask.java:64)
[00:03:36] [Craft Scheduler Thread - 10/WARN]: 	at org.bukkit.craftbukkit.v1_8_R3.scheduler.CraftAsyncTask.run(CraftAsyncTask.java:53)
[00:03:36] [Craft Scheduler Thread - 10/WARN]: 	at org.github.paperspigot.ServerSchedulerReportingWrapper.run(ServerSchedulerReportingWrapper.java:23)
[00:03:36] [Craft Scheduler Thread - 10/WARN]: 	at java.util.concurrent.ThreadPoolExecutor.runWorker(ThreadPoolExecutor.java:1149)
[00:03:36] [Craft Scheduler Thread - 10/WARN]: 	at java.util.concurrent.ThreadPoolExecutor$Worker.run(ThreadPoolExecutor.java:624)
[00:03:36] [Craft Scheduler Thread - 10/WARN]: 	at java.lang.Thread.run(Thread.java:748)
[00:03:36] [Craft Scheduler Thread - 10/WARN]: java.lang.NullPointerException
[00:03:36] [Craft Scheduler Thread - 10/WARN]: 	at us.zonix.practice.board.adapter.PracticeBoard.getLobbyBoard(PracticeBoard.java:133)
[00:03:36] [Craft Scheduler Thread - 10/WARN]: 	at us.zonix.practice.board.adapter.PracticeBoard.getScoreboard(PracticeBoard.java:74)
[00:03:36] [Craft Scheduler Thread - 10/WARN]: 	at us.zonix.practice.board.BoardManager.run(BoardManager.java:42)
[00:03:36] [Craft Scheduler Thread - 10/WARN]: 	at org.bukkit.craftbukkit.v1_8_R3.scheduler.CraftTask.run(CraftTask.java:64)
[00:03:36] [Craft Scheduler Thread - 10/WARN]: 	at org.bukkit.craftbukkit.v1_8_R3.scheduler.CraftAsyncTask.run(CraftAsyncTask.java:53)
[00:03:36] [Craft Scheduler Thread - 10/WARN]: 	at org.github.paperspigot.ServerSchedulerReportingWrapper.run(ServerSchedulerReportingWrapper.java:23)
[00:03:36] [Craft Scheduler Thread - 10/WARN]: 	at java.util.concurrent.ThreadPoolExecutor.runWorker(ThreadPoolExecutor.java:1149)
[00:03:36] [Craft Scheduler Thread - 10/WARN]: 	at java.util.concurrent.ThreadPoolExecutor$Worker.run(ThreadPoolExecutor.java:624)
[00:03:36] [Craft Scheduler Thread - 10/WARN]: 	at java.lang.Thread.run(Thread.java:748)
[00:03:36] [Craft Scheduler Thread - 7/WARN]: java.lang.NullPointerException
[00:03:36] [Craft Scheduler Thread - 7/WARN]: 	at us.zonix.practice.board.adapter.PracticeBoard.getLobbyBoard(PracticeBoard.java:133)
[00:03:36] [Craft Scheduler Thread - 7/WARN]: 	at us.zonix.practice.board.adapter.PracticeBoard.getScoreboard(PracticeBoard.java:74)
[00:03:36] [Craft Scheduler Thread - 7/WARN]: 	at us.zonix.practice.board.BoardManager.run(BoardManager.java:42)
[00:03:36] [Craft Scheduler Thread - 7/WARN]: 	at org.bukkit.craftbukkit.v1_8_R3.scheduler.CraftTask.run(CraftTask.java:64)
[00:03:36] [Craft Scheduler Thread - 7/WARN]: 	at org.bukkit.craftbukkit.v1_8_R3.scheduler.CraftAsyncTask.run(CraftAsyncTask.java:53)
[00:03:36] [Craft Scheduler Thread - 7/WARN]: 	at org.github.paperspigot.ServerSchedulerReportingWrapper.run(ServerSchedulerReportingWrapper.java:23)
[00:03:36] [Craft Scheduler Thread - 7/WARN]: 	at java.util.concurrent.ThreadPoolExecutor.runWorker(ThreadPoolExecutor.java:1149)
[00:03:36] [Craft Scheduler Thread - 7/WARN]: 	at java.util.concurrent.ThreadPoolExecutor$Worker.run(ThreadPoolExecutor.java:624)
[00:03:36] [Craft Scheduler Thread - 7/WARN]: 	at java.lang.Thread.run(Thread.java:748)
[00:03:36] [Craft Scheduler Thread - 7/WARN]: java.lang.NullPointerException
[00:03:36] [Craft Scheduler Thread - 7/WARN]: 	at us.zonix.practice.board.adapter.PracticeBoard.getLobbyBoard(PracticeBoard.java:133)
[00:03:36] [Craft Scheduler Thread - 7/WARN]: 	at us.zonix.practice.board.adapter.PracticeBoard.getScoreboard(PracticeBoard.java:74)
[00:03:36] [Craft Scheduler Thread - 7/WARN]: 	at us.zonix.practice.board.BoardManager.run(BoardManager.java:42)
[00:03:36] [Craft Scheduler Thread - 7/WARN]: 	at org.bukkit.craftbukkit.v1_8_R3.scheduler.CraftTask.run(CraftTask.java:64)
[00:03:36] [Craft Scheduler Thread - 7/WARN]: 	at org.bukkit.craftbukkit.v1_8_R3.scheduler.CraftAsyncTask.run(CraftAsyncTask.java:53)
[00:03:36] [Craft Scheduler Thread - 7/WARN]: 	at org.github.paperspigot.ServerSchedulerReportingWrapper.run(ServerSchedulerReportingWrapper.java:23)
[00:03:36] [Craft Scheduler Thread - 7/WARN]: 	at java.util.concurrent.ThreadPoolExecutor.runWorker(ThreadPoolExecutor.java:1149)
[00:03:36] [Craft Scheduler Thread - 7/WARN]: 	at java.util.concurrent.ThreadPoolExecutor$Worker.run(ThreadPoolExecutor.java:624)
[00:03:36] [Craft Scheduler Thread - 7/WARN]: 	at java.lang.Thread.run(Thread.java:748)
[00:03:36] [Craft Scheduler Thread - 10/WARN]: java.lang.NullPointerException
[00:03:36] [Craft Scheduler Thread - 10/WARN]: 	at us.zonix.practice.board.adapter.PracticeBoard.getLobbyBoard(PracticeBoard.java:133)
[00:03:36] [Craft Scheduler Thread - 10/WARN]: 	at us.zonix.practice.board.adapter.PracticeBoard.getScoreboard(PracticeBoard.java:74)
[00:03:36] [Craft Scheduler Thread - 10/WARN]: 	at us.zonix.practice.board.BoardManager.run(BoardManager.java:42)
[00:03:36] [Craft Scheduler Thread - 10/WARN]: 	at org.bukkit.craftbukkit.v1_8_R3.scheduler.CraftTask.run(CraftTask.java:64)
[00:03:36] [Craft Scheduler Thread - 10/WARN]: 	at org.bukkit.craftbukkit.v1_8_R3.scheduler.CraftAsyncTask.run(CraftAsyncTask.java:53)
[00:03:36] [Craft Scheduler Thread - 10/WARN]: 	at org.github.paperspigot.ServerSchedulerReportingWrapper.run(ServerSchedulerReportingWrapper.java:23)
[00:03:36] [Craft Scheduler Thread - 10/WARN]: 	at java.util.concurrent.ThreadPoolExecutor.runWorker(ThreadPoolExecutor.java:1149)
[00:03:36] [Craft Scheduler Thread - 10/WARN]: 	at java.util.concurrent.ThreadPoolExecutor$Worker.run(ThreadPoolExecutor.java:624)
[00:03:36] [Craft Scheduler Thread - 10/WARN]: 	at java.lang.Thread.run(Thread.java:748)
[00:03:36] [Craft Scheduler Thread - 10/WARN]: java.lang.NullPointerException
[00:03:36] [Craft Scheduler Thread - 10/WARN]: 	at us.zonix.practice.board.adapter.PracticeBoard.getLobbyBoard(PracticeBoard.java:133)
[00:03:36] [Craft Scheduler Thread - 10/WARN]: 	at us.zonix.practice.board.adapter.PracticeBoard.getScoreboard(PracticeBoard.java:74)
[00:03:36] [Craft Scheduler Thread - 10/WARN]: 	at us.zonix.practice.board.BoardManager.run(BoardManager.java:42)
[00:03:36] [Craft Scheduler Thread - 10/WARN]: 	at org.bukkit.craftbukkit.v1_8_R3.scheduler.CraftTask.run(CraftTask.java:64)
[00:03:36] [Craft Scheduler Thread - 10/WARN]: 	at org.bukkit.craftbukkit.v1_8_R3.scheduler.CraftAsyncTask.run(CraftAsyncTask.java:53)
[00:03:36] [Craft Scheduler Thread - 10/WARN]: 	at org.github.paperspigot.ServerSchedulerReportingWrapper.run(ServerSchedulerReportingWrapper.java:23)
[00:03:36] [Craft Scheduler Thread - 10/WARN]: 	at java.util.concurrent.ThreadPoolExecutor.runWorker(ThreadPoolExecutor.java:1149)
[00:03:36] [Craft Scheduler Thread - 10/WARN]: 	at java.util.concurrent.ThreadPoolExecutor$Worker.run(ThreadPoolExecutor.java:624)
[00:03:36] [Craft Scheduler Thread - 10/WARN]: 	at java.lang.Thread.run(Thread.java:748)
[00:03:36] [Craft Scheduler Thread - 0/WARN]: java.lang.NullPointerException
[00:03:36] [Craft Scheduler Thread - 0/WARN]: 	at us.zonix.practice.board.adapter.PracticeBoard.getLobbyBoard(PracticeBoard.java:133)
[00:03:36] [Craft Scheduler Thread - 0/WARN]: 	at us.zonix.practice.board.adapter.PracticeBoard.getScoreboard(PracticeBoard.java:74)
[00:03:36] [Craft Scheduler Thread - 0/WARN]: 	at us.zonix.practice.board.BoardManager.run(BoardManager.java:42)
[00:03:36] [Craft Scheduler Thread - 0/WARN]: 	at org.bukkit.craftbukkit.v1_8_R3.scheduler.CraftTask.run(CraftTask.java:64)
[00:03:36] [Craft Scheduler Thread - 0/WARN]: 	at org.bukkit.craftbukkit.v1_8_R3.scheduler.CraftAsyncTask.run(CraftAsyncTask.java:53)
[00:03:36] [Craft Scheduler Thread - 0/WARN]: 	at org.github.paperspigot.ServerSchedulerReportingWrapper.run(ServerSchedulerReportingWrapper.java:23)
[00:03:36] [Craft Scheduler Thread - 0/WARN]: 	at java.util.concurrent.ThreadPoolExecutor.runWorker(ThreadPoolExecutor.java:1149)
[00:03:36] [Craft Scheduler Thread - 0/WARN]: 	at java.util.concurrent.ThreadPoolExecutor$Worker.run(ThreadPoolExecutor.java:624)
[00:03:36] [Craft Scheduler Thread - 0/WARN]: 	at java.lang.Thread.run(Thread.java:748)
[00:03:36] [Craft Scheduler Thread - 0/WARN]: java.lang.NullPointerException
[00:03:36] [Craft Scheduler Thread - 0/WARN]: 	at us.zonix.practice.board.adapter.PracticeBoard.getLobbyBoard(PracticeBoard.java:133)
[00:03:36] [Craft Scheduler Thread - 0/WARN]: 	at us.zonix.practice.board.adapter.PracticeBoard.getScoreboard(PracticeBoard.java:74)
[00:03:36] [Craft Scheduler Thread - 0/WARN]: 	at us.zonix.practice.board.BoardManager.run(BoardManager.java:42)
[00:03:36] [Craft Scheduler Thread - 0/WARN]: 	at org.bukkit.craftbukkit.v1_8_R3.scheduler.CraftTask.run(CraftTask.java:64)
[00:03:36] [Craft Scheduler Thread - 0/WARN]: 	at org.bukkit.craftbukkit.v1_8_R3.scheduler.CraftAsyncTask.run(CraftAsyncTask.java:53)
[00:03:36] [Craft Scheduler Thread - 0/WARN]: 	at org.github.paperspigot.ServerSchedulerReportingWrapper.run(ServerSchedulerReportingWrapper.java:23)
[00:03:36] [Craft Scheduler Thread - 0/WARN]: 	at java.util.concurrent.ThreadPoolExecutor.runWorker(ThreadPoolExecutor.java:1149)
[00:03:36] [Craft Scheduler Thread - 0/WARN]: 	at java.util.concurrent.ThreadPoolExecutor$Worker.run(ThreadPoolExecutor.java:624)
[00:03:36] [Craft Scheduler Thread - 0/WARN]: 	at java.lang.Thread.run(Thread.java:748)
[00:03:36] [Craft Scheduler Thread - 7/WARN]: java.lang.NullPointerException
[00:03:36] [Craft Scheduler Thread - 7/WARN]: 	at us.zonix.practice.board.adapter.PracticeBoard.getLobbyBoard(PracticeBoard.java:133)
[00:03:36] [Craft Scheduler Thread - 7/WARN]: 	at us.zonix.practice.board.adapter.PracticeBoard.getScoreboard(PracticeBoard.java:74)
[00:03:36] [Craft Scheduler Thread - 7/WARN]: 	at us.zonix.practice.board.BoardManager.run(BoardManager.java:42)
[00:03:36] [Craft Scheduler Thread - 7/WARN]: 	at org.bukkit.craftbukkit.v1_8_R3.scheduler.CraftTask.run(CraftTask.java:64)
[00:03:36] [Craft Scheduler Thread - 7/WARN]: 	at org.bukkit.craftbukkit.v1_8_R3.scheduler.CraftAsyncTask.run(CraftAsyncTask.java:53)
[00:03:36] [Craft Scheduler Thread - 7/WARN]: 	at org.github.paperspigot.ServerSchedulerReportingWrapper.run(ServerSchedulerReportingWrapper.java:23)
[00:03:36] [Craft Scheduler Thread - 7/WARN]: 	at java.util.concurrent.ThreadPoolExecutor.runWorker(ThreadPoolExecutor.java:1149)
[00:03:36] [Craft Scheduler Thread - 7/WARN]: 	at java.util.concurrent.ThreadPoolExecutor$Worker.run(ThreadPoolExecutor.java:624)
[00:03:36] [Craft Scheduler Thread - 7/WARN]: 	at java.lang.Thread.run(Thread.java:748)
[00:03:36] [Craft Scheduler Thread - 7/WARN]: java.lang.NullPointerException
[00:03:36] [Craft Scheduler Thread - 7/WARN]: 	at us.zonix.practice.board.adapter.PracticeBoard.getLobbyBoard(PracticeBoard.java:133)
[00:03:36] [Craft Scheduler Thread - 7/WARN]: 	at us.zonix.practice.board.adapter.PracticeBoard.getScoreboard(PracticeBoard.java:74)
[00:03:36] [Craft Scheduler Thread - 7/WARN]: 	at us.zonix.practice.board.BoardManager.run(BoardManager.java:42)
[00:03:36] [Craft Scheduler Thread - 7/WARN]: 	at org.bukkit.craftbukkit.v1_8_R3.scheduler.CraftTask.run(CraftTask.java:64)
[00:03:36] [Craft Scheduler Thread - 7/WARN]: 	at org.bukkit.craftbukkit.v1_8_R3.scheduler.CraftAsyncTask.run(CraftAsyncTask.java:53)
[00:03:36] [Craft Scheduler Thread - 7/WARN]: 	at org.github.paperspigot.ServerSchedulerReportingWrapper.run(ServerSchedulerReportingWrapper.java:23)
[00:03:36] [Craft Scheduler Thread - 7/WARN]: 	at java.util.concurrent.ThreadPoolExecutor.runWorker(ThreadPoolExecutor.java:1149)
[00:03:36] [Craft Scheduler Thread - 7/WARN]: 	at java.util.concurrent.ThreadPoolExecutor$Worker.run(ThreadPoolExecutor.java:624)
[00:03:36] [Craft Scheduler Thread - 7/WARN]: 	at java.lang.Thread.run(Thread.java:748)
[00:03:36] [Craft Scheduler Thread - 10/WARN]: java.lang.NullPointerException
[00:03:36] [Craft Scheduler Thread - 10/WARN]: 	at us.zonix.practice.board.adapter.PracticeBoard.getLobbyBoard(PracticeBoard.java:133)
[00:03:36] [Craft Scheduler Thread - 10/WARN]: 	at us.zonix.practice.board.adapter.PracticeBoard.getScoreboard(PracticeBoard.java:74)
[00:03:36] [Craft Scheduler Thread - 10/WARN]: 	at us.zonix.practice.board.BoardManager.run(BoardManager.java:42)
[00:03:36] [Craft Scheduler Thread - 10/WARN]: 	at org.bukkit.craftbukkit.v1_8_R3.scheduler.CraftTask.run(CraftTask.java:64)
[00:03:36] [Craft Scheduler Thread - 10/WARN]: 	at org.bukkit.craftbukkit.v1_8_R3.scheduler.CraftAsyncTask.run(CraftAsyncTask.java:53)
[00:03:36] [Craft Scheduler Thread - 10/WARN]: 	at org.github.paperspigot.ServerSchedulerReportingWrapper.run(ServerSchedulerReportingWrapper.java:23)
[00:03:36] [Craft Scheduler Thread - 10/WARN]: 	at java.util.concurrent.ThreadPoolExecutor.runWorker(ThreadPoolExecutor.java:1149)
[00:03:36] [Craft Scheduler Thread - 10/WARN]: 	at java.util.concurrent.ThreadPoolExecutor$Worker.run(ThreadPoolExecutor.java:624)
[00:03:36] [Craft Scheduler Thread - 10/WARN]: 	at java.lang.Thread.run(Thread.java:748)
[00:03:36] [Craft Scheduler Thread - 10/WARN]: java.lang.NullPointerException
[00:03:36] [Craft Scheduler Thread - 10/WARN]: 	at us.zonix.practice.board.adapter.PracticeBoard.getLobbyBoard(PracticeBoard.java:133)
[00:03:36] [Craft Scheduler Thread - 10/WARN]: 	at us.zonix.practice.board.adapter.PracticeBoard.getScoreboard(PracticeBoard.java:74)
[00:03:36] [Craft Scheduler Thread - 10/WARN]: 	at us.zonix.practice.board.BoardManager.run(BoardManager.java:42)
[00:03:36] [Craft Scheduler Thread - 10/WARN]: 	at org.bukkit.craftbukkit.v1_8_R3.scheduler.CraftTask.run(CraftTask.java:64)
[00:03:36] [Craft Scheduler Thread - 10/WARN]: 	at org.bukkit.craftbukkit.v1_8_R3.scheduler.CraftAsyncTask.run(CraftAsyncTask.java:53)
[00:03:36] [Craft Scheduler Thread - 10/WARN]: 	at org.github.paperspigot.ServerSchedulerReportingWrapper.run(ServerSchedulerReportingWrapper.java:23)
[00:03:36] [Craft Scheduler Thread - 10/WARN]: 	at java.util.concurrent.ThreadPoolExecutor.runWorker(ThreadPoolExecutor.java:1149)
[00:03:36] [Craft Scheduler Thread - 10/WARN]: 	at java.util.concurrent.ThreadPoolExecutor$Worker.run(ThreadPoolExecutor.java:624)
[00:03:36] [Craft Scheduler Thread - 10/WARN]: 	at java.lang.Thread.run(Thread.java:748)
[00:03:36] [Craft Scheduler Thread - 0/WARN]: java.lang.NullPointerException
[00:03:36] [Craft Scheduler Thread - 0/WARN]: 	at us.zonix.practice.board.adapter.PracticeBoard.getLobbyBoard(PracticeBoard.java:133)
[00:03:36] [Craft Scheduler Thread - 0/WARN]: 	at us.zonix.practice.board.adapter.PracticeBoard.getScoreboard(PracticeBoard.java:74)
[00:03:36] [Craft Scheduler Thread - 0/WARN]: 	at us.zonix.practice.board.BoardManager.run(BoardManager.java:42)
[00:03:36] [Craft Scheduler Thread - 0/WARN]: 	at org.bukkit.craftbukkit.v1_8_R3.scheduler.CraftTask.run(CraftTask.java:64)
[00:03:36] [Craft Scheduler Thread - 0/WARN]: 	at org.bukkit.craftbukkit.v1_8_R3.scheduler.CraftAsyncTask.run(CraftAsyncTask.java:53)
[00:03:36] [Craft Scheduler Thread - 0/WARN]: 	at org.github.paperspigot.ServerSchedulerReportingWrapper.run(ServerSchedulerReportingWrapper.java:23)
[00:03:36] [Craft Scheduler Thread - 0/WARN]: 	at java.util.concurrent.ThreadPoolExecutor.runWorker(ThreadPoolExecutor.java:1149)
[00:03:36] [Craft Scheduler Thread - 0/WARN]: 	at java.util.concurrent.ThreadPoolExecutor$Worker.run(ThreadPoolExecutor.java:624)
[00:03:36] [Craft Scheduler Thread - 0/WARN]: 	at java.lang.Thread.run(Thread.java:748)
[00:03:36] [Craft Scheduler Thread - 0/WARN]: java.lang.NullPointerException
[00:03:36] [Craft Scheduler Thread - 0/WARN]: 	at us.zonix.practice.board.adapter.PracticeBoard.getLobbyBoard(PracticeBoard.java:133)
[00:03:36] [Craft Scheduler Thread - 0/WARN]: 	at us.zonix.practice.board.adapter.PracticeBoard.getScoreboard(PracticeBoard.java:74)
[00:03:36] [Craft Scheduler Thread - 0/WARN]: 	at us.zonix.practice.board.BoardManager.run(BoardManager.java:42)
[00:03:36] [Craft Scheduler Thread - 0/WARN]: 	at org.bukkit.craftbukkit.v1_8_R3.scheduler.CraftTask.run(CraftTask.java:64)
[00:03:36] [Craft Scheduler Thread - 0/WARN]: 	at org.bukkit.craftbukkit.v1_8_R3.scheduler.CraftAsyncTask.run(CraftAsyncTask.java:53)
[00:03:36] [Craft Scheduler Thread - 0/WARN]: 	at org.github.paperspigot.ServerSchedulerReportingWrapper.run(ServerSchedulerReportingWrapper.java:23)
[00:03:36] [Craft Scheduler Thread - 0/WARN]: 	at java.util.concurrent.ThreadPoolExecutor.runWorker(ThreadPoolExecutor.java:1149)
[00:03:36] [Craft Scheduler Thread - 0/WARN]: 	at java.util.concurrent.ThreadPoolExecutor$Worker.run(ThreadPoolExecutor.java:624)
[00:03:36] [Craft Scheduler Thread - 0/WARN]: 	at java.lang.Thread.run(Thread.java:748)
[00:03:36] [Craft Scheduler Thread - 3/WARN]: java.lang.NullPointerException
[00:03:36] [Craft Scheduler Thread - 3/WARN]: 	at us.zonix.practice.board.adapter.PracticeBoard.getLobbyBoard(PracticeBoard.java:133)
[00:03:36] [Craft Scheduler Thread - 3/WARN]: 	at us.zonix.practice.board.adapter.PracticeBoard.getScoreboard(PracticeBoard.java:74)
[00:03:36] [Craft Scheduler Thread - 3/WARN]: 	at us.zonix.practice.board.BoardManager.run(BoardManager.java:42)
[00:03:36] [Craft Scheduler Thread - 3/WARN]: 	at org.bukkit.craftbukkit.v1_8_R3.scheduler.CraftTask.run(CraftTask.java:64)
[00:03:36] [Craft Scheduler Thread - 3/WARN]: 	at org.bukkit.craftbukkit.v1_8_R3.scheduler.CraftAsyncTask.run(CraftAsyncTask.java:53)
[00:03:36] [Craft Scheduler Thread - 3/WARN]: 	at org.github.paperspigot.ServerSchedulerReportingWrapper.run(ServerSchedulerReportingWrapper.java:23)
[00:03:36] [Craft Scheduler Thread - 3/WARN]: 	at java.util.concurrent.ThreadPoolExecutor.runWorker(ThreadPoolExecutor.java:1149)
[00:03:36] [Craft Scheduler Thread - 3/WARN]: 	at java.util.concurrent.ThreadPoolExecutor$Worker.run(ThreadPoolExecutor.java:624)
[00:03:36] [Craft Scheduler Thread - 3/WARN]: 	at java.lang.Thread.run(Thread.java:748)
[00:03:36] [Craft Scheduler Thread - 3/WARN]: java.lang.NullPointerException
[00:03:36] [Craft Scheduler Thread - 3/WARN]: 	at us.zonix.practice.board.adapter.PracticeBoard.getLobbyBoard(PracticeBoard.java:133)
[00:03:36] [Craft Scheduler Thread - 3/WARN]: 	at us.zonix.practice.board.adapter.PracticeBoard.getScoreboard(PracticeBoard.java:74)
[00:03:36] [Craft Scheduler Thread - 3/WARN]: 	at us.zonix.practice.board.BoardManager.run(BoardManager.java:42)
[00:03:36] [Craft Scheduler Thread - 3/WARN]: 	at org.bukkit.craftbukkit.v1_8_R3.scheduler.CraftTask.run(CraftTask.java:64)
[00:03:36] [Craft Scheduler Thread - 3/WARN]: 	at org.bukkit.craftbukkit.v1_8_R3.scheduler.CraftAsyncTask.run(CraftAsyncTask.java:53)
[00:03:36] [Craft Scheduler Thread - 3/WARN]: 	at org.github.paperspigot.ServerSchedulerReportingWrapper.run(ServerSchedulerReportingWrapper.java:23)
[00:03:36] [Craft Scheduler Thread - 3/WARN]: 	at java.util.concurrent.ThreadPoolExecutor.runWorker(ThreadPoolExecutor.java:1149)
[00:03:36] [Craft Scheduler Thread - 3/WARN]: 	at java.util.concurrent.ThreadPoolExecutor$Worker.run(ThreadPoolExecutor.java:624)
[00:03:36] [Craft Scheduler Thread - 3/WARN]: 	at java.lang.Thread.run(Thread.java:748)
[00:03:36] [Craft Scheduler Thread - 10/WARN]: java.lang.NullPointerException
[00:03:36] [Craft Scheduler Thread - 10/WARN]: 	at us.zonix.practice.board.adapter.PracticeBoard.getLobbyBoard(PracticeBoard.java:133)
[00:03:36] [Craft Scheduler Thread - 10/WARN]: 	at us.zonix.practice.board.adapter.PracticeBoard.getScoreboard(PracticeBoard.java:74)
[00:03:36] [Craft Scheduler Thread - 10/WARN]: 	at us.zonix.practice.board.BoardManager.run(BoardManager.java:42)
[00:03:36] [Craft Scheduler Thread - 10/WARN]: 	at org.bukkit.craftbukkit.v1_8_R3.scheduler.CraftTask.run(CraftTask.java:64)
[00:03:36] [Craft Scheduler Thread - 10/WARN]: 	at org.bukkit.craftbukkit.v1_8_R3.scheduler.CraftAsyncTask.run(CraftAsyncTask.java:53)
[00:03:36] [Craft Scheduler Thread - 10/WARN]: 	at org.github.paperspigot.ServerSchedulerReportingWrapper.run(ServerSchedulerReportingWrapper.java:23)
[00:03:36] [Craft Scheduler Thread - 10/WARN]: 	at java.util.concurrent.ThreadPoolExecutor.runWorker(ThreadPoolExecutor.java:1149)
[00:03:36] [Craft Scheduler Thread - 10/WARN]: 	at java.util.concurrent.ThreadPoolExecutor$Worker.run(ThreadPoolExecutor.java:624)
[00:03:36] [Craft Scheduler Thread - 10/WARN]: 	at java.lang.Thread.run(Thread.java:748)
[00:03:36] [Craft Scheduler Thread - 10/WARN]: java.lang.NullPointerException
[00:03:36] [Craft Scheduler Thread - 10/WARN]: 	at us.zonix.practice.board.adapter.PracticeBoard.getLobbyBoard(PracticeBoard.java:133)
[00:03:36] [Craft Scheduler Thread - 10/WARN]: 	at us.zonix.practice.board.adapter.PracticeBoard.getScoreboard(PracticeBoard.java:74)
[00:03:36] [Craft Scheduler Thread - 10/WARN]: 	at us.zonix.practice.board.BoardManager.run(BoardManager.java:42)
[00:03:36] [Craft Scheduler Thread - 10/WARN]: 	at org.bukkit.craftbukkit.v1_8_R3.scheduler.CraftTask.run(CraftTask.java:64)
[00:03:36] [Craft Scheduler Thread - 10/WARN]: 	at org.bukkit.craftbukkit.v1_8_R3.scheduler.CraftAsyncTask.run(CraftAsyncTask.java:53)
[00:03:36] [Craft Scheduler Thread - 10/WARN]: 	at org.github.paperspigot.ServerSchedulerReportingWrapper.run(ServerSchedulerReportingWrapper.java:23)
[00:03:36] [Craft Scheduler Thread - 10/WARN]: 	at java.util.concurrent.ThreadPoolExecutor.runWorker(ThreadPoolExecutor.java:1149)
[00:03:36] [Craft Scheduler Thread - 10/WARN]: 	at java.util.concurrent.ThreadPoolExecutor$Worker.run(ThreadPoolExecutor.java:624)
[00:03:36] [Craft Scheduler Thread - 10/WARN]: 	at java.lang.Thread.run(Thread.java:748)
[00:03:36] [Craft Scheduler Thread - 7/WARN]: java.lang.NullPointerException
[00:03:36] [Craft Scheduler Thread - 7/WARN]: 	at us.zonix.practice.board.adapter.PracticeBoard.getLobbyBoard(PracticeBoard.java:133)
[00:03:36] [Craft Scheduler Thread - 7/WARN]: 	at us.zonix.practice.board.adapter.PracticeBoard.getScoreboard(PracticeBoard.java:74)
[00:03:36] [Craft Scheduler Thread - 7/WARN]: 	at us.zonix.practice.board.BoardManager.run(BoardManager.java:42)
[00:03:36] [Craft Scheduler Thread - 7/WARN]: 	at org.bukkit.craftbukkit.v1_8_R3.scheduler.CraftTask.run(CraftTask.java:64)
[00:03:36] [Craft Scheduler Thread - 7/WARN]: 	at org.bukkit.craftbukkit.v1_8_R3.scheduler.CraftAsyncTask.run(CraftAsyncTask.java:53)
[00:03:36] [Craft Scheduler Thread - 7/WARN]: 	at org.github.paperspigot.ServerSchedulerReportingWrapper.run(ServerSchedulerReportingWrapper.java:23)
[00:03:36] [Craft Scheduler Thread - 7/WARN]: 	at java.util.concurrent.ThreadPoolExecutor.runWorker(ThreadPoolExecutor.java:1149)
[00:03:36] [Craft Scheduler Thread - 7/WARN]: 	at java.util.concurrent.ThreadPoolExecutor$Worker.run(ThreadPoolExecutor.java:624)
[00:03:36] [Craft Scheduler Thread - 7/WARN]: 	at java.lang.Thread.run(Thread.java:748)
[00:03:36] [Craft Scheduler Thread - 7/WARN]: java.lang.NullPointerException
[00:03:36] [Craft Scheduler Thread - 7/WARN]: 	at us.zonix.practice.board.adapter.PracticeBoard.getLobbyBoard(PracticeBoard.java:133)
[00:03:36] [Craft Scheduler Thread - 7/WARN]: 	at us.zonix.practice.board.adapter.PracticeBoard.getScoreboard(PracticeBoard.java:74)
[00:03:36] [Craft Scheduler Thread - 7/WARN]: 	at us.zonix.practice.board.BoardManager.run(BoardManager.java:42)
[00:03:36] [Craft Scheduler Thread - 7/WARN]: 	at org.bukkit.craftbukkit.v1_8_R3.scheduler.CraftTask.run(CraftTask.java:64)
[00:03:36] [Craft Scheduler Thread - 7/WARN]: 	at org.bukkit.craftbukkit.v1_8_R3.scheduler.CraftAsyncTask.run(CraftAsyncTask.java:53)
[00:03:36] [Craft Scheduler Thread - 7/WARN]: 	at org.github.paperspigot.ServerSchedulerReportingWrapper.run(ServerSchedulerReportingWrapper.java:23)
[00:03:36] [Craft Scheduler Thread - 7/WARN]: 	at java.util.concurrent.ThreadPoolExecutor.runWorker(ThreadPoolExecutor.java:1149)
[00:03:36] [Craft Scheduler Thread - 7/WARN]: 	at java.util.concurrent.ThreadPoolExecutor$Worker.run(ThreadPoolExecutor.java:624)
[00:03:36] [Craft Scheduler Thread - 7/WARN]: 	at java.lang.Thread.run(Thread.java:748)
[00:03:36] [Craft Scheduler Thread - 3/WARN]: java.lang.NullPointerException
[00:03:36] [Craft Scheduler Thread - 3/WARN]: 	at us.zonix.practice.board.adapter.PracticeBoard.getLobbyBoard(PracticeBoard.java:133)
[00:03:36] [Craft Scheduler Thread - 3/WARN]: 	at us.zonix.practice.board.adapter.PracticeBoard.getScoreboard(PracticeBoard.java:74)
[00:03:36] [Craft Scheduler Thread - 3/WARN]: 	at us.zonix.practice.board.BoardManager.run(BoardManager.java:42)
[00:03:36] [Craft Scheduler Thread - 3/WARN]: 	at org.bukkit.craftbukkit.v1_8_R3.scheduler.CraftTask.run(CraftTask.java:64)
[00:03:36] [Craft Scheduler Thread - 3/WARN]: 	at org.bukkit.craftbukkit.v1_8_R3.scheduler.CraftAsyncTask.run(CraftAsyncTask.java:53)
[00:03:36] [Craft Scheduler Thread - 3/WARN]: 	at org.github.paperspigot.ServerSchedulerReportingWrapper.run(ServerSchedulerReportingWrapper.java:23)
[00:03:36] [Craft Scheduler Thread - 3/WARN]: 	at java.util.concurrent.ThreadPoolExecutor.runWorker(ThreadPoolExecutor.java:1149)
[00:03:36] [Craft Scheduler Thread - 3/WARN]: 	at java.util.concurrent.ThreadPoolExecutor$Worker.run(ThreadPoolExecutor.java:624)
[00:03:36] [Craft Scheduler Thread - 3/WARN]: 	at java.lang.Thread.run(Thread.java:748)
[00:03:36] [Craft Scheduler Thread - 3/WARN]: java.lang.NullPointerException
[00:03:36] [Craft Scheduler Thread - 3/WARN]: 	at us.zonix.practice.board.adapter.PracticeBoard.getLobbyBoard(PracticeBoard.java:133)
[00:03:36] [Craft Scheduler Thread - 3/WARN]: 	at us.zonix.practice.board.adapter.PracticeBoard.getScoreboard(PracticeBoard.java:74)
[00:03:36] [Craft Scheduler Thread - 3/WARN]: 	at us.zonix.practice.board.BoardManager.run(BoardManager.java:42)
[00:03:36] [Craft Scheduler Thread - 3/WARN]: 	at org.bukkit.craftbukkit.v1_8_R3.scheduler.CraftTask.run(CraftTask.java:64)
[00:03:36] [Craft Scheduler Thread - 3/WARN]: 	at org.bukkit.craftbukkit.v1_8_R3.scheduler.CraftAsyncTask.run(CraftAsyncTask.java:53)
[00:03:36] [Craft Scheduler Thread - 3/WARN]: 	at org.github.paperspigot.ServerSchedulerReportingWrapper.run(ServerSchedulerReportingWrapper.java:23)
[00:03:36] [Craft Scheduler Thread - 3/WARN]: 	at java.util.concurrent.ThreadPoolExecutor.runWorker(ThreadPoolExecutor.java:1149)
[00:03:36] [Craft Scheduler Thread - 3/WARN]: 	at java.util.concurrent.ThreadPoolExecutor$Worker.run(ThreadPoolExecutor.java:624)
[00:03:36] [Craft Scheduler Thread - 3/WARN]: 	at java.lang.Thread.run(Thread.java:748)
[00:03:36] [Craft Scheduler Thread - 0/WARN]: java.lang.NullPointerException
[00:03:36] [Craft Scheduler Thread - 0/WARN]: 	at us.zonix.practice.board.adapter.PracticeBoard.getLobbyBoard(PracticeBoard.java:133)
[00:03:36] [Craft Scheduler Thread - 0/WARN]: 	at us.zonix.practice.board.adapter.PracticeBoard.getScoreboard(PracticeBoard.java:74)
[00:03:36] [Craft Scheduler Thread - 0/WARN]: 	at us.zonix.practice.board.BoardManager.run(BoardManager.java:42)
[00:03:36] [Craft Scheduler Thread - 0/WARN]: 	at org.bukkit.craftbukkit.v1_8_R3.scheduler.CraftTask.run(CraftTask.java:64)
[00:03:36] [Craft Scheduler Thread - 0/WARN]: 	at org.bukkit.craftbukkit.v1_8_R3.scheduler.CraftAsyncTask.run(CraftAsyncTask.java:53)
[00:03:36] [Craft Scheduler Thread - 0/WARN]: 	at org.github.paperspigot.ServerSchedulerReportingWrapper.run(ServerSchedulerReportingWrapper.java:23)
[00:03:36] [Craft Scheduler Thread - 0/WARN]: 	at java.util.concurrent.ThreadPoolExecutor.runWorker(ThreadPoolExecutor.java:1149)
[00:03:36] [Craft Scheduler Thread - 0/WARN]: 	at java.util.concurrent.ThreadPoolExecutor$Worker.run(ThreadPoolExecutor.java:624)
[00:03:36] [Craft Scheduler Thread - 0/WARN]: 	at java.lang.Thread.run(Thread.java:748)
[00:03:36] [Craft Scheduler Thread - 0/WARN]: java.lang.NullPointerException
[00:03:36] [Craft Scheduler Thread - 0/WARN]: 	at us.zonix.practice.board.adapter.PracticeBoard.getLobbyBoard(PracticeBoard.java:133)
[00:03:36] [Craft Scheduler Thread - 0/WARN]: 	at us.zonix.practice.board.adapter.PracticeBoard.getScoreboard(PracticeBoard.java:74)
[00:03:36] [Craft Scheduler Thread - 0/WARN]: 	at us.zonix.practice.board.BoardManager.run(BoardManager.java:42)
[00:03:36] [Craft Scheduler Thread - 0/WARN]: 	at org.bukkit.craftbukkit.v1_8_R3.scheduler.CraftTask.run(CraftTask.java:64)
[00:03:36] [Craft Scheduler Thread - 0/WARN]: 	at org.bukkit.craftbukkit.v1_8_R3.scheduler.CraftAsyncTask.run(CraftAsyncTask.java:53)
[00:03:36] [Craft Scheduler Thread - 0/WARN]: 	at org.github.paperspigot.ServerSchedulerReportingWrapper.run(ServerSchedulerReportingWrapper.java:23)
[00:03:36] [Craft Scheduler Thread - 0/WARN]: 	at java.util.concurrent.ThreadPoolExecutor.runWorker(ThreadPoolExecutor.java:1149)
[00:03:36] [Craft Scheduler Thread - 0/WARN]: 	at java.util.concurrent.ThreadPoolExecutor$Worker.run(ThreadPoolExecutor.java:624)
[00:03:36] [Craft Scheduler Thread - 0/WARN]: 	at java.lang.Thread.run(Thread.java:748)
[00:03:36] [Craft Scheduler Thread - 7/WARN]: java.lang.NullPointerException
[00:03:36] [Craft Scheduler Thread - 7/WARN]: 	at us.zonix.practice.board.adapter.PracticeBoard.getLobbyBoard(PracticeBoard.java:133)
[00:03:36] [Craft Scheduler Thread - 7/WARN]: 	at us.zonix.practice.board.adapter.PracticeBoard.getScoreboard(PracticeBoard.java:74)
[00:03:36] [Craft Scheduler Thread - 7/WARN]: 	at us.zonix.practice.board.BoardManager.run(BoardManager.java:42)
[00:03:36] [Craft Scheduler Thread - 7/WARN]: 	at org.bukkit.craftbukkit.v1_8_R3.scheduler.CraftTask.run(CraftTask.java:64)
[00:03:36] [Craft Scheduler Thread - 7/WARN]: 	at org.bukkit.craftbukkit.v1_8_R3.scheduler.CraftAsyncTask.run(CraftAsyncTask.java:53)
[00:03:36] [Craft Scheduler Thread - 7/WARN]: 	at org.github.paperspigot.ServerSchedulerReportingWrapper.run(ServerSchedulerReportingWrapper.java:23)
[00:03:36] [Craft Scheduler Thread - 7/WARN]: 	at java.util.concurrent.ThreadPoolExecutor.runWorker(ThreadPoolExecutor.java:1149)
[00:03:36] [Craft Scheduler Thread - 7/WARN]: 	at java.util.concurrent.ThreadPoolExecutor$Worker.run(ThreadPoolExecutor.java:624)
[00:03:36] [Craft Scheduler Thread - 7/WARN]: 	at java.lang.Thread.run(Thread.java:748)
[00:03:36] [Craft Scheduler Thread - 7/WARN]: java.lang.NullPointerException
[00:03:36] [Craft Scheduler Thread - 7/WARN]: 	at us.zonix.practice.board.adapter.PracticeBoard.getLobbyBoard(PracticeBoard.java:133)
[00:03:36] [Craft Scheduler Thread - 7/WARN]: 	at us.zonix.practice.board.adapter.PracticeBoard.getScoreboard(PracticeBoard.java:74)
[00:03:36] [Craft Scheduler Thread - 7/WARN]: 	at us.zonix.practice.board.BoardManager.run(BoardManager.java:42)
[00:03:36] [Craft Scheduler Thread - 7/WARN]: 	at org.bukkit.craftbukkit.v1_8_R3.scheduler.CraftTask.run(CraftTask.java:64)
[00:03:36] [Craft Scheduler Thread - 7/WARN]: 	at org.bukkit.craftbukkit.v1_8_R3.scheduler.CraftAsyncTask.run(CraftAsyncTask.java:53)
[00:03:36] [Craft Scheduler Thread - 7/WARN]: 	at org.github.paperspigot.ServerSchedulerReportingWrapper.run(ServerSchedulerReportingWrapper.java:23)
[00:03:36] [Craft Scheduler Thread - 7/WARN]: 	at java.util.concurrent.ThreadPoolExecutor.runWorker(ThreadPoolExecutor.java:1149)
[00:03:36] [Craft Scheduler Thread - 7/WARN]: 	at java.util.concurrent.ThreadPoolExecutor$Worker.run(ThreadPoolExecutor.java:624)
[00:03:36] [Craft Scheduler Thread - 7/WARN]: 	at java.lang.Thread.run(Thread.java:748)
[00:03:37] [Craft Scheduler Thread - 10/WARN]: java.lang.NullPointerException
[00:03:37] [Craft Scheduler Thread - 10/WARN]: 	at us.zonix.practice.board.adapter.PracticeBoard.getLobbyBoard(PracticeBoard.java:133)
[00:03:37] [Craft Scheduler Thread - 10/WARN]: 	at us.zonix.practice.board.adapter.PracticeBoard.getScoreboard(PracticeBoard.java:74)
[00:03:37] [Craft Scheduler Thread - 10/WARN]: 	at us.zonix.practice.board.BoardManager.run(BoardManager.java:42)
[00:03:37] [Craft Scheduler Thread - 10/WARN]: 	at org.bukkit.craftbukkit.v1_8_R3.scheduler.CraftTask.run(CraftTask.java:64)
[00:03:37] [Craft Scheduler Thread - 10/WARN]: 	at org.bukkit.craftbukkit.v1_8_R3.scheduler.CraftAsyncTask.run(CraftAsyncTask.java:53)
[00:03:37] [Craft Scheduler Thread - 10/WARN]: 	at org.github.paperspigot.ServerSchedulerReportingWrapper.run(ServerSchedulerReportingWrapper.java:23)
[00:03:37] [Craft Scheduler Thread - 10/WARN]: 	at java.util.concurrent.ThreadPoolExecutor.runWorker(ThreadPoolExecutor.java:1149)
[00:03:37] [Craft Scheduler Thread - 10/WARN]: 	at java.util.concurrent.ThreadPoolExecutor$Worker.run(ThreadPoolExecutor.java:624)
[00:03:37] [Craft Scheduler Thread - 10/WARN]: 	at java.lang.Thread.run(Thread.java:748)
[00:03:37] [Craft Scheduler Thread - 10/WARN]: java.lang.NullPointerException
[00:03:37] [Craft Scheduler Thread - 10/WARN]: 	at us.zonix.practice.board.adapter.PracticeBoard.getLobbyBoard(PracticeBoard.java:133)
[00:03:37] [Craft Scheduler Thread - 10/WARN]: 	at us.zonix.practice.board.adapter.PracticeBoard.getScoreboard(PracticeBoard.java:74)
[00:03:37] [Craft Scheduler Thread - 10/WARN]: 	at us.zonix.practice.board.BoardManager.run(BoardManager.java:42)
[00:03:37] [Craft Scheduler Thread - 10/WARN]: 	at org.bukkit.craftbukkit.v1_8_R3.scheduler.CraftTask.run(CraftTask.java:64)
[00:03:37] [Craft Scheduler Thread - 10/WARN]: 	at org.bukkit.craftbukkit.v1_8_R3.scheduler.CraftAsyncTask.run(CraftAsyncTask.java:53)
[00:03:37] [Craft Scheduler Thread - 10/WARN]: 	at org.github.paperspigot.ServerSchedulerReportingWrapper.run(ServerSchedulerReportingWrapper.java:23)
[00:03:37] [Craft Scheduler Thread - 10/WARN]: 	at java.util.concurrent.ThreadPoolExecutor.runWorker(ThreadPoolExecutor.java:1149)
[00:03:37] [Craft Scheduler Thread - 10/WARN]: 	at java.util.concurrent.ThreadPoolExecutor$Worker.run(ThreadPoolExecutor.java:624)
[00:03:37] [Craft Scheduler Thread - 10/WARN]: 	at java.lang.Thread.run(Thread.java:748)
[00:03:37] [Craft Scheduler Thread - 3/WARN]: java.lang.NullPointerException
[00:03:37] [Craft Scheduler Thread - 3/WARN]: 	at us.zonix.practice.board.adapter.PracticeBoard.getLobbyBoard(PracticeBoard.java:133)
[00:03:37] [Craft Scheduler Thread - 3/WARN]: 	at us.zonix.practice.board.adapter.PracticeBoard.getScoreboard(PracticeBoard.java:74)
[00:03:37] [Craft Scheduler Thread - 3/WARN]: 	at us.zonix.practice.board.BoardManager.run(BoardManager.java:42)
[00:03:37] [Craft Scheduler Thread - 3/WARN]: 	at org.bukkit.craftbukkit.v1_8_R3.scheduler.CraftTask.run(CraftTask.java:64)
[00:03:37] [Craft Scheduler Thread - 3/WARN]: 	at org.bukkit.craftbukkit.v1_8_R3.scheduler.CraftAsyncTask.run(CraftAsyncTask.java:53)
[00:03:37] [Craft Scheduler Thread - 3/WARN]: 	at org.github.paperspigot.ServerSchedulerReportingWrapper.run(ServerSchedulerReportingWrapper.java:23)
[00:03:37] [Craft Scheduler Thread - 3/WARN]: 	at java.util.concurrent.ThreadPoolExecutor.runWorker(ThreadPoolExecutor.java:1149)
[00:03:37] [Craft Scheduler Thread - 3/WARN]: 	at java.util.concurrent.ThreadPoolExecutor$Worker.run(ThreadPoolExecutor.java:624)
[00:03:37] [Craft Scheduler Thread - 3/WARN]: 	at java.lang.Thread.run(Thread.java:748)
[00:03:37] [Craft Scheduler Thread - 3/WARN]: java.lang.NullPointerException
[00:03:37] [Craft Scheduler Thread - 3/WARN]: 	at us.zonix.practice.board.adapter.PracticeBoard.getLobbyBoard(PracticeBoard.java:133)
[00:03:37] [Craft Scheduler Thread - 3/WARN]: 	at us.zonix.practice.board.adapter.PracticeBoard.getScoreboard(PracticeBoard.java:74)
[00:03:37] [Craft Scheduler Thread - 3/WARN]: 	at us.zonix.practice.board.BoardManager.run(BoardManager.java:42)
[00:03:37] [Craft Scheduler Thread - 3/WARN]: 	at org.bukkit.craftbukkit.v1_8_R3.scheduler.CraftTask.run(CraftTask.java:64)
[00:03:37] [Craft Scheduler Thread - 3/WARN]: 	at org.bukkit.craftbukkit.v1_8_R3.scheduler.CraftAsyncTask.run(CraftAsyncTask.java:53)
[00:03:37] [Craft Scheduler Thread - 3/WARN]: 	at org.github.paperspigot.ServerSchedulerReportingWrapper.run(ServerSchedulerReportingWrapper.java:23)
[00:03:37] [Craft Scheduler Thread - 3/WARN]: 	at java.util.concurrent.ThreadPoolExecutor.runWorker(ThreadPoolExecutor.java:1149)
[00:03:37] [Craft Scheduler Thread - 3/WARN]: 	at java.util.concurrent.ThreadPoolExecutor$Worker.run(ThreadPoolExecutor.java:624)
[00:03:37] [Craft Scheduler Thread - 3/WARN]: 	at java.lang.Thread.run(Thread.java:748)
[00:03:37] [Craft Scheduler Thread - 0/WARN]: java.lang.NullPointerException
[00:03:37] [Craft Scheduler Thread - 0/WARN]: 	at us.zonix.practice.board.adapter.PracticeBoard.getLobbyBoard(PracticeBoard.java:133)
[00:03:37] [Craft Scheduler Thread - 0/WARN]: 	at us.zonix.practice.board.adapter.PracticeBoard.getScoreboard(PracticeBoard.java:74)
[00:03:37] [Craft Scheduler Thread - 0/WARN]: 	at us.zonix.practice.board.BoardManager.run(BoardManager.java:42)
[00:03:37] [Craft Scheduler Thread - 0/WARN]: 	at org.bukkit.craftbukkit.v1_8_R3.scheduler.CraftTask.run(CraftTask.java:64)
[00:03:37] [Craft Scheduler Thread - 0/WARN]: 	at org.bukkit.craftbukkit.v1_8_R3.scheduler.CraftAsyncTask.run(CraftAsyncTask.java:53)
[00:03:37] [Craft Scheduler Thread - 0/WARN]: 	at org.github.paperspigot.ServerSchedulerReportingWrapper.run(ServerSchedulerReportingWrapper.java:23)
[00:03:37] [Craft Scheduler Thread - 0/WARN]: 	at java.util.concurrent.ThreadPoolExecutor.runWorker(ThreadPoolExecutor.java:1149)
[00:03:37] [Craft Scheduler Thread - 0/WARN]: 	at java.util.concurrent.ThreadPoolExecutor$Worker.run(ThreadPoolExecutor.java:624)
[00:03:37] [Craft Scheduler Thread - 0/WARN]: 	at java.lang.Thread.run(Thread.java:748)
[00:03:37] [Craft Scheduler Thread - 0/WARN]: java.lang.NullPointerException
[00:03:37] [Craft Scheduler Thread - 0/WARN]: 	at us.zonix.practice.board.adapter.PracticeBoard.getLobbyBoard(PracticeBoard.java:133)
[00:03:37] [Craft Scheduler Thread - 0/WARN]: 	at us.zonix.practice.board.adapter.PracticeBoard.getScoreboard(PracticeBoard.java:74)
[00:03:37] [Craft Scheduler Thread - 0/WARN]: 	at us.zonix.practice.board.BoardManager.run(BoardManager.java:42)
[00:03:37] [Craft Scheduler Thread - 0/WARN]: 	at org.bukkit.craftbukkit.v1_8_R3.scheduler.CraftTask.run(CraftTask.java:64)
[00:03:37] [Craft Scheduler Thread - 0/WARN]: 	at org.bukkit.craftbukkit.v1_8_R3.scheduler.CraftAsyncTask.run(CraftAsyncTask.java:53)
[00:03:37] [Craft Scheduler Thread - 0/WARN]: 	at org.github.paperspigot.ServerSchedulerReportingWrapper.run(ServerSchedulerReportingWrapper.java:23)
[00:03:37] [Craft Scheduler Thread - 0/WARN]: 	at java.util.concurrent.ThreadPoolExecutor.runWorker(ThreadPoolExecutor.java:1149)
[00:03:37] [Craft Scheduler Thread - 0/WARN]: 	at java.util.concurrent.ThreadPoolExecutor$Worker.run(ThreadPoolExecutor.java:624)
[00:03:37] [Craft Scheduler Thread - 0/WARN]: 	at java.lang.Thread.run(Thread.java:748)
[00:03:37] [Craft Scheduler Thread - 10/WARN]: java.lang.NullPointerException
[00:03:37] [Craft Scheduler Thread - 10/WARN]: 	at us.zonix.practice.board.adapter.PracticeBoard.getLobbyBoard(PracticeBoard.java:133)
[00:03:37] [Craft Scheduler Thread - 10/WARN]: 	at us.zonix.practice.board.adapter.PracticeBoard.getScoreboard(PracticeBoard.java:74)
[00:03:37] [Craft Scheduler Thread - 10/WARN]: 	at us.zonix.practice.board.BoardManager.run(BoardManager.java:42)
[00:03:37] [Craft Scheduler Thread - 10/WARN]: 	at org.bukkit.craftbukkit.v1_8_R3.scheduler.CraftTask.run(CraftTask.java:64)
[00:03:37] [Craft Scheduler Thread - 10/WARN]: 	at org.bukkit.craftbukkit.v1_8_R3.scheduler.CraftAsyncTask.run(CraftAsyncTask.java:53)
[00:03:37] [Craft Scheduler Thread - 10/WARN]: 	at org.github.paperspigot.ServerSchedulerReportingWrapper.run(ServerSchedulerReportingWrapper.java:23)
[00:03:37] [Craft Scheduler Thread - 10/WARN]: 	at java.util.concurrent.ThreadPoolExecutor.runWorker(ThreadPoolExecutor.java:1149)
[00:03:37] [Craft Scheduler Thread - 10/WARN]: 	at java.util.concurrent.ThreadPoolExecutor$Worker.run(ThreadPoolExecutor.java:624)
[00:03:37] [Craft Scheduler Thread - 10/WARN]: 	at java.lang.Thread.run(Thread.java:748)
[00:03:37] [Craft Scheduler Thread - 10/WARN]: java.lang.NullPointerException
[00:03:37] [Craft Scheduler Thread - 10/WARN]: 	at us.zonix.practice.board.adapter.PracticeBoard.getLobbyBoard(PracticeBoard.java:133)
[00:03:37] [Craft Scheduler Thread - 10/WARN]: 	at us.zonix.practice.board.adapter.PracticeBoard.getScoreboard(PracticeBoard.java:74)
[00:03:37] [Craft Scheduler Thread - 10/WARN]: 	at us.zonix.practice.board.BoardManager.run(BoardManager.java:42)
[00:03:37] [Craft Scheduler Thread - 10/WARN]: 	at org.bukkit.craftbukkit.v1_8_R3.scheduler.CraftTask.run(CraftTask.java:64)
[00:03:37] [Craft Scheduler Thread - 10/WARN]: 	at org.bukkit.craftbukkit.v1_8_R3.scheduler.CraftAsyncTask.run(CraftAsyncTask.java:53)
[00:03:37] [Craft Scheduler Thread - 10/WARN]: 	at org.github.paperspigot.ServerSchedulerReportingWrapper.run(ServerSchedulerReportingWrapper.java:23)
[00:03:37] [Craft Scheduler Thread - 10/WARN]: 	at java.util.concurrent.ThreadPoolExecutor.runWorker(ThreadPoolExecutor.java:1149)
[00:03:37] [Craft Scheduler Thread - 10/WARN]: 	at java.util.concurrent.ThreadPoolExecutor$Worker.run(ThreadPoolExecutor.java:624)
[00:03:37] [Craft Scheduler Thread - 10/WARN]: 	at java.lang.Thread.run(Thread.java:748)
[00:03:37] [Craft Scheduler Thread - 7/WARN]: java.lang.NullPointerException
[00:03:37] [Craft Scheduler Thread - 7/WARN]: 	at us.zonix.practice.board.adapter.PracticeBoard.getLobbyBoard(PracticeBoard.java:133)
[00:03:37] [Craft Scheduler Thread - 7/WARN]: 	at us.zonix.practice.board.adapter.PracticeBoard.getScoreboard(PracticeBoard.java:74)
[00:03:37] [Craft Scheduler Thread - 7/WARN]: 	at us.zonix.practice.board.BoardManager.run(BoardManager.java:42)
[00:03:37] [Craft Scheduler Thread - 7/WARN]: 	at org.bukkit.craftbukkit.v1_8_R3.scheduler.CraftTask.run(CraftTask.java:64)
[00:03:37] [Craft Scheduler Thread - 7/WARN]: 	at org.bukkit.craftbukkit.v1_8_R3.scheduler.CraftAsyncTask.run(CraftAsyncTask.java:53)
[00:03:37] [Craft Scheduler Thread - 7/WARN]: 	at org.github.paperspigot.ServerSchedulerReportingWrapper.run(ServerSchedulerReportingWrapper.java:23)
[00:03:37] [Craft Scheduler Thread - 7/WARN]: 	at java.util.concurrent.ThreadPoolExecutor.runWorker(ThreadPoolExecutor.java:1149)
[00:03:37] [Craft Scheduler Thread - 7/WARN]: 	at java.util.concurrent.ThreadPoolExecutor$Worker.run(ThreadPoolExecutor.java:624)
[00:03:37] [Craft Scheduler Thread - 7/WARN]: 	at java.lang.Thread.run(Thread.java:748)
[00:03:37] [Craft Scheduler Thread - 7/WARN]: java.lang.NullPointerException
[00:03:37] [Craft Scheduler Thread - 7/WARN]: 	at us.zonix.practice.board.adapter.PracticeBoard.getLobbyBoard(PracticeBoard.java:133)
[00:03:37] [Craft Scheduler Thread - 7/WARN]: 	at us.zonix.practice.board.adapter.PracticeBoard.getScoreboard(PracticeBoard.java:74)
[00:03:37] [Craft Scheduler Thread - 7/WARN]: 	at us.zonix.practice.board.BoardManager.run(BoardManager.java:42)
[00:03:37] [Craft Scheduler Thread - 7/WARN]: 	at org.bukkit.craftbukkit.v1_8_R3.scheduler.CraftTask.run(CraftTask.java:64)
[00:03:37] [Craft Scheduler Thread - 7/WARN]: 	at org.bukkit.craftbukkit.v1_8_R3.scheduler.CraftAsyncTask.run(CraftAsyncTask.java:53)
[00:03:37] [Craft Scheduler Thread - 7/WARN]: 	at org.github.paperspigot.ServerSchedulerReportingWrapper.run(ServerSchedulerReportingWrapper.java:23)
[00:03:37] [Craft Scheduler Thread - 7/WARN]: 	at java.util.concurrent.ThreadPoolExecutor.runWorker(ThreadPoolExecutor.java:1149)
[00:03:37] [Craft Scheduler Thread - 7/WARN]: 	at java.util.concurrent.ThreadPoolExecutor$Worker.run(ThreadPoolExecutor.java:624)
[00:03:37] [Craft Scheduler Thread - 7/WARN]: 	at java.lang.Thread.run(Thread.java:748)
[00:03:37] [Craft Scheduler Thread - 3/WARN]: java.lang.NullPointerException
[00:03:37] [Craft Scheduler Thread - 3/WARN]: 	at us.zonix.practice.board.adapter.PracticeBoard.getLobbyBoard(PracticeBoard.java:133)
[00:03:37] [Craft Scheduler Thread - 3/WARN]: 	at us.zonix.practice.board.adapter.PracticeBoard.getScoreboard(PracticeBoard.java:74)
[00:03:37] [Craft Scheduler Thread - 3/WARN]: 	at us.zonix.practice.board.BoardManager.run(BoardManager.java:42)
[00:03:37] [Craft Scheduler Thread - 3/WARN]: 	at org.bukkit.craftbukkit.v1_8_R3.scheduler.CraftTask.run(CraftTask.java:64)
[00:03:37] [Craft Scheduler Thread - 3/WARN]: 	at org.bukkit.craftbukkit.v1_8_R3.scheduler.CraftAsyncTask.run(CraftAsyncTask.java:53)
[00:03:37] [Craft Scheduler Thread - 3/WARN]: 	at org.github.paperspigot.ServerSchedulerReportingWrapper.run(ServerSchedulerReportingWrapper.java:23)
[00:03:37] [Craft Scheduler Thread - 3/WARN]: 	at java.util.concurrent.ThreadPoolExecutor.runWorker(ThreadPoolExecutor.java:1149)
[00:03:37] [Craft Scheduler Thread - 3/WARN]: 	at java.util.concurrent.ThreadPoolExecutor$Worker.run(ThreadPoolExecutor.java:624)
[00:03:37] [Craft Scheduler Thread - 3/WARN]: 	at java.lang.Thread.run(Thread.java:748)
[00:03:37] [Craft Scheduler Thread - 3/WARN]: java.lang.NullPointerException
[00:03:37] [Craft Scheduler Thread - 3/WARN]: 	at us.zonix.practice.board.adapter.PracticeBoard.getLobbyBoard(PracticeBoard.java:133)
[00:03:37] [Craft Scheduler Thread - 3/WARN]: 	at us.zonix.practice.board.adapter.PracticeBoard.getScoreboard(PracticeBoard.java:74)
[00:03:37] [Craft Scheduler Thread - 3/WARN]: 	at us.zonix.practice.board.BoardManager.run(BoardManager.java:42)
[00:03:37] [Craft Scheduler Thread - 3/WARN]: 	at org.bukkit.craftbukkit.v1_8_R3.scheduler.CraftTask.run(CraftTask.java:64)
[00:03:37] [Craft Scheduler Thread - 3/WARN]: 	at org.bukkit.craftbukkit.v1_8_R3.scheduler.CraftAsyncTask.run(CraftAsyncTask.java:53)
[00:03:37] [Craft Scheduler Thread - 3/WARN]: 	at org.github.paperspigot.ServerSchedulerReportingWrapper.run(ServerSchedulerReportingWrapper.java:23)
[00:03:37] [Craft Scheduler Thread - 3/WARN]: 	at java.util.concurrent.ThreadPoolExecutor.runWorker(ThreadPoolExecutor.java:1149)
[00:03:37] [Craft Scheduler Thread - 3/WARN]: 	at java.util.concurrent.ThreadPoolExecutor$Worker.run(ThreadPoolExecutor.java:624)
[00:03:37] [Craft Scheduler Thread - 3/WARN]: 	at java.lang.Thread.run(Thread.java:748)
[00:03:37] [Craft Scheduler Thread - 10/WARN]: java.lang.NullPointerException
[00:03:37] [Craft Scheduler Thread - 10/WARN]: 	at us.zonix.practice.board.adapter.PracticeBoard.getLobbyBoard(PracticeBoard.java:133)
[00:03:37] [Craft Scheduler Thread - 10/WARN]: 	at us.zonix.practice.board.adapter.PracticeBoard.getScoreboard(PracticeBoard.java:74)
[00:03:37] [Craft Scheduler Thread - 10/WARN]: 	at us.zonix.practice.board.BoardManager.run(BoardManager.java:42)
[00:03:37] [Craft Scheduler Thread - 10/WARN]: 	at org.bukkit.craftbukkit.v1_8_R3.scheduler.CraftTask.run(CraftTask.java:64)
[00:03:37] [Craft Scheduler Thread - 10/WARN]: 	at org.bukkit.craftbukkit.v1_8_R3.scheduler.CraftAsyncTask.run(CraftAsyncTask.java:53)
[00:03:37] [Craft Scheduler Thread - 10/WARN]: 	at org.github.paperspigot.ServerSchedulerReportingWrapper.run(ServerSchedulerReportingWrapper.java:23)
[00:03:37] [Craft Scheduler Thread - 10/WARN]: 	at java.util.concurrent.ThreadPoolExecutor.runWorker(ThreadPoolExecutor.java:1149)
[00:03:37] [Craft Scheduler Thread - 10/WARN]: 	at java.util.concurrent.ThreadPoolExecutor$Worker.run(ThreadPoolExecutor.java:624)
[00:03:37] [Craft Scheduler Thread - 10/WARN]: 	at java.lang.Thread.run(Thread.java:748)
[00:03:37] [Craft Scheduler Thread - 10/WARN]: java.lang.NullPointerException
[00:03:37] [Craft Scheduler Thread - 10/WARN]: 	at us.zonix.practice.board.adapter.PracticeBoard.getLobbyBoard(PracticeBoard.java:133)
[00:03:37] [Craft Scheduler Thread - 10/WARN]: 	at us.zonix.practice.board.adapter.PracticeBoard.getScoreboard(PracticeBoard.java:74)
[00:03:37] [Craft Scheduler Thread - 10/WARN]: 	at us.zonix.practice.board.BoardManager.run(BoardManager.java:42)
[00:03:37] [Craft Scheduler Thread - 10/WARN]: 	at org.bukkit.craftbukkit.v1_8_R3.scheduler.CraftTask.run(CraftTask.java:64)
[00:03:37] [Craft Scheduler Thread - 10/WARN]: 	at org.bukkit.craftbukkit.v1_8_R3.scheduler.CraftAsyncTask.run(CraftAsyncTask.java:53)
[00:03:37] [Craft Scheduler Thread - 10/WARN]: 	at org.github.paperspigot.ServerSchedulerReportingWrapper.run(ServerSchedulerReportingWrapper.java:23)
[00:03:37] [Craft Scheduler Thread - 10/WARN]: 	at java.util.concurrent.ThreadPoolExecutor.runWorker(ThreadPoolExecutor.java:1149)
[00:03:37] [Craft Scheduler Thread - 10/WARN]: 	at java.util.concurrent.ThreadPoolExecutor$Worker.run(ThreadPoolExecutor.java:624)
[00:03:37] [Craft Scheduler Thread - 10/WARN]: 	at java.lang.Thread.run(Thread.java:748)
[00:03:37] [Craft Scheduler Thread - 8/WARN]: java.lang.NullPointerException
[00:03:37] [Craft Scheduler Thread - 8/WARN]: 	at us.zonix.practice.board.adapter.PracticeBoard.getLobbyBoard(PracticeBoard.java:133)
[00:03:37] [Craft Scheduler Thread - 8/WARN]: 	at us.zonix.practice.board.adapter.PracticeBoard.getScoreboard(PracticeBoard.java:74)
[00:03:37] [Craft Scheduler Thread - 8/WARN]: 	at us.zonix.practice.board.BoardManager.run(BoardManager.java:42)
[00:03:37] [Craft Scheduler Thread - 8/WARN]: 	at org.bukkit.craftbukkit.v1_8_R3.scheduler.CraftTask.run(CraftTask.java:64)
[00:03:37] [Craft Scheduler Thread - 8/WARN]: 	at org.bukkit.craftbukkit.v1_8_R3.scheduler.CraftAsyncTask.run(CraftAsyncTask.java:53)
[00:03:37] [Craft Scheduler Thread - 8/WARN]: 	at org.github.paperspigot.ServerSchedulerReportingWrapper.run(ServerSchedulerReportingWrapper.java:23)
[00:03:37] [Craft Scheduler Thread - 8/WARN]: 	at java.util.concurrent.ThreadPoolExecutor.runWorker(ThreadPoolExecutor.java:1149)
[00:03:37] [Craft Scheduler Thread - 8/WARN]: 	at java.util.concurrent.ThreadPoolExecutor$Worker.run(ThreadPoolExecutor.java:624)
[00:03:37] [Craft Scheduler Thread - 8/WARN]: 	at java.lang.Thread.run(Thread.java:748)
[00:03:37] [Craft Scheduler Thread - 8/WARN]: java.lang.NullPointerException
[00:03:37] [Craft Scheduler Thread - 8/WARN]: 	at us.zonix.practice.board.adapter.PracticeBoard.getLobbyBoard(PracticeBoard.java:133)
[00:03:37] [Craft Scheduler Thread - 8/WARN]: 	at us.zonix.practice.board.adapter.PracticeBoard.getScoreboard(PracticeBoard.java:74)
[00:03:37] [Craft Scheduler Thread - 8/WARN]: 	at us.zonix.practice.board.BoardManager.run(BoardManager.java:42)
[00:03:37] [Craft Scheduler Thread - 8/WARN]: 	at org.bukkit.craftbukkit.v1_8_R3.scheduler.CraftTask.run(CraftTask.java:64)
[00:03:37] [Craft Scheduler Thread - 8/WARN]: 	at org.bukkit.craftbukkit.v1_8_R3.scheduler.CraftAsyncTask.run(CraftAsyncTask.java:53)
[00:03:37] [Craft Scheduler Thread - 8/WARN]: 	at org.github.paperspigot.ServerSchedulerReportingWrapper.run(ServerSchedulerReportingWrapper.java:23)
[00:03:37] [Craft Scheduler Thread - 8/WARN]: 	at java.util.concurrent.ThreadPoolExecutor.runWorker(ThreadPoolExecutor.java:1149)
[00:03:37] [Craft Scheduler Thread - 8/WARN]: 	at java.util.concurrent.ThreadPoolExecutor$Worker.run(ThreadPoolExecutor.java:624)
[00:03:37] [Craft Scheduler Thread - 8/WARN]: 	at java.lang.Thread.run(Thread.java:748)
[00:03:37] [Craft Scheduler Thread - 9/WARN]: java.lang.NullPointerException
[00:03:37] [Craft Scheduler Thread - 9/WARN]: 	at us.zonix.practice.board.adapter.PracticeBoard.getLobbyBoard(PracticeBoard.java:133)
[00:03:37] [Craft Scheduler Thread - 9/WARN]: 	at us.zonix.practice.board.adapter.PracticeBoard.getScoreboard(PracticeBoard.java:74)
[00:03:37] [Craft Scheduler Thread - 9/WARN]: 	at us.zonix.practice.board.BoardManager.run(BoardManager.java:42)
[00:03:37] [Craft Scheduler Thread - 9/WARN]: 	at org.bukkit.craftbukkit.v1_8_R3.scheduler.CraftTask.run(CraftTask.java:64)
[00:03:37] [Craft Scheduler Thread - 9/WARN]: 	at org.bukkit.craftbukkit.v1_8_R3.scheduler.CraftAsyncTask.run(CraftAsyncTask.java:53)
[00:03:37] [Craft Scheduler Thread - 9/WARN]: 	at org.github.paperspigot.ServerSchedulerReportingWrapper.run(ServerSchedulerReportingWrapper.java:23)
[00:03:37] [Craft Scheduler Thread - 9/WARN]: 	at java.util.concurrent.ThreadPoolExecutor.runWorker(ThreadPoolExecutor.java:1149)
[00:03:37] [Craft Scheduler Thread - 9/WARN]: 	at java.util.concurrent.ThreadPoolExecutor$Worker.run(ThreadPoolExecutor.java:624)
[00:03:37] [Craft Scheduler Thread - 9/WARN]: 	at java.lang.Thread.run(Thread.java:748)
[00:03:37] [Craft Scheduler Thread - 9/WARN]: java.lang.NullPointerException
[00:03:37] [Craft Scheduler Thread - 9/WARN]: 	at us.zonix.practice.board.adapter.PracticeBoard.getLobbyBoard(PracticeBoard.java:133)
[00:03:37] [Craft Scheduler Thread - 9/WARN]: 	at us.zonix.practice.board.adapter.PracticeBoard.getScoreboard(PracticeBoard.java:74)
[00:03:37] [Craft Scheduler Thread - 9/WARN]: 	at us.zonix.practice.board.BoardManager.run(BoardManager.java:42)
[00:03:37] [Craft Scheduler Thread - 9/WARN]: 	at org.bukkit.craftbukkit.v1_8_R3.scheduler.CraftTask.run(CraftTask.java:64)
[00:03:37] [Craft Scheduler Thread - 9/WARN]: 	at org.bukkit.craftbukkit.v1_8_R3.scheduler.CraftAsyncTask.run(CraftAsyncTask.java:53)
[00:03:37] [Craft Scheduler Thread - 9/WARN]: 	at org.github.paperspigot.ServerSchedulerReportingWrapper.run(ServerSchedulerReportingWrapper.java:23)
[00:03:37] [Craft Scheduler Thread - 9/WARN]: 	at java.util.concurrent.ThreadPoolExecutor.runWorker(ThreadPoolExecutor.java:1149)
[00:03:37] [Craft Scheduler Thread - 9/WARN]: 	at java.util.concurrent.ThreadPoolExecutor$Worker.run(ThreadPoolExecutor.java:624)
[00:03:37] [Craft Scheduler Thread - 9/WARN]: 	at java.lang.Thread.run(Thread.java:748)
[00:03:37] [Craft Scheduler Thread - 8/WARN]: java.lang.NullPointerException
[00:03:37] [Craft Scheduler Thread - 8/WARN]: 	at us.zonix.practice.board.adapter.PracticeBoard.getLobbyBoard(PracticeBoard.java:133)
[00:03:37] [Craft Scheduler Thread - 8/WARN]: 	at us.zonix.practice.board.adapter.PracticeBoard.getScoreboard(PracticeBoard.java:74)
[00:03:37] [Craft Scheduler Thread - 8/WARN]: 	at us.zonix.practice.board.BoardManager.run(BoardManager.java:42)
[00:03:37] [Craft Scheduler Thread - 8/WARN]: 	at org.bukkit.craftbukkit.v1_8_R3.scheduler.CraftTask.run(CraftTask.java:64)
[00:03:37] [Craft Scheduler Thread - 8/WARN]: 	at org.bukkit.craftbukkit.v1_8_R3.scheduler.CraftAsyncTask.run(CraftAsyncTask.java:53)
[00:03:37] [Craft Scheduler Thread - 8/WARN]: 	at org.github.paperspigot.ServerSchedulerReportingWrapper.run(ServerSchedulerReportingWrapper.java:23)
[00:03:37] [Craft Scheduler Thread - 8/WARN]: 	at java.util.concurrent.ThreadPoolExecutor.runWorker(ThreadPoolExecutor.java:1149)
[00:03:37] [Craft Scheduler Thread - 8/WARN]: 	at java.util.concurrent.ThreadPoolExecutor$Worker.run(ThreadPoolExecutor.java:624)
[00:03:37] [Craft Scheduler Thread - 8/WARN]: 	at java.lang.Thread.run(Thread.java:748)
[00:03:37] [Craft Scheduler Thread - 8/WARN]: java.lang.NullPointerException
[00:03:37] [Craft Scheduler Thread - 8/WARN]: 	at us.zonix.practice.board.adapter.PracticeBoard.getLobbyBoard(PracticeBoard.java:133)
[00:03:37] [Craft Scheduler Thread - 8/WARN]: 	at us.zonix.practice.board.adapter.PracticeBoard.getScoreboard(PracticeBoard.java:74)
[00:03:37] [Craft Scheduler Thread - 8/WARN]: 	at us.zonix.practice.board.BoardManager.run(BoardManager.java:42)
[00:03:37] [Craft Scheduler Thread - 8/WARN]: 	at org.bukkit.craftbukkit.v1_8_R3.scheduler.CraftTask.run(CraftTask.java:64)
[00:03:37] [Craft Scheduler Thread - 8/WARN]: 	at org.bukkit.craftbukkit.v1_8_R3.scheduler.CraftAsyncTask.run(CraftAsyncTask.java:53)
[00:03:37] [Craft Scheduler Thread - 8/WARN]: 	at org.github.paperspigot.ServerSchedulerReportingWrapper.run(ServerSchedulerReportingWrapper.java:23)
[00:03:37] [Craft Scheduler Thread - 8/WARN]: 	at java.util.concurrent.ThreadPoolExecutor.runWorker(ThreadPoolExecutor.java:1149)
[00:03:37] [Craft Scheduler Thread - 8/WARN]: 	at java.util.concurrent.ThreadPoolExecutor$Worker.run(ThreadPoolExecutor.java:624)
[00:03:37] [Craft Scheduler Thread - 8/WARN]: 	at java.lang.Thread.run(Thread.java:748)
[00:03:37] [Craft Scheduler Thread - 3/WARN]: java.lang.NullPointerException
[00:03:37] [Craft Scheduler Thread - 3/WARN]: 	at us.zonix.practice.board.adapter.PracticeBoard.getLobbyBoard(PracticeBoard.java:133)
[00:03:37] [Craft Scheduler Thread - 3/WARN]: 	at us.zonix.practice.board.adapter.PracticeBoard.getScoreboard(PracticeBoard.java:74)
[00:03:37] [Craft Scheduler Thread - 3/WARN]: 	at us.zonix.practice.board.BoardManager.run(BoardManager.java:42)
[00:03:37] [Craft Scheduler Thread - 3/WARN]: 	at org.bukkit.craftbukkit.v1_8_R3.scheduler.CraftTask.run(CraftTask.java:64)
[00:03:37] [Craft Scheduler Thread - 3/WARN]: 	at org.bukkit.craftbukkit.v1_8_R3.scheduler.CraftAsyncTask.run(CraftAsyncTask.java:53)
[00:03:37] [Craft Scheduler Thread - 3/WARN]: 	at org.github.paperspigot.ServerSchedulerReportingWrapper.run(ServerSchedulerReportingWrapper.java:23)
[00:03:37] [Craft Scheduler Thread - 3/WARN]: 	at java.util.concurrent.ThreadPoolExecutor.runWorker(ThreadPoolExecutor.java:1149)
[00:03:37] [Craft Scheduler Thread - 3/WARN]: 	at java.util.concurrent.ThreadPoolExecutor$Worker.run(ThreadPoolExecutor.java:624)
[00:03:37] [Craft Scheduler Thread - 3/WARN]: 	at java.lang.Thread.run(Thread.java:748)
[00:03:37] [Craft Scheduler Thread - 3/WARN]: java.lang.NullPointerException
[00:03:37] [Craft Scheduler Thread - 3/WARN]: 	at us.zonix.practice.board.adapter.PracticeBoard.getLobbyBoard(PracticeBoard.java:133)
[00:03:37] [Craft Scheduler Thread - 3/WARN]: 	at us.zonix.practice.board.adapter.PracticeBoard.getScoreboard(PracticeBoard.java:74)
[00:03:37] [Craft Scheduler Thread - 3/WARN]: 	at us.zonix.practice.board.BoardManager.run(BoardManager.java:42)
[00:03:37] [Craft Scheduler Thread - 3/WARN]: 	at org.bukkit.craftbukkit.v1_8_R3.scheduler.CraftTask.run(CraftTask.java:64)
[00:03:37] [Craft Scheduler Thread - 3/WARN]: 	at org.bukkit.craftbukkit.v1_8_R3.scheduler.CraftAsyncTask.run(CraftAsyncTask.java:53)
[00:03:37] [Craft Scheduler Thread - 3/WARN]: 	at org.github.paperspigot.ServerSchedulerReportingWrapper.run(ServerSchedulerReportingWrapper.java:23)
[00:03:37] [Craft Scheduler Thread - 3/WARN]: 	at java.util.concurrent.ThreadPoolExecutor.runWorker(ThreadPoolExecutor.java:1149)
[00:03:37] [Craft Scheduler Thread - 3/WARN]: 	at java.util.concurrent.ThreadPoolExecutor$Worker.run(ThreadPoolExecutor.java:624)
[00:03:37] [Craft Scheduler Thread - 3/WARN]: 	at java.lang.Thread.run(Thread.java:748)
[00:03:37] [Craft Scheduler Thread - 9/WARN]: java.lang.NullPointerException
[00:03:37] [Craft Scheduler Thread - 9/WARN]: 	at us.zonix.practice.board.adapter.PracticeBoard.getLobbyBoard(PracticeBoard.java:133)
[00:03:37] [Craft Scheduler Thread - 9/WARN]: 	at us.zonix.practice.board.adapter.PracticeBoard.getScoreboard(PracticeBoard.java:74)
[00:03:37] [Craft Scheduler Thread - 9/WARN]: 	at us.zonix.practice.board.BoardManager.run(BoardManager.java:42)
[00:03:37] [Craft Scheduler Thread - 9/WARN]: 	at org.bukkit.craftbukkit.v1_8_R3.scheduler.CraftTask.run(CraftTask.java:64)
[00:03:37] [Craft Scheduler Thread - 9/WARN]: 	at org.bukkit.craftbukkit.v1_8_R3.scheduler.CraftAsyncTask.run(CraftAsyncTask.java:53)
[00:03:37] [Craft Scheduler Thread - 9/WARN]: 	at org.github.paperspigot.ServerSchedulerReportingWrapper.run(ServerSchedulerReportingWrapper.java:23)
[00:03:37] [Craft Scheduler Thread - 9/WARN]: 	at java.util.concurrent.ThreadPoolExecutor.runWorker(ThreadPoolExecutor.java:1149)
[00:03:37] [Craft Scheduler Thread - 9/WARN]: 	at java.util.concurrent.ThreadPoolExecutor$Worker.run(ThreadPoolExecutor.java:624)
[00:03:37] [Craft Scheduler Thread - 9/WARN]: 	at java.lang.Thread.run(Thread.java:748)
[00:03:37] [Craft Scheduler Thread - 9/WARN]: java.lang.NullPointerException
[00:03:37] [Craft Scheduler Thread - 9/WARN]: 	at us.zonix.practice.board.adapter.PracticeBoard.getLobbyBoard(PracticeBoard.java:133)
[00:03:37] [Craft Scheduler Thread - 9/WARN]: 	at us.zonix.practice.board.adapter.PracticeBoard.getScoreboard(PracticeBoard.java:74)
[00:03:37] [Craft Scheduler Thread - 9/WARN]: 	at us.zonix.practice.board.BoardManager.run(BoardManager.java:42)
[00:03:37] [Craft Scheduler Thread - 9/WARN]: 	at org.bukkit.craftbukkit.v1_8_R3.scheduler.CraftTask.run(CraftTask.java:64)
[00:03:37] [Craft Scheduler Thread - 9/WARN]: 	at org.bukkit.craftbukkit.v1_8_R3.scheduler.CraftAsyncTask.run(CraftAsyncTask.java:53)
[00:03:37] [Craft Scheduler Thread - 9/WARN]: 	at org.github.paperspigot.ServerSchedulerReportingWrapper.run(ServerSchedulerReportingWrapper.java:23)
[00:03:37] [Craft Scheduler Thread - 9/WARN]: 	at java.util.concurrent.ThreadPoolExecutor.runWorker(ThreadPoolExecutor.java:1149)
[00:03:37] [Craft Scheduler Thread - 9/WARN]: 	at java.util.concurrent.ThreadPoolExecutor$Worker.run(ThreadPoolExecutor.java:624)
[00:03:37] [Craft Scheduler Thread - 9/WARN]: 	at java.lang.Thread.run(Thread.java:748)
[00:03:37] [Craft Scheduler Thread - 3/WARN]: java.lang.NullPointerException
[00:03:37] [Craft Scheduler Thread - 3/WARN]: 	at us.zonix.practice.board.adapter.PracticeBoard.getLobbyBoard(PracticeBoard.java:133)
[00:03:37] [Craft Scheduler Thread - 3/WARN]: 	at us.zonix.practice.board.adapter.PracticeBoard.getScoreboard(PracticeBoard.java:74)
[00:03:37] [Craft Scheduler Thread - 3/WARN]: 	at us.zonix.practice.board.BoardManager.run(BoardManager.java:42)
[00:03:37] [Craft Scheduler Thread - 3/WARN]: 	at org.bukkit.craftbukkit.v1_8_R3.scheduler.CraftTask.run(CraftTask.java:64)
[00:03:37] [Craft Scheduler Thread - 3/WARN]: 	at org.bukkit.craftbukkit.v1_8_R3.scheduler.CraftAsyncTask.run(CraftAsyncTask.java:53)
[00:03:37] [Craft Scheduler Thread - 3/WARN]: 	at org.github.paperspigot.ServerSchedulerReportingWrapper.run(ServerSchedulerReportingWrapper.java:23)
[00:03:37] [Craft Scheduler Thread - 3/WARN]: 	at java.util.concurrent.ThreadPoolExecutor.runWorker(ThreadPoolExecutor.java:1149)
[00:03:37] [Craft Scheduler Thread - 3/WARN]: 	at java.util.concurrent.ThreadPoolExecutor$Worker.run(ThreadPoolExecutor.java:624)
[00:03:37] [Craft Scheduler Thread - 3/WARN]: 	at java.lang.Thread.run(Thread.java:748)
[00:03:37] [Craft Scheduler Thread - 3/WARN]: java.lang.NullPointerException
[00:03:37] [Craft Scheduler Thread - 3/WARN]: 	at us.zonix.practice.board.adapter.PracticeBoard.getLobbyBoard(PracticeBoard.java:133)
[00:03:37] [Craft Scheduler Thread - 3/WARN]: 	at us.zonix.practice.board.adapter.PracticeBoard.getScoreboard(PracticeBoard.java:74)
[00:03:37] [Craft Scheduler Thread - 3/WARN]: 	at us.zonix.practice.board.BoardManager.run(BoardManager.java:42)
[00:03:37] [Craft Scheduler Thread - 3/WARN]: 	at org.bukkit.craftbukkit.v1_8_R3.scheduler.CraftTask.run(CraftTask.java:64)
[00:03:37] [Craft Scheduler Thread - 3/WARN]: 	at org.bukkit.craftbukkit.v1_8_R3.scheduler.CraftAsyncTask.run(CraftAsyncTask.java:53)
[00:03:37] [Craft Scheduler Thread - 3/WARN]: 	at org.github.paperspigot.ServerSchedulerReportingWrapper.run(ServerSchedulerReportingWrapper.java:23)
[00:03:37] [Craft Scheduler Thread - 3/WARN]: 	at java.util.concurrent.ThreadPoolExecutor.runWorker(ThreadPoolExecutor.java:1149)
[00:03:37] [Craft Scheduler Thread - 3/WARN]: 	at java.util.concurrent.ThreadPoolExecutor$Worker.run(ThreadPoolExecutor.java:624)
[00:03:37] [Craft Scheduler Thread - 3/WARN]: 	at java.lang.Thread.run(Thread.java:748)
[00:03:37] [Craft Scheduler Thread - 8/WARN]: java.lang.NullPointerException
[00:03:37] [Craft Scheduler Thread - 8/WARN]: 	at us.zonix.practice.board.adapter.PracticeBoard.getLobbyBoard(PracticeBoard.java:133)
[00:03:37] [Craft Scheduler Thread - 8/WARN]: 	at us.zonix.practice.board.adapter.PracticeBoard.getScoreboard(PracticeBoard.java:74)
[00:03:37] [Craft Scheduler Thread - 8/WARN]: 	at us.zonix.practice.board.BoardManager.run(BoardManager.java:42)
[00:03:37] [Craft Scheduler Thread - 8/WARN]: 	at org.bukkit.craftbukkit.v1_8_R3.scheduler.CraftTask.run(CraftTask.java:64)
[00:03:37] [Craft Scheduler Thread - 8/WARN]: 	at org.bukkit.craftbukkit.v1_8_R3.scheduler.CraftAsyncTask.run(CraftAsyncTask.java:53)
[00:03:37] [Craft Scheduler Thread - 8/WARN]: 	at org.github.paperspigot.ServerSchedulerReportingWrapper.run(ServerSchedulerReportingWrapper.java:23)
[00:03:37] [Craft Scheduler Thread - 8/WARN]: 	at java.util.concurrent.ThreadPoolExecutor.runWorker(ThreadPoolExecutor.java:1149)
[00:03:37] [Craft Scheduler Thread - 8/WARN]: 	at java.util.concurrent.ThreadPoolExecutor$Worker.run(ThreadPoolExecutor.java:624)
[00:03:37] [Craft Scheduler Thread - 8/WARN]: 	at java.lang.Thread.run(Thread.java:748)
[00:03:37] [Craft Scheduler Thread - 8/WARN]: java.lang.NullPointerException
[00:03:37] [Craft Scheduler Thread - 8/WARN]: 	at us.zonix.practice.board.adapter.PracticeBoard.getLobbyBoard(PracticeBoard.java:133)
[00:03:37] [Craft Scheduler Thread - 8/WARN]: 	at us.zonix.practice.board.adapter.PracticeBoard.getScoreboard(PracticeBoard.java:74)
[00:03:37] [Craft Scheduler Thread - 8/WARN]: 	at us.zonix.practice.board.BoardManager.run(BoardManager.java:42)
[00:03:37] [Craft Scheduler Thread - 8/WARN]: 	at org.bukkit.craftbukkit.v1_8_R3.scheduler.CraftTask.run(CraftTask.java:64)
[00:03:37] [Craft Scheduler Thread - 8/WARN]: 	at org.bukkit.craftbukkit.v1_8_R3.scheduler.CraftAsyncTask.run(CraftAsyncTask.java:53)
[00:03:37] [Craft Scheduler Thread - 8/WARN]: 	at org.github.paperspigot.ServerSchedulerReportingWrapper.run(ServerSchedulerReportingWrapper.java:23)
[00:03:37] [Craft Scheduler Thread - 8/WARN]: 	at java.util.concurrent.ThreadPoolExecutor.runWorker(ThreadPoolExecutor.java:1149)
[00:03:37] [Craft Scheduler Thread - 8/WARN]: 	at java.util.concurrent.ThreadPoolExecutor$Worker.run(ThreadPoolExecutor.java:624)
[00:03:37] [Craft Scheduler Thread - 8/WARN]: 	at java.lang.Thread.run(Thread.java:748)
[00:03:37] [Craft Scheduler Thread - 9/WARN]: java.lang.NullPointerException
[00:03:37] [Craft Scheduler Thread - 9/WARN]: 	at us.zonix.practice.board.adapter.PracticeBoard.getLobbyBoard(PracticeBoard.java:133)
[00:03:37] [Craft Scheduler Thread - 9/WARN]: 	at us.zonix.practice.board.adapter.PracticeBoard.getScoreboard(PracticeBoard.java:74)
[00:03:37] [Craft Scheduler Thread - 9/WARN]: 	at us.zonix.practice.board.BoardManager.run(BoardManager.java:42)
[00:03:37] [Craft Scheduler Thread - 9/WARN]: 	at org.bukkit.craftbukkit.v1_8_R3.scheduler.CraftTask.run(CraftTask.java:64)
[00:03:37] [Craft Scheduler Thread - 9/WARN]: 	at org.bukkit.craftbukkit.v1_8_R3.scheduler.CraftAsyncTask.run(CraftAsyncTask.java:53)
[00:03:37] [Craft Scheduler Thread - 9/WARN]: 	at org.github.paperspigot.ServerSchedulerReportingWrapper.run(ServerSchedulerReportingWrapper.java:23)
[00:03:37] [Craft Scheduler Thread - 9/WARN]: 	at java.util.concurrent.ThreadPoolExecutor.runWorker(ThreadPoolExecutor.java:1149)
[00:03:37] [Craft Scheduler Thread - 9/WARN]: 	at java.util.concurrent.ThreadPoolExecutor$Worker.run(ThreadPoolExecutor.java:624)
[00:03:37] [Craft Scheduler Thread - 9/WARN]: 	at java.lang.Thread.run(Thread.java:748)
[00:03:37] [Craft Scheduler Thread - 9/WARN]: java.lang.NullPointerException
[00:03:37] [Craft Scheduler Thread - 9/WARN]: 	at us.zonix.practice.board.adapter.PracticeBoard.getLobbyBoard(PracticeBoard.java:133)
[00:03:37] [Craft Scheduler Thread - 9/WARN]: 	at us.zonix.practice.board.adapter.PracticeBoard.getScoreboard(PracticeBoard.java:74)
[00:03:37] [Craft Scheduler Thread - 9/WARN]: 	at us.zonix.practice.board.BoardManager.run(BoardManager.java:42)
[00:03:37] [Craft Scheduler Thread - 9/WARN]: 	at org.bukkit.craftbukkit.v1_8_R3.scheduler.CraftTask.run(CraftTask.java:64)
[00:03:37] [Craft Scheduler Thread - 9/WARN]: 	at org.bukkit.craftbukkit.v1_8_R3.scheduler.CraftAsyncTask.run(CraftAsyncTask.java:53)
[00:03:37] [Craft Scheduler Thread - 9/WARN]: 	at org.github.paperspigot.ServerSchedulerReportingWrapper.run(ServerSchedulerReportingWrapper.java:23)
[00:03:37] [Craft Scheduler Thread - 9/WARN]: 	at java.util.concurrent.ThreadPoolExecutor.runWorker(ThreadPoolExecutor.java:1149)
[00:03:37] [Craft Scheduler Thread - 9/WARN]: 	at java.util.concurrent.ThreadPoolExecutor$Worker.run(ThreadPoolExecutor.java:624)
[00:03:37] [Craft Scheduler Thread - 9/WARN]: 	at java.lang.Thread.run(Thread.java:748)
[00:03:37] [Craft Scheduler Thread - 3/WARN]: java.lang.NullPointerException
[00:03:37] [Craft Scheduler Thread - 3/WARN]: 	at us.zonix.practice.board.adapter.PracticeBoard.getLobbyBoard(PracticeBoard.java:133)
[00:03:37] [Craft Scheduler Thread - 3/WARN]: 	at us.zonix.practice.board.adapter.PracticeBoard.getScoreboard(PracticeBoard.java:74)
[00:03:37] [Craft Scheduler Thread - 3/WARN]: 	at us.zonix.practice.board.BoardManager.run(BoardManager.java:42)
[00:03:37] [Craft Scheduler Thread - 3/WARN]: 	at org.bukkit.craftbukkit.v1_8_R3.scheduler.CraftTask.run(CraftTask.java:64)
[00:03:37] [Craft Scheduler Thread - 3/WARN]: 	at org.bukkit.craftbukkit.v1_8_R3.scheduler.CraftAsyncTask.run(CraftAsyncTask.java:53)
[00:03:37] [Craft Scheduler Thread - 3/WARN]: 	at org.github.paperspigot.ServerSchedulerReportingWrapper.run(ServerSchedulerReportingWrapper.java:23)
[00:03:37] [Craft Scheduler Thread - 3/WARN]: 	at java.util.concurrent.ThreadPoolExecutor.runWorker(ThreadPoolExecutor.java:1149)
[00:03:37] [Craft Scheduler Thread - 3/WARN]: 	at java.util.concurrent.ThreadPoolExecutor$Worker.run(ThreadPoolExecutor.java:624)
[00:03:37] [Craft Scheduler Thread - 3/WARN]: 	at java.lang.Thread.run(Thread.java:748)
[00:03:37] [Craft Scheduler Thread - 3/WARN]: java.lang.NullPointerException
[00:03:37] [Craft Scheduler Thread - 3/WARN]: 	at us.zonix.practice.board.adapter.PracticeBoard.getLobbyBoard(PracticeBoard.java:133)
[00:03:37] [Craft Scheduler Thread - 3/WARN]: 	at us.zonix.practice.board.adapter.PracticeBoard.getScoreboard(PracticeBoard.java:74)
[00:03:37] [Craft Scheduler Thread - 3/WARN]: 	at us.zonix.practice.board.BoardManager.run(BoardManager.java:42)
[00:03:37] [Craft Scheduler Thread - 3/WARN]: 	at org.bukkit.craftbukkit.v1_8_R3.scheduler.CraftTask.run(CraftTask.java:64)
[00:03:37] [Craft Scheduler Thread - 3/WARN]: 	at org.bukkit.craftbukkit.v1_8_R3.scheduler.CraftAsyncTask.run(CraftAsyncTask.java:53)
[00:03:37] [Craft Scheduler Thread - 3/WARN]: 	at org.github.paperspigot.ServerSchedulerReportingWrapper.run(ServerSchedulerReportingWrapper.java:23)
[00:03:37] [Craft Scheduler Thread - 3/WARN]: 	at java.util.concurrent.ThreadPoolExecutor.runWorker(ThreadPoolExecutor.java:1149)
[00:03:37] [Craft Scheduler Thread - 3/WARN]: 	at java.util.concurrent.ThreadPoolExecutor$Worker.run(ThreadPoolExecutor.java:624)
[00:03:37] [Craft Scheduler Thread - 3/WARN]: 	at java.lang.Thread.run(Thread.java:748)
[00:03:37] [Craft Scheduler Thread - 8/WARN]: java.lang.NullPointerException
[00:03:37] [Craft Scheduler Thread - 8/WARN]: 	at us.zonix.practice.board.adapter.PracticeBoard.getLobbyBoard(PracticeBoard.java:133)
[00:03:37] [Craft Scheduler Thread - 8/WARN]: 	at us.zonix.practice.board.adapter.PracticeBoard.getScoreboard(PracticeBoard.java:74)
[00:03:37] [Craft Scheduler Thread - 8/WARN]: 	at us.zonix.practice.board.BoardManager.run(BoardManager.java:42)
[00:03:37] [Craft Scheduler Thread - 8/WARN]: 	at org.bukkit.craftbukkit.v1_8_R3.scheduler.CraftTask.run(CraftTask.java:64)
[00:03:37] [Craft Scheduler Thread - 8/WARN]: 	at org.bukkit.craftbukkit.v1_8_R3.scheduler.CraftAsyncTask.run(CraftAsyncTask.java:53)
[00:03:37] [Craft Scheduler Thread - 8/WARN]: 	at org.github.paperspigot.ServerSchedulerReportingWrapper.run(ServerSchedulerReportingWrapper.java:23)
[00:03:37] [Craft Scheduler Thread - 8/WARN]: 	at java.util.concurrent.ThreadPoolExecutor.runWorker(ThreadPoolExecutor.java:1149)
[00:03:37] [Craft Scheduler Thread - 8/WARN]: 	at java.util.concurrent.ThreadPoolExecutor$Worker.run(ThreadPoolExecutor.java:624)
[00:03:37] [Craft Scheduler Thread - 8/WARN]: 	at java.lang.Thread.run(Thread.java:748)
[00:03:37] [Craft Scheduler Thread - 8/WARN]: java.lang.NullPointerException
[00:03:37] [Craft Scheduler Thread - 8/WARN]: 	at us.zonix.practice.board.adapter.PracticeBoard.getLobbyBoard(PracticeBoard.java:133)
[00:03:37] [Craft Scheduler Thread - 8/WARN]: 	at us.zonix.practice.board.adapter.PracticeBoard.getScoreboard(PracticeBoard.java:74)
[00:03:37] [Craft Scheduler Thread - 8/WARN]: 	at us.zonix.practice.board.BoardManager.run(BoardManager.java:42)
[00:03:37] [Craft Scheduler Thread - 8/WARN]: 	at org.bukkit.craftbukkit.v1_8_R3.scheduler.CraftTask.run(CraftTask.java:64)
[00:03:37] [Craft Scheduler Thread - 8/WARN]: 	at org.bukkit.craftbukkit.v1_8_R3.scheduler.CraftAsyncTask.run(CraftAsyncTask.java:53)
[00:03:37] [Craft Scheduler Thread - 8/WARN]: 	at org.github.paperspigot.ServerSchedulerReportingWrapper.run(ServerSchedulerReportingWrapper.java:23)
[00:03:37] [Craft Scheduler Thread - 8/WARN]: 	at java.util.concurrent.ThreadPoolExecutor.runWorker(ThreadPoolExecutor.java:1149)
[00:03:37] [Craft Scheduler Thread - 8/WARN]: 	at java.util.concurrent.ThreadPoolExecutor$Worker.run(ThreadPoolExecutor.java:624)
[00:03:37] [Craft Scheduler Thread - 8/WARN]: 	at java.lang.Thread.run(Thread.java:748)
[00:03:37] [Craft Scheduler Thread - 9/WARN]: java.lang.NullPointerException
[00:03:37] [Craft Scheduler Thread - 9/WARN]: 	at us.zonix.practice.board.adapter.PracticeBoard.getLobbyBoard(PracticeBoard.java:133)
[00:03:37] [Craft Scheduler Thread - 9/WARN]: 	at us.zonix.practice.board.adapter.PracticeBoard.getScoreboard(PracticeBoard.java:74)
[00:03:37] [Craft Scheduler Thread - 9/WARN]: 	at us.zonix.practice.board.BoardManager.run(BoardManager.java:42)
[00:03:37] [Craft Scheduler Thread - 9/WARN]: 	at org.bukkit.craftbukkit.v1_8_R3.scheduler.CraftTask.run(CraftTask.java:64)
[00:03:37] [Craft Scheduler Thread - 9/WARN]: 	at org.bukkit.craftbukkit.v1_8_R3.scheduler.CraftAsyncTask.run(CraftAsyncTask.java:53)
[00:03:37] [Craft Scheduler Thread - 9/WARN]: 	at org.github.paperspigot.ServerSchedulerReportingWrapper.run(ServerSchedulerReportingWrapper.java:23)
[00:03:37] [Craft Scheduler Thread - 9/WARN]: 	at java.util.concurrent.ThreadPoolExecutor.runWorker(ThreadPoolExecutor.java:1149)
[00:03:37] [Craft Scheduler Thread - 9/WARN]: 	at java.util.concurrent.ThreadPoolExecutor$Worker.run(ThreadPoolExecutor.java:624)
[00:03:37] [Craft Scheduler Thread - 9/WARN]: 	at java.lang.Thread.run(Thread.java:748)
[00:03:37] [Craft Scheduler Thread - 9/WARN]: java.lang.NullPointerException
[00:03:37] [Craft Scheduler Thread - 9/WARN]: 	at us.zonix.practice.board.adapter.PracticeBoard.getLobbyBoard(PracticeBoard.java:133)
[00:03:37] [Craft Scheduler Thread - 9/WARN]: 	at us.zonix.practice.board.adapter.PracticeBoard.getScoreboard(PracticeBoard.java:74)
[00:03:37] [Craft Scheduler Thread - 9/WARN]: 	at us.zonix.practice.board.BoardManager.run(BoardManager.java:42)
[00:03:37] [Craft Scheduler Thread - 9/WARN]: 	at org.bukkit.craftbukkit.v1_8_R3.scheduler.CraftTask.run(CraftTask.java:64)
[00:03:37] [Craft Scheduler Thread - 9/WARN]: 	at org.bukkit.craftbukkit.v1_8_R3.scheduler.CraftAsyncTask.run(CraftAsyncTask.java:53)
[00:03:37] [Craft Scheduler Thread - 9/WARN]: 	at org.github.paperspigot.ServerSchedulerReportingWrapper.run(ServerSchedulerReportingWrapper.java:23)
[00:03:37] [Craft Scheduler Thread - 9/WARN]: 	at java.util.concurrent.ThreadPoolExecutor.runWorker(ThreadPoolExecutor.java:1149)
[00:03:37] [Craft Scheduler Thread - 9/WARN]: 	at java.util.concurrent.ThreadPoolExecutor$Worker.run(ThreadPoolExecutor.java:624)
[00:03:37] [Craft Scheduler Thread - 9/WARN]: 	at java.lang.Thread.run(Thread.java:748)
[00:03:37] [Craft Scheduler Thread - 4/WARN]: java.lang.NullPointerException
[00:03:37] [Craft Scheduler Thread - 4/WARN]: 	at us.zonix.practice.board.adapter.PracticeBoard.getLobbyBoard(PracticeBoard.java:133)
[00:03:37] [Craft Scheduler Thread - 4/WARN]: 	at us.zonix.practice.board.adapter.PracticeBoard.getScoreboard(PracticeBoard.java:74)
[00:03:37] [Craft Scheduler Thread - 4/WARN]: 	at us.zonix.practice.board.BoardManager.run(BoardManager.java:42)
[00:03:37] [Craft Scheduler Thread - 4/WARN]: 	at org.bukkit.craftbukkit.v1_8_R3.scheduler.CraftTask.run(CraftTask.java:64)
[00:03:37] [Craft Scheduler Thread - 4/WARN]: 	at org.bukkit.craftbukkit.v1_8_R3.scheduler.CraftAsyncTask.run(CraftAsyncTask.java:53)
[00:03:37] [Craft Scheduler Thread - 4/WARN]: 	at org.github.paperspigot.ServerSchedulerReportingWrapper.run(ServerSchedulerReportingWrapper.java:23)
[00:03:37] [Craft Scheduler Thread - 4/WARN]: 	at java.util.concurrent.ThreadPoolExecutor.runWorker(ThreadPoolExecutor.java:1149)
[00:03:37] [Craft Scheduler Thread - 4/WARN]: 	at java.util.concurrent.ThreadPoolExecutor$Worker.run(ThreadPoolExecutor.java:624)
[00:03:37] [Craft Scheduler Thread - 4/WARN]: 	at java.lang.Thread.run(Thread.java:748)
[00:03:37] [Craft Scheduler Thread - 4/WARN]: java.lang.NullPointerException
[00:03:37] [Craft Scheduler Thread - 4/WARN]: 	at us.zonix.practice.board.adapter.PracticeBoard.getLobbyBoard(PracticeBoard.java:133)
[00:03:37] [Craft Scheduler Thread - 4/WARN]: 	at us.zonix.practice.board.adapter.PracticeBoard.getScoreboard(PracticeBoard.java:74)
[00:03:37] [Craft Scheduler Thread - 4/WARN]: 	at us.zonix.practice.board.BoardManager.run(BoardManager.java:42)
[00:03:37] [Craft Scheduler Thread - 4/WARN]: 	at org.bukkit.craftbukkit.v1_8_R3.scheduler.CraftTask.run(CraftTask.java:64)
[00:03:37] [Craft Scheduler Thread - 4/WARN]: 	at org.bukkit.craftbukkit.v1_8_R3.scheduler.CraftAsyncTask.run(CraftAsyncTask.java:53)
[00:03:37] [Craft Scheduler Thread - 4/WARN]: 	at org.github.paperspigot.ServerSchedulerReportingWrapper.run(ServerSchedulerReportingWrapper.java:23)
[00:03:37] [Craft Scheduler Thread - 4/WARN]: 	at java.util.concurrent.ThreadPoolExecutor.runWorker(ThreadPoolExecutor.java:1149)
[00:03:37] [Craft Scheduler Thread - 4/WARN]: 	at java.util.concurrent.ThreadPoolExecutor$Worker.run(ThreadPoolExecutor.java:624)
[00:03:37] [Craft Scheduler Thread - 4/WARN]: 	at java.lang.Thread.run(Thread.java:748)
[00:03:37] [Craft Scheduler Thread - 3/WARN]: java.lang.NullPointerException
[00:03:37] [Craft Scheduler Thread - 3/WARN]: 	at us.zonix.practice.board.adapter.PracticeBoard.getLobbyBoard(PracticeBoard.java:133)
[00:03:37] [Craft Scheduler Thread - 3/WARN]: 	at us.zonix.practice.board.adapter.PracticeBoard.getScoreboard(PracticeBoard.java:74)
[00:03:37] [Craft Scheduler Thread - 3/WARN]: 	at us.zonix.practice.board.BoardManager.run(BoardManager.java:42)
[00:03:37] [Craft Scheduler Thread - 3/WARN]: 	at org.bukkit.craftbukkit.v1_8_R3.scheduler.CraftTask.run(CraftTask.java:64)
[00:03:37] [Craft Scheduler Thread - 3/WARN]: 	at org.bukkit.craftbukkit.v1_8_R3.scheduler.CraftAsyncTask.run(CraftAsyncTask.java:53)
[00:03:37] [Craft Scheduler Thread - 3/WARN]: 	at org.github.paperspigot.ServerSchedulerReportingWrapper.run(ServerSchedulerReportingWrapper.java:23)
[00:03:37] [Craft Scheduler Thread - 3/WARN]: 	at java.util.concurrent.ThreadPoolExecutor.runWorker(ThreadPoolExecutor.java:1149)
[00:03:37] [Craft Scheduler Thread - 3/WARN]: 	at java.util.concurrent.ThreadPoolExecutor$Worker.run(ThreadPoolExecutor.java:624)
[00:03:37] [Craft Scheduler Thread - 3/WARN]: 	at java.lang.Thread.run(Thread.java:748)
[00:03:37] [Craft Scheduler Thread - 3/WARN]: java.lang.NullPointerException
[00:03:37] [Craft Scheduler Thread - 3/WARN]: 	at us.zonix.practice.board.adapter.PracticeBoard.getLobbyBoard(PracticeBoard.java:133)
[00:03:37] [Craft Scheduler Thread - 3/WARN]: 	at us.zonix.practice.board.adapter.PracticeBoard.getScoreboard(PracticeBoard.java:74)
[00:03:37] [Craft Scheduler Thread - 3/WARN]: 	at us.zonix.practice.board.BoardManager.run(BoardManager.java:42)
[00:03:37] [Craft Scheduler Thread - 3/WARN]: 	at org.bukkit.craftbukkit.v1_8_R3.scheduler.CraftTask.run(CraftTask.java:64)
[00:03:37] [Craft Scheduler Thread - 3/WARN]: 	at org.bukkit.craftbukkit.v1_8_R3.scheduler.CraftAsyncTask.run(CraftAsyncTask.java:53)
[00:03:37] [Craft Scheduler Thread - 3/WARN]: 	at org.github.paperspigot.ServerSchedulerReportingWrapper.run(ServerSchedulerReportingWrapper.java:23)
[00:03:37] [Craft Scheduler Thread - 3/WARN]: 	at java.util.concurrent.ThreadPoolExecutor.runWorker(ThreadPoolExecutor.java:1149)
[00:03:37] [Craft Scheduler Thread - 3/WARN]: 	at java.util.concurrent.ThreadPoolExecutor$Worker.run(ThreadPoolExecutor.java:624)
[00:03:37] [Craft Scheduler Thread - 3/WARN]: 	at java.lang.Thread.run(Thread.java:748)
[00:03:38] [Craft Scheduler Thread - 8/WARN]: java.lang.NullPointerException
[00:03:38] [Craft Scheduler Thread - 8/WARN]: 	at us.zonix.practice.board.adapter.PracticeBoard.getLobbyBoard(PracticeBoard.java:133)
[00:03:38] [Craft Scheduler Thread - 8/WARN]: 	at us.zonix.practice.board.adapter.PracticeBoard.getScoreboard(PracticeBoard.java:74)
[00:03:38] [Craft Scheduler Thread - 8/WARN]: 	at us.zonix.practice.board.BoardManager.run(BoardManager.java:42)
[00:03:38] [Craft Scheduler Thread - 8/WARN]: 	at org.bukkit.craftbukkit.v1_8_R3.scheduler.CraftTask.run(CraftTask.java:64)
[00:03:38] [Craft Scheduler Thread - 8/WARN]: 	at org.bukkit.craftbukkit.v1_8_R3.scheduler.CraftAsyncTask.run(CraftAsyncTask.java:53)
[00:03:38] [Craft Scheduler Thread - 8/WARN]: 	at org.github.paperspigot.ServerSchedulerReportingWrapper.run(ServerSchedulerReportingWrapper.java:23)
[00:03:38] [Craft Scheduler Thread - 8/WARN]: 	at java.util.concurrent.ThreadPoolExecutor.runWorker(ThreadPoolExecutor.java:1149)
[00:03:38] [Craft Scheduler Thread - 8/WARN]: 	at java.util.concurrent.ThreadPoolExecutor$Worker.run(ThreadPoolExecutor.java:624)
[00:03:38] [Craft Scheduler Thread - 8/WARN]: 	at java.lang.Thread.run(Thread.java:748)
[00:03:38] [Craft Scheduler Thread - 8/WARN]: java.lang.NullPointerException
[00:03:38] [Craft Scheduler Thread - 8/WARN]: 	at us.zonix.practice.board.adapter.PracticeBoard.getLobbyBoard(PracticeBoard.java:133)
[00:03:38] [Craft Scheduler Thread - 8/WARN]: 	at us.zonix.practice.board.adapter.PracticeBoard.getScoreboard(PracticeBoard.java:74)
[00:03:38] [Craft Scheduler Thread - 8/WARN]: 	at us.zonix.practice.board.BoardManager.run(BoardManager.java:42)
[00:03:38] [Craft Scheduler Thread - 8/WARN]: 	at org.bukkit.craftbukkit.v1_8_R3.scheduler.CraftTask.run(CraftTask.java:64)
[00:03:38] [Craft Scheduler Thread - 8/WARN]: 	at org.bukkit.craftbukkit.v1_8_R3.scheduler.CraftAsyncTask.run(CraftAsyncTask.java:53)
[00:03:38] [Craft Scheduler Thread - 8/WARN]: 	at org.github.paperspigot.ServerSchedulerReportingWrapper.run(ServerSchedulerReportingWrapper.java:23)
[00:03:38] [Craft Scheduler Thread - 8/WARN]: 	at java.util.concurrent.ThreadPoolExecutor.runWorker(ThreadPoolExecutor.java:1149)
[00:03:38] [Craft Scheduler Thread - 8/WARN]: 	at java.util.concurrent.ThreadPoolExecutor$Worker.run(ThreadPoolExecutor.java:624)
[00:03:38] [Craft Scheduler Thread - 8/WARN]: 	at java.lang.Thread.run(Thread.java:748)
[00:03:38] [Craft Scheduler Thread - 4/WARN]: java.lang.NullPointerException
[00:03:38] [Craft Scheduler Thread - 4/WARN]: 	at us.zonix.practice.board.adapter.PracticeBoard.getLobbyBoard(PracticeBoard.java:133)
[00:03:38] [Craft Scheduler Thread - 4/WARN]: 	at us.zonix.practice.board.adapter.PracticeBoard.getScoreboard(PracticeBoard.java:74)
[00:03:38] [Craft Scheduler Thread - 4/WARN]: 	at us.zonix.practice.board.BoardManager.run(BoardManager.java:42)
[00:03:38] [Craft Scheduler Thread - 4/WARN]: 	at org.bukkit.craftbukkit.v1_8_R3.scheduler.CraftTask.run(CraftTask.java:64)
[00:03:38] [Craft Scheduler Thread - 4/WARN]: 	at org.bukkit.craftbukkit.v1_8_R3.scheduler.CraftAsyncTask.run(CraftAsyncTask.java:53)
[00:03:38] [Craft Scheduler Thread - 4/WARN]: 	at org.github.paperspigot.ServerSchedulerReportingWrapper.run(ServerSchedulerReportingWrapper.java:23)
[00:03:38] [Craft Scheduler Thread - 4/WARN]: 	at java.util.concurrent.ThreadPoolExecutor.runWorker(ThreadPoolExecutor.java:1149)
[00:03:38] [Craft Scheduler Thread - 4/WARN]: 	at java.util.concurrent.ThreadPoolExecutor$Worker.run(ThreadPoolExecutor.java:624)
[00:03:38] [Craft Scheduler Thread - 4/WARN]: 	at java.lang.Thread.run(Thread.java:748)
[00:03:38] [Craft Scheduler Thread - 4/WARN]: java.lang.NullPointerException
[00:03:38] [Craft Scheduler Thread - 4/WARN]: 	at us.zonix.practice.board.adapter.PracticeBoard.getLobbyBoard(PracticeBoard.java:133)
[00:03:38] [Craft Scheduler Thread - 4/WARN]: 	at us.zonix.practice.board.adapter.PracticeBoard.getScoreboard(PracticeBoard.java:74)
[00:03:38] [Craft Scheduler Thread - 4/WARN]: 	at us.zonix.practice.board.BoardManager.run(BoardManager.java:42)
[00:03:38] [Craft Scheduler Thread - 4/WARN]: 	at org.bukkit.craftbukkit.v1_8_R3.scheduler.CraftTask.run(CraftTask.java:64)
[00:03:38] [Craft Scheduler Thread - 4/WARN]: 	at org.bukkit.craftbukkit.v1_8_R3.scheduler.CraftAsyncTask.run(CraftAsyncTask.java:53)
[00:03:38] [Craft Scheduler Thread - 4/WARN]: 	at org.github.paperspigot.ServerSchedulerReportingWrapper.run(ServerSchedulerReportingWrapper.java:23)
[00:03:38] [Craft Scheduler Thread - 4/WARN]: 	at java.util.concurrent.ThreadPoolExecutor.runWorker(ThreadPoolExecutor.java:1149)
[00:03:38] [Craft Scheduler Thread - 4/WARN]: 	at java.util.concurrent.ThreadPoolExecutor$Worker.run(ThreadPoolExecutor.java:624)
[00:03:38] [Craft Scheduler Thread - 4/WARN]: 	at java.lang.Thread.run(Thread.java:748)
[00:03:38] [Craft Scheduler Thread - 3/WARN]: java.lang.NullPointerException
[00:03:38] [Craft Scheduler Thread - 3/WARN]: 	at us.zonix.practice.board.adapter.PracticeBoard.getLobbyBoard(PracticeBoard.java:133)
[00:03:38] [Craft Scheduler Thread - 3/WARN]: 	at us.zonix.practice.board.adapter.PracticeBoard.getScoreboard(PracticeBoard.java:74)
[00:03:38] [Craft Scheduler Thread - 3/WARN]: 	at us.zonix.practice.board.BoardManager.run(BoardManager.java:42)
[00:03:38] [Craft Scheduler Thread - 3/WARN]: 	at org.bukkit.craftbukkit.v1_8_R3.scheduler.CraftTask.run(CraftTask.java:64)
[00:03:38] [Craft Scheduler Thread - 3/WARN]: 	at org.bukkit.craftbukkit.v1_8_R3.scheduler.CraftAsyncTask.run(CraftAsyncTask.java:53)
[00:03:38] [Craft Scheduler Thread - 3/WARN]: 	at org.github.paperspigot.ServerSchedulerReportingWrapper.run(ServerSchedulerReportingWrapper.java:23)
[00:03:38] [Craft Scheduler Thread - 3/WARN]: 	at java.util.concurrent.ThreadPoolExecutor.runWorker(ThreadPoolExecutor.java:1149)
[00:03:38] [Craft Scheduler Thread - 3/WARN]: 	at java.util.concurrent.ThreadPoolExecutor$Worker.run(ThreadPoolExecutor.java:624)
[00:03:38] [Craft Scheduler Thread - 3/WARN]: 	at java.lang.Thread.run(Thread.java:748)
[00:03:38] [Craft Scheduler Thread - 3/WARN]: java.lang.NullPointerException
[00:03:38] [Craft Scheduler Thread - 3/WARN]: 	at us.zonix.practice.board.adapter.PracticeBoard.getLobbyBoard(PracticeBoard.java:133)
[00:03:38] [Craft Scheduler Thread - 3/WARN]: 	at us.zonix.practice.board.adapter.PracticeBoard.getScoreboard(PracticeBoard.java:74)
[00:03:38] [Craft Scheduler Thread - 3/WARN]: 	at us.zonix.practice.board.BoardManager.run(BoardManager.java:42)
[00:03:38] [Craft Scheduler Thread - 3/WARN]: 	at org.bukkit.craftbukkit.v1_8_R3.scheduler.CraftTask.run(CraftTask.java:64)
[00:03:38] [Craft Scheduler Thread - 3/WARN]: 	at org.bukkit.craftbukkit.v1_8_R3.scheduler.CraftAsyncTask.run(CraftAsyncTask.java:53)
[00:03:38] [Craft Scheduler Thread - 3/WARN]: 	at org.github.paperspigot.ServerSchedulerReportingWrapper.run(ServerSchedulerReportingWrapper.java:23)
[00:03:38] [Craft Scheduler Thread - 3/WARN]: 	at java.util.concurrent.ThreadPoolExecutor.runWorker(ThreadPoolExecutor.java:1149)
[00:03:38] [Craft Scheduler Thread - 3/WARN]: 	at java.util.concurrent.ThreadPoolExecutor$Worker.run(ThreadPoolExecutor.java:624)
[00:03:38] [Craft Scheduler Thread - 3/WARN]: 	at java.lang.Thread.run(Thread.java:748)
[00:03:38] [Craft Scheduler Thread - 8/WARN]: java.lang.NullPointerException
[00:03:38] [Craft Scheduler Thread - 8/WARN]: 	at us.zonix.practice.board.adapter.PracticeBoard.getLobbyBoard(PracticeBoard.java:133)
[00:03:38] [Craft Scheduler Thread - 8/WARN]: 	at us.zonix.practice.board.adapter.PracticeBoard.getScoreboard(PracticeBoard.java:74)
[00:03:38] [Craft Scheduler Thread - 8/WARN]: 	at us.zonix.practice.board.BoardManager.run(BoardManager.java:42)
[00:03:38] [Craft Scheduler Thread - 8/WARN]: 	at org.bukkit.craftbukkit.v1_8_R3.scheduler.CraftTask.run(CraftTask.java:64)
[00:03:38] [Craft Scheduler Thread - 8/WARN]: 	at org.bukkit.craftbukkit.v1_8_R3.scheduler.CraftAsyncTask.run(CraftAsyncTask.java:53)
[00:03:38] [Craft Scheduler Thread - 8/WARN]: 	at org.github.paperspigot.ServerSchedulerReportingWrapper.run(ServerSchedulerReportingWrapper.java:23)
[00:03:38] [Craft Scheduler Thread - 8/WARN]: 	at java.util.concurrent.ThreadPoolExecutor.runWorker(ThreadPoolExecutor.java:1149)
[00:03:38] [Craft Scheduler Thread - 8/WARN]: 	at java.util.concurrent.ThreadPoolExecutor$Worker.run(ThreadPoolExecutor.java:624)
[00:03:38] [Craft Scheduler Thread - 8/WARN]: 	at java.lang.Thread.run(Thread.java:748)
[00:03:38] [Craft Scheduler Thread - 8/WARN]: java.lang.NullPointerException
[00:03:38] [Craft Scheduler Thread - 8/WARN]: 	at us.zonix.practice.board.adapter.PracticeBoard.getLobbyBoard(PracticeBoard.java:133)
[00:03:38] [Craft Scheduler Thread - 8/WARN]: 	at us.zonix.practice.board.adapter.PracticeBoard.getScoreboard(PracticeBoard.java:74)
[00:03:38] [Craft Scheduler Thread - 8/WARN]: 	at us.zonix.practice.board.BoardManager.run(BoardManager.java:42)
[00:03:38] [Craft Scheduler Thread - 8/WARN]: 	at org.bukkit.craftbukkit.v1_8_R3.scheduler.CraftTask.run(CraftTask.java:64)
[00:03:38] [Craft Scheduler Thread - 8/WARN]: 	at org.bukkit.craftbukkit.v1_8_R3.scheduler.CraftAsyncTask.run(CraftAsyncTask.java:53)
[00:03:38] [Craft Scheduler Thread - 8/WARN]: 	at org.github.paperspigot.ServerSchedulerReportingWrapper.run(ServerSchedulerReportingWrapper.java:23)
[00:03:38] [Craft Scheduler Thread - 8/WARN]: 	at java.util.concurrent.ThreadPoolExecutor.runWorker(ThreadPoolExecutor.java:1149)
[00:03:38] [Craft Scheduler Thread - 8/WARN]: 	at java.util.concurrent.ThreadPoolExecutor$Worker.run(ThreadPoolExecutor.java:624)
[00:03:38] [Craft Scheduler Thread - 8/WARN]: 	at java.lang.Thread.run(Thread.java:748)
[00:03:38] [Craft Scheduler Thread - 3/WARN]: java.lang.NullPointerException
[00:03:38] [Craft Scheduler Thread - 3/WARN]: 	at us.zonix.practice.board.adapter.PracticeBoard.getLobbyBoard(PracticeBoard.java:133)
[00:03:38] [Craft Scheduler Thread - 3/WARN]: 	at us.zonix.practice.board.adapter.PracticeBoard.getScoreboard(PracticeBoard.java:74)
[00:03:38] [Craft Scheduler Thread - 3/WARN]: 	at us.zonix.practice.board.BoardManager.run(BoardManager.java:42)
[00:03:38] [Craft Scheduler Thread - 3/WARN]: 	at org.bukkit.craftbukkit.v1_8_R3.scheduler.CraftTask.run(CraftTask.java:64)
[00:03:38] [Craft Scheduler Thread - 3/WARN]: 	at org.bukkit.craftbukkit.v1_8_R3.scheduler.CraftAsyncTask.run(CraftAsyncTask.java:53)
[00:03:38] [Craft Scheduler Thread - 3/WARN]: 	at org.github.paperspigot.ServerSchedulerReportingWrapper.run(ServerSchedulerReportingWrapper.java:23)
[00:03:38] [Craft Scheduler Thread - 3/WARN]: 	at java.util.concurrent.ThreadPoolExecutor.runWorker(ThreadPoolExecutor.java:1149)
[00:03:38] [Craft Scheduler Thread - 3/WARN]: 	at java.util.concurrent.ThreadPoolExecutor$Worker.run(ThreadPoolExecutor.java:624)
[00:03:38] [Craft Scheduler Thread - 3/WARN]: 	at java.lang.Thread.run(Thread.java:748)
[00:03:38] [Craft Scheduler Thread - 3/WARN]: java.lang.NullPointerException
[00:03:38] [Craft Scheduler Thread - 3/WARN]: 	at us.zonix.practice.board.adapter.PracticeBoard.getLobbyBoard(PracticeBoard.java:133)
[00:03:38] [Craft Scheduler Thread - 3/WARN]: 	at us.zonix.practice.board.adapter.PracticeBoard.getScoreboard(PracticeBoard.java:74)
[00:03:38] [Craft Scheduler Thread - 3/WARN]: 	at us.zonix.practice.board.BoardManager.run(BoardManager.java:42)
[00:03:38] [Craft Scheduler Thread - 3/WARN]: 	at org.bukkit.craftbukkit.v1_8_R3.scheduler.CraftTask.run(CraftTask.java:64)
[00:03:38] [Craft Scheduler Thread - 3/WARN]: 	at org.bukkit.craftbukkit.v1_8_R3.scheduler.CraftAsyncTask.run(CraftAsyncTask.java:53)
[00:03:38] [Craft Scheduler Thread - 3/WARN]: 	at org.github.paperspigot.ServerSchedulerReportingWrapper.run(ServerSchedulerReportingWrapper.java:23)
[00:03:38] [Craft Scheduler Thread - 3/WARN]: 	at java.util.concurrent.ThreadPoolExecutor.runWorker(ThreadPoolExecutor.java:1149)
[00:03:38] [Craft Scheduler Thread - 3/WARN]: 	at java.util.concurrent.ThreadPoolExecutor$Worker.run(ThreadPoolExecutor.java:624)
[00:03:38] [Craft Scheduler Thread - 3/WARN]: 	at java.lang.Thread.run(Thread.java:748)
[00:03:38] [Craft Scheduler Thread - 9/WARN]: java.lang.NullPointerException
[00:03:38] [Craft Scheduler Thread - 9/WARN]: 	at us.zonix.practice.board.adapter.PracticeBoard.getLobbyBoard(PracticeBoard.java:133)
[00:03:38] [Craft Scheduler Thread - 9/WARN]: 	at us.zonix.practice.board.adapter.PracticeBoard.getScoreboard(PracticeBoard.java:74)
[00:03:38] [Craft Scheduler Thread - 9/WARN]: 	at us.zonix.practice.board.BoardManager.run(BoardManager.java:42)
[00:03:38] [Craft Scheduler Thread - 9/WARN]: 	at org.bukkit.craftbukkit.v1_8_R3.scheduler.CraftTask.run(CraftTask.java:64)
[00:03:38] [Craft Scheduler Thread - 9/WARN]: 	at org.bukkit.craftbukkit.v1_8_R3.scheduler.CraftAsyncTask.run(CraftAsyncTask.java:53)
[00:03:38] [Craft Scheduler Thread - 9/WARN]: 	at org.github.paperspigot.ServerSchedulerReportingWrapper.run(ServerSchedulerReportingWrapper.java:23)
[00:03:38] [Craft Scheduler Thread - 9/WARN]: 	at java.util.concurrent.ThreadPoolExecutor.runWorker(ThreadPoolExecutor.java:1149)
[00:03:38] [Craft Scheduler Thread - 9/WARN]: 	at java.util.concurrent.ThreadPoolExecutor$Worker.run(ThreadPoolExecutor.java:624)
[00:03:38] [Craft Scheduler Thread - 9/WARN]: 	at java.lang.Thread.run(Thread.java:748)
[00:03:38] [Craft Scheduler Thread - 9/WARN]: java.lang.NullPointerException
[00:03:38] [Craft Scheduler Thread - 9/WARN]: 	at us.zonix.practice.board.adapter.PracticeBoard.getLobbyBoard(PracticeBoard.java:133)
[00:03:38] [Craft Scheduler Thread - 9/WARN]: 	at us.zonix.practice.board.adapter.PracticeBoard.getScoreboard(PracticeBoard.java:74)
[00:03:38] [Craft Scheduler Thread - 9/WARN]: 	at us.zonix.practice.board.BoardManager.run(BoardManager.java:42)
[00:03:38] [Craft Scheduler Thread - 9/WARN]: 	at org.bukkit.craftbukkit.v1_8_R3.scheduler.CraftTask.run(CraftTask.java:64)
[00:03:38] [Craft Scheduler Thread - 9/WARN]: 	at org.bukkit.craftbukkit.v1_8_R3.scheduler.CraftAsyncTask.run(CraftAsyncTask.java:53)
[00:03:38] [Craft Scheduler Thread - 9/WARN]: 	at org.github.paperspigot.ServerSchedulerReportingWrapper.run(ServerSchedulerReportingWrapper.java:23)
[00:03:38] [Craft Scheduler Thread - 9/WARN]: 	at java.util.concurrent.ThreadPoolExecutor.runWorker(ThreadPoolExecutor.java:1149)
[00:03:38] [Craft Scheduler Thread - 9/WARN]: 	at java.util.concurrent.ThreadPoolExecutor$Worker.run(ThreadPoolExecutor.java:624)
[00:03:38] [Craft Scheduler Thread - 9/WARN]: 	at java.lang.Thread.run(Thread.java:748)
[00:03:38] [Craft Scheduler Thread - 3/WARN]: java.lang.NullPointerException
[00:03:38] [Craft Scheduler Thread - 3/WARN]: 	at us.zonix.practice.board.adapter.PracticeBoard.getLobbyBoard(PracticeBoard.java:133)
[00:03:38] [Craft Scheduler Thread - 3/WARN]: 	at us.zonix.practice.board.adapter.PracticeBoard.getScoreboard(PracticeBoard.java:74)
[00:03:38] [Craft Scheduler Thread - 3/WARN]: 	at us.zonix.practice.board.BoardManager.run(BoardManager.java:42)
[00:03:38] [Craft Scheduler Thread - 3/WARN]: 	at org.bukkit.craftbukkit.v1_8_R3.scheduler.CraftTask.run(CraftTask.java:64)
[00:03:38] [Craft Scheduler Thread - 3/WARN]: 	at org.bukkit.craftbukkit.v1_8_R3.scheduler.CraftAsyncTask.run(CraftAsyncTask.java:53)
[00:03:38] [Craft Scheduler Thread - 3/WARN]: 	at org.github.paperspigot.ServerSchedulerReportingWrapper.run(ServerSchedulerReportingWrapper.java:23)
[00:03:38] [Craft Scheduler Thread - 3/WARN]: 	at java.util.concurrent.ThreadPoolExecutor.runWorker(ThreadPoolExecutor.java:1149)
[00:03:38] [Craft Scheduler Thread - 3/WARN]: 	at java.util.concurrent.ThreadPoolExecutor$Worker.run(ThreadPoolExecutor.java:624)
[00:03:38] [Craft Scheduler Thread - 3/WARN]: 	at java.lang.Thread.run(Thread.java:748)
[00:03:38] [Craft Scheduler Thread - 3/WARN]: java.lang.NullPointerException
[00:03:38] [Craft Scheduler Thread - 3/WARN]: 	at us.zonix.practice.board.adapter.PracticeBoard.getLobbyBoard(PracticeBoard.java:133)
[00:03:38] [Craft Scheduler Thread - 3/WARN]: 	at us.zonix.practice.board.adapter.PracticeBoard.getScoreboard(PracticeBoard.java:74)
[00:03:38] [Craft Scheduler Thread - 3/WARN]: 	at us.zonix.practice.board.BoardManager.run(BoardManager.java:42)
[00:03:38] [Craft Scheduler Thread - 3/WARN]: 	at org.bukkit.craftbukkit.v1_8_R3.scheduler.CraftTask.run(CraftTask.java:64)
[00:03:38] [Craft Scheduler Thread - 3/WARN]: 	at org.bukkit.craftbukkit.v1_8_R3.scheduler.CraftAsyncTask.run(CraftAsyncTask.java:53)
[00:03:38] [Craft Scheduler Thread - 3/WARN]: 	at org.github.paperspigot.ServerSchedulerReportingWrapper.run(ServerSchedulerReportingWrapper.java:23)
[00:03:38] [Craft Scheduler Thread - 3/WARN]: 	at java.util.concurrent.ThreadPoolExecutor.runWorker(ThreadPoolExecutor.java:1149)
[00:03:38] [Craft Scheduler Thread - 3/WARN]: 	at java.util.concurrent.ThreadPoolExecutor$Worker.run(ThreadPoolExecutor.java:624)
[00:03:38] [Craft Scheduler Thread - 3/WARN]: 	at java.lang.Thread.run(Thread.java:748)
[00:03:38] [Craft Scheduler Thread - 7/WARN]: java.lang.NullPointerException
[00:03:38] [Craft Scheduler Thread - 7/WARN]: 	at us.zonix.practice.board.adapter.PracticeBoard.getLobbyBoard(PracticeBoard.java:133)
[00:03:38] [Craft Scheduler Thread - 7/WARN]: 	at us.zonix.practice.board.adapter.PracticeBoard.getScoreboard(PracticeBoard.java:74)
[00:03:38] [Craft Scheduler Thread - 7/WARN]: 	at us.zonix.practice.board.BoardManager.run(BoardManager.java:42)
[00:03:38] [Craft Scheduler Thread - 7/WARN]: 	at org.bukkit.craftbukkit.v1_8_R3.scheduler.CraftTask.run(CraftTask.java:64)
[00:03:38] [Craft Scheduler Thread - 7/WARN]: 	at org.bukkit.craftbukkit.v1_8_R3.scheduler.CraftAsyncTask.run(CraftAsyncTask.java:53)
[00:03:38] [Craft Scheduler Thread - 7/WARN]: 	at org.github.paperspigot.ServerSchedulerReportingWrapper.run(ServerSchedulerReportingWrapper.java:23)
[00:03:38] [Craft Scheduler Thread - 7/WARN]: 	at java.util.concurrent.ThreadPoolExecutor.runWorker(ThreadPoolExecutor.java:1149)
[00:03:38] [Craft Scheduler Thread - 7/WARN]: 	at java.util.concurrent.ThreadPoolExecutor$Worker.run(ThreadPoolExecutor.java:624)
[00:03:38] [Craft Scheduler Thread - 7/WARN]: 	at java.lang.Thread.run(Thread.java:748)
[00:03:38] [Craft Scheduler Thread - 7/WARN]: java.lang.NullPointerException
[00:03:38] [Craft Scheduler Thread - 7/WARN]: 	at us.zonix.practice.board.adapter.PracticeBoard.getLobbyBoard(PracticeBoard.java:133)
[00:03:38] [Craft Scheduler Thread - 7/WARN]: 	at us.zonix.practice.board.adapter.PracticeBoard.getScoreboard(PracticeBoard.java:74)
[00:03:38] [Craft Scheduler Thread - 7/WARN]: 	at us.zonix.practice.board.BoardManager.run(BoardManager.java:42)
[00:03:38] [Craft Scheduler Thread - 7/WARN]: 	at org.bukkit.craftbukkit.v1_8_R3.scheduler.CraftTask.run(CraftTask.java:64)
[00:03:38] [Craft Scheduler Thread - 7/WARN]: 	at org.bukkit.craftbukkit.v1_8_R3.scheduler.CraftAsyncTask.run(CraftAsyncTask.java:53)
[00:03:38] [Craft Scheduler Thread - 7/WARN]: 	at org.github.paperspigot.ServerSchedulerReportingWrapper.run(ServerSchedulerReportingWrapper.java:23)
[00:03:38] [Craft Scheduler Thread - 7/WARN]: 	at java.util.concurrent.ThreadPoolExecutor.runWorker(ThreadPoolExecutor.java:1149)
[00:03:38] [Craft Scheduler Thread - 7/WARN]: 	at java.util.concurrent.ThreadPoolExecutor$Worker.run(ThreadPoolExecutor.java:624)
[00:03:38] [Craft Scheduler Thread - 7/WARN]: 	at java.lang.Thread.run(Thread.java:748)
[00:03:38] [Craft Scheduler Thread - 8/WARN]: java.lang.NullPointerException
[00:03:38] [Craft Scheduler Thread - 8/WARN]: 	at us.zonix.practice.board.adapter.PracticeBoard.getLobbyBoard(PracticeBoard.java:133)
[00:03:38] [Craft Scheduler Thread - 8/WARN]: 	at us.zonix.practice.board.adapter.PracticeBoard.getScoreboard(PracticeBoard.java:74)
[00:03:38] [Craft Scheduler Thread - 8/WARN]: 	at us.zonix.practice.board.BoardManager.run(BoardManager.java:42)
[00:03:38] [Craft Scheduler Thread - 8/WARN]: 	at org.bukkit.craftbukkit.v1_8_R3.scheduler.CraftTask.run(CraftTask.java:64)
[00:03:38] [Craft Scheduler Thread - 8/WARN]: 	at org.bukkit.craftbukkit.v1_8_R3.scheduler.CraftAsyncTask.run(CraftAsyncTask.java:53)
[00:03:38] [Craft Scheduler Thread - 8/WARN]: 	at org.github.paperspigot.ServerSchedulerReportingWrapper.run(ServerSchedulerReportingWrapper.java:23)
[00:03:38] [Craft Scheduler Thread - 8/WARN]: 	at java.util.concurrent.ThreadPoolExecutor.runWorker(ThreadPoolExecutor.java:1149)
[00:03:38] [Craft Scheduler Thread - 8/WARN]: 	at java.util.concurrent.ThreadPoolExecutor$Worker.run(ThreadPoolExecutor.java:624)
[00:03:38] [Craft Scheduler Thread - 8/WARN]: 	at java.lang.Thread.run(Thread.java:748)
[00:03:38] [Craft Scheduler Thread - 8/WARN]: java.lang.NullPointerException
[00:03:38] [Craft Scheduler Thread - 8/WARN]: 	at us.zonix.practice.board.adapter.PracticeBoard.getLobbyBoard(PracticeBoard.java:133)
[00:03:38] [Craft Scheduler Thread - 8/WARN]: 	at us.zonix.practice.board.adapter.PracticeBoard.getScoreboard(PracticeBoard.java:74)
[00:03:38] [Craft Scheduler Thread - 8/WARN]: 	at us.zonix.practice.board.BoardManager.run(BoardManager.java:42)
[00:03:38] [Craft Scheduler Thread - 8/WARN]: 	at org.bukkit.craftbukkit.v1_8_R3.scheduler.CraftTask.run(CraftTask.java:64)
[00:03:38] [Craft Scheduler Thread - 8/WARN]: 	at org.bukkit.craftbukkit.v1_8_R3.scheduler.CraftAsyncTask.run(CraftAsyncTask.java:53)
[00:03:38] [Craft Scheduler Thread - 8/WARN]: 	at org.github.paperspigot.ServerSchedulerReportingWrapper.run(ServerSchedulerReportingWrapper.java:23)
[00:03:38] [Craft Scheduler Thread - 8/WARN]: 	at java.util.concurrent.ThreadPoolExecutor.runWorker(ThreadPoolExecutor.java:1149)
[00:03:38] [Craft Scheduler Thread - 8/WARN]: 	at java.util.concurrent.ThreadPoolExecutor$Worker.run(ThreadPoolExecutor.java:624)
[00:03:38] [Craft Scheduler Thread - 8/WARN]: 	at java.lang.Thread.run(Thread.java:748)
[00:03:38] [Craft Scheduler Thread - 10/WARN]: java.lang.NullPointerException
[00:03:38] [Craft Scheduler Thread - 10/WARN]: 	at us.zonix.practice.board.adapter.PracticeBoard.getLobbyBoard(PracticeBoard.java:133)
[00:03:38] [Craft Scheduler Thread - 10/WARN]: 	at us.zonix.practice.board.adapter.PracticeBoard.getScoreboard(PracticeBoard.java:74)
[00:03:38] [Craft Scheduler Thread - 10/WARN]: 	at us.zonix.practice.board.BoardManager.run(BoardManager.java:42)
[00:03:38] [Craft Scheduler Thread - 10/WARN]: 	at org.bukkit.craftbukkit.v1_8_R3.scheduler.CraftTask.run(CraftTask.java:64)
[00:03:38] [Craft Scheduler Thread - 10/WARN]: 	at org.bukkit.craftbukkit.v1_8_R3.scheduler.CraftAsyncTask.run(CraftAsyncTask.java:53)
[00:03:38] [Craft Scheduler Thread - 10/WARN]: 	at org.github.paperspigot.ServerSchedulerReportingWrapper.run(ServerSchedulerReportingWrapper.java:23)
[00:03:38] [Craft Scheduler Thread - 10/WARN]: 	at java.util.concurrent.ThreadPoolExecutor.runWorker(ThreadPoolExecutor.java:1149)
[00:03:38] [Craft Scheduler Thread - 10/WARN]: 	at java.util.concurrent.ThreadPoolExecutor$Worker.run(ThreadPoolExecutor.java:624)
[00:03:38] [Craft Scheduler Thread - 10/WARN]: 	at java.lang.Thread.run(Thread.java:748)
[00:03:38] [Craft Scheduler Thread - 10/WARN]: java.lang.NullPointerException
[00:03:38] [Craft Scheduler Thread - 10/WARN]: 	at us.zonix.practice.board.adapter.PracticeBoard.getLobbyBoard(PracticeBoard.java:133)
[00:03:38] [Craft Scheduler Thread - 10/WARN]: 	at us.zonix.practice.board.adapter.PracticeBoard.getScoreboard(PracticeBoard.java:74)
[00:03:38] [Craft Scheduler Thread - 10/WARN]: 	at us.zonix.practice.board.BoardManager.run(BoardManager.java:42)
[00:03:38] [Craft Scheduler Thread - 10/WARN]: 	at org.bukkit.craftbukkit.v1_8_R3.scheduler.CraftTask.run(CraftTask.java:64)
[00:03:38] [Craft Scheduler Thread - 10/WARN]: 	at org.bukkit.craftbukkit.v1_8_R3.scheduler.CraftAsyncTask.run(CraftAsyncTask.java:53)
[00:03:38] [Craft Scheduler Thread - 10/WARN]: 	at org.github.paperspigot.ServerSchedulerReportingWrapper.run(ServerSchedulerReportingWrapper.java:23)
[00:03:38] [Craft Scheduler Thread - 10/WARN]: 	at java.util.concurrent.ThreadPoolExecutor.runWorker(ThreadPoolExecutor.java:1149)
[00:03:38] [Craft Scheduler Thread - 10/WARN]: 	at java.util.concurrent.ThreadPoolExecutor$Worker.run(ThreadPoolExecutor.java:624)
[00:03:38] [Craft Scheduler Thread - 10/WARN]: 	at java.lang.Thread.run(Thread.java:748)
[00:03:38] [Craft Scheduler Thread - 9/WARN]: java.lang.NullPointerException
[00:03:38] [Craft Scheduler Thread - 9/WARN]: 	at us.zonix.practice.board.adapter.PracticeBoard.getLobbyBoard(PracticeBoard.java:133)
[00:03:38] [Craft Scheduler Thread - 9/WARN]: 	at us.zonix.practice.board.adapter.PracticeBoard.getScoreboard(PracticeBoard.java:74)
[00:03:38] [Craft Scheduler Thread - 9/WARN]: 	at us.zonix.practice.board.BoardManager.run(BoardManager.java:42)
[00:03:38] [Craft Scheduler Thread - 9/WARN]: 	at org.bukkit.craftbukkit.v1_8_R3.scheduler.CraftTask.run(CraftTask.java:64)
[00:03:38] [Craft Scheduler Thread - 9/WARN]: 	at org.bukkit.craftbukkit.v1_8_R3.scheduler.CraftAsyncTask.run(CraftAsyncTask.java:53)
[00:03:38] [Craft Scheduler Thread - 9/WARN]: 	at org.github.paperspigot.ServerSchedulerReportingWrapper.run(ServerSchedulerReportingWrapper.java:23)
[00:03:38] [Craft Scheduler Thread - 9/WARN]: 	at java.util.concurrent.ThreadPoolExecutor.runWorker(ThreadPoolExecutor.java:1149)
[00:03:38] [Craft Scheduler Thread - 9/WARN]: 	at java.util.concurrent.ThreadPoolExecutor$Worker.run(ThreadPoolExecutor.java:624)
[00:03:38] [Craft Scheduler Thread - 9/WARN]: 	at java.lang.Thread.run(Thread.java:748)
[00:03:38] [Craft Scheduler Thread - 9/WARN]: java.lang.NullPointerException
[00:03:38] [Craft Scheduler Thread - 9/WARN]: 	at us.zonix.practice.board.adapter.PracticeBoard.getLobbyBoard(PracticeBoard.java:133)
[00:03:38] [Craft Scheduler Thread - 9/WARN]: 	at us.zonix.practice.board.adapter.PracticeBoard.getScoreboard(PracticeBoard.java:74)
[00:03:38] [Craft Scheduler Thread - 9/WARN]: 	at us.zonix.practice.board.BoardManager.run(BoardManager.java:42)
[00:03:38] [Craft Scheduler Thread - 9/WARN]: 	at org.bukkit.craftbukkit.v1_8_R3.scheduler.CraftTask.run(CraftTask.java:64)
[00:03:38] [Craft Scheduler Thread - 9/WARN]: 	at org.bukkit.craftbukkit.v1_8_R3.scheduler.CraftAsyncTask.run(CraftAsyncTask.java:53)
[00:03:38] [Craft Scheduler Thread - 9/WARN]: 	at org.github.paperspigot.ServerSchedulerReportingWrapper.run(ServerSchedulerReportingWrapper.java:23)
[00:03:38] [Craft Scheduler Thread - 9/WARN]: 	at java.util.concurrent.ThreadPoolExecutor.runWorker(ThreadPoolExecutor.java:1149)
[00:03:38] [Craft Scheduler Thread - 9/WARN]: 	at java.util.concurrent.ThreadPoolExecutor$Worker.run(ThreadPoolExecutor.java:624)
[00:03:38] [Craft Scheduler Thread - 9/WARN]: 	at java.lang.Thread.run(Thread.java:748)
[00:03:38] [Craft Scheduler Thread - 11/WARN]: java.lang.NullPointerException
[00:03:38] [Craft Scheduler Thread - 11/WARN]: 	at us.zonix.practice.board.adapter.PracticeBoard.getLobbyBoard(PracticeBoard.java:133)
[00:03:38] [Craft Scheduler Thread - 11/WARN]: 	at us.zonix.practice.board.adapter.PracticeBoard.getScoreboard(PracticeBoard.java:74)
[00:03:38] [Craft Scheduler Thread - 11/WARN]: 	at us.zonix.practice.board.BoardManager.run(BoardManager.java:42)
[00:03:38] [Craft Scheduler Thread - 11/WARN]: 	at org.bukkit.craftbukkit.v1_8_R3.scheduler.CraftTask.run(CraftTask.java:64)
[00:03:38] [Craft Scheduler Thread - 11/WARN]: 	at org.bukkit.craftbukkit.v1_8_R3.scheduler.CraftAsyncTask.run(CraftAsyncTask.java:53)
[00:03:38] [Craft Scheduler Thread - 11/WARN]: 	at org.github.paperspigot.ServerSchedulerReportingWrapper.run(ServerSchedulerReportingWrapper.java:23)
[00:03:38] [Craft Scheduler Thread - 11/WARN]: 	at java.util.concurrent.ThreadPoolExecutor.runWorker(ThreadPoolExecutor.java:1149)
[00:03:38] [Craft Scheduler Thread - 11/WARN]: 	at java.util.concurrent.ThreadPoolExecutor$Worker.run(ThreadPoolExecutor.java:624)
[00:03:38] [Craft Scheduler Thread - 11/WARN]: 	at java.lang.Thread.run(Thread.java:748)
[00:03:38] [Craft Scheduler Thread - 11/WARN]: java.lang.NullPointerException
[00:03:38] [Craft Scheduler Thread - 11/WARN]: 	at us.zonix.practice.board.adapter.PracticeBoard.getLobbyBoard(PracticeBoard.java:133)
[00:03:38] [Craft Scheduler Thread - 11/WARN]: 	at us.zonix.practice.board.adapter.PracticeBoard.getScoreboard(PracticeBoard.java:74)
[00:03:38] [Craft Scheduler Thread - 11/WARN]: 	at us.zonix.practice.board.BoardManager.run(BoardManager.java:42)
[00:03:38] [Craft Scheduler Thread - 11/WARN]: 	at org.bukkit.craftbukkit.v1_8_R3.scheduler.CraftTask.run(CraftTask.java:64)
[00:03:38] [Craft Scheduler Thread - 11/WARN]: 	at org.bukkit.craftbukkit.v1_8_R3.scheduler.CraftAsyncTask.run(CraftAsyncTask.java:53)
[00:03:38] [Craft Scheduler Thread - 11/WARN]: 	at org.github.paperspigot.ServerSchedulerReportingWrapper.run(ServerSchedulerReportingWrapper.java:23)
[00:03:38] [Craft Scheduler Thread - 11/WARN]: 	at java.util.concurrent.ThreadPoolExecutor.runWorker(ThreadPoolExecutor.java:1149)
[00:03:38] [Craft Scheduler Thread - 11/WARN]: 	at java.util.concurrent.ThreadPoolExecutor$Worker.run(ThreadPoolExecutor.java:624)
[00:03:38] [Craft Scheduler Thread - 11/WARN]: 	at java.lang.Thread.run(Thread.java:748)
[00:03:38] [Craft Scheduler Thread - 8/WARN]: java.lang.NullPointerException
[00:03:38] [Craft Scheduler Thread - 8/WARN]: 	at us.zonix.practice.board.adapter.PracticeBoard.getLobbyBoard(PracticeBoard.java:133)
[00:03:38] [Craft Scheduler Thread - 8/WARN]: 	at us.zonix.practice.board.adapter.PracticeBoard.getScoreboard(PracticeBoard.java:74)
[00:03:38] [Craft Scheduler Thread - 8/WARN]: 	at us.zonix.practice.board.BoardManager.run(BoardManager.java:42)
[00:03:38] [Craft Scheduler Thread - 8/WARN]: 	at org.bukkit.craftbukkit.v1_8_R3.scheduler.CraftTask.run(CraftTask.java:64)
[00:03:38] [Craft Scheduler Thread - 8/WARN]: 	at org.bukkit.craftbukkit.v1_8_R3.scheduler.CraftAsyncTask.run(CraftAsyncTask.java:53)
[00:03:38] [Craft Scheduler Thread - 8/WARN]: 	at org.github.paperspigot.ServerSchedulerReportingWrapper.run(ServerSchedulerReportingWrapper.java:23)
[00:03:38] [Craft Scheduler Thread - 8/WARN]: 	at java.util.concurrent.ThreadPoolExecutor.runWorker(ThreadPoolExecutor.java:1149)
[00:03:38] [Craft Scheduler Thread - 8/WARN]: 	at java.util.concurrent.ThreadPoolExecutor$Worker.run(ThreadPoolExecutor.java:624)
[00:03:38] [Craft Scheduler Thread - 8/WARN]: 	at java.lang.Thread.run(Thread.java:748)
[00:03:38] [Craft Scheduler Thread - 8/WARN]: java.lang.NullPointerException
[00:03:38] [Craft Scheduler Thread - 8/WARN]: 	at us.zonix.practice.board.adapter.PracticeBoard.getLobbyBoard(PracticeBoard.java:133)
[00:03:38] [Craft Scheduler Thread - 8/WARN]: 	at us.zonix.practice.board.adapter.PracticeBoard.getScoreboard(PracticeBoard.java:74)
[00:03:38] [Craft Scheduler Thread - 8/WARN]: 	at us.zonix.practice.board.BoardManager.run(BoardManager.java:42)
[00:03:38] [Craft Scheduler Thread - 8/WARN]: 	at org.bukkit.craftbukkit.v1_8_R3.scheduler.CraftTask.run(CraftTask.java:64)
[00:03:38] [Craft Scheduler Thread - 8/WARN]: 	at org.bukkit.craftbukkit.v1_8_R3.scheduler.CraftAsyncTask.run(CraftAsyncTask.java:53)
[00:03:38] [Craft Scheduler Thread - 8/WARN]: 	at org.github.paperspigot.ServerSchedulerReportingWrapper.run(ServerSchedulerReportingWrapper.java:23)
[00:03:38] [Craft Scheduler Thread - 8/WARN]: 	at java.util.concurrent.ThreadPoolExecutor.runWorker(ThreadPoolExecutor.java:1149)
[00:03:38] [Craft Scheduler Thread - 8/WARN]: 	at java.util.concurrent.ThreadPoolExecutor$Worker.run(ThreadPoolExecutor.java:624)
[00:03:38] [Craft Scheduler Thread - 8/WARN]: 	at java.lang.Thread.run(Thread.java:748)
[00:03:38] [Craft Scheduler Thread - 10/WARN]: java.lang.NullPointerException
[00:03:38] [Craft Scheduler Thread - 10/WARN]: 	at us.zonix.practice.board.adapter.PracticeBoard.getLobbyBoard(PracticeBoard.java:133)
[00:03:38] [Craft Scheduler Thread - 10/WARN]: 	at us.zonix.practice.board.adapter.PracticeBoard.getScoreboard(PracticeBoard.java:74)
[00:03:38] [Craft Scheduler Thread - 10/WARN]: 	at us.zonix.practice.board.BoardManager.run(BoardManager.java:42)
[00:03:38] [Craft Scheduler Thread - 10/WARN]: 	at org.bukkit.craftbukkit.v1_8_R3.scheduler.CraftTask.run(CraftTask.java:64)
[00:03:38] [Craft Scheduler Thread - 10/WARN]: 	at org.bukkit.craftbukkit.v1_8_R3.scheduler.CraftAsyncTask.run(CraftAsyncTask.java:53)
[00:03:38] [Craft Scheduler Thread - 10/WARN]: 	at org.github.paperspigot.ServerSchedulerReportingWrapper.run(ServerSchedulerReportingWrapper.java:23)
[00:03:38] [Craft Scheduler Thread - 10/WARN]: 	at java.util.concurrent.ThreadPoolExecutor.runWorker(ThreadPoolExecutor.java:1149)
[00:03:38] [Craft Scheduler Thread - 10/WARN]: 	at java.util.concurrent.ThreadPoolExecutor$Worker.run(ThreadPoolExecutor.java:624)
[00:03:38] [Craft Scheduler Thread - 10/WARN]: 	at java.lang.Thread.run(Thread.java:748)
[00:03:38] [Craft Scheduler Thread - 10/WARN]: java.lang.NullPointerException
[00:03:38] [Craft Scheduler Thread - 10/WARN]: 	at us.zonix.practice.board.adapter.PracticeBoard.getLobbyBoard(PracticeBoard.java:133)
[00:03:38] [Craft Scheduler Thread - 10/WARN]: 	at us.zonix.practice.board.adapter.PracticeBoard.getScoreboard(PracticeBoard.java:74)
[00:03:38] [Craft Scheduler Thread - 10/WARN]: 	at us.zonix.practice.board.BoardManager.run(BoardManager.java:42)
[00:03:38] [Craft Scheduler Thread - 10/WARN]: 	at org.bukkit.craftbukkit.v1_8_R3.scheduler.CraftTask.run(CraftTask.java:64)
[00:03:38] [Craft Scheduler Thread - 10/WARN]: 	at org.bukkit.craftbukkit.v1_8_R3.scheduler.CraftAsyncTask.run(CraftAsyncTask.java:53)
[00:03:38] [Craft Scheduler Thread - 10/WARN]: 	at org.github.paperspigot.ServerSchedulerReportingWrapper.run(ServerSchedulerReportingWrapper.java:23)
[00:03:38] [Craft Scheduler Thread - 10/WARN]: 	at java.util.concurrent.ThreadPoolExecutor.runWorker(ThreadPoolExecutor.java:1149)
[00:03:38] [Craft Scheduler Thread - 10/WARN]: 	at java.util.concurrent.ThreadPoolExecutor$Worker.run(ThreadPoolExecutor.java:624)
[00:03:38] [Craft Scheduler Thread - 10/WARN]: 	at java.lang.Thread.run(Thread.java:748)
[00:03:38] [Craft Scheduler Thread - 9/WARN]: java.lang.NullPointerException
[00:03:38] [Craft Scheduler Thread - 9/WARN]: 	at us.zonix.practice.board.adapter.PracticeBoard.getLobbyBoard(PracticeBoard.java:133)
[00:03:38] [Craft Scheduler Thread - 9/WARN]: 	at us.zonix.practice.board.adapter.PracticeBoard.getScoreboard(PracticeBoard.java:74)
[00:03:38] [Craft Scheduler Thread - 9/WARN]: 	at us.zonix.practice.board.BoardManager.run(BoardManager.java:42)
[00:03:38] [Craft Scheduler Thread - 9/WARN]: 	at org.bukkit.craftbukkit.v1_8_R3.scheduler.CraftTask.run(CraftTask.java:64)
[00:03:38] [Craft Scheduler Thread - 9/WARN]: 	at org.bukkit.craftbukkit.v1_8_R3.scheduler.CraftAsyncTask.run(CraftAsyncTask.java:53)
[00:03:38] [Craft Scheduler Thread - 9/WARN]: 	at org.github.paperspigot.ServerSchedulerReportingWrapper.run(ServerSchedulerReportingWrapper.java:23)
[00:03:38] [Craft Scheduler Thread - 9/WARN]: 	at java.util.concurrent.ThreadPoolExecutor.runWorker(ThreadPoolExecutor.java:1149)
[00:03:38] [Craft Scheduler Thread - 9/WARN]: 	at java.util.concurrent.ThreadPoolExecutor$Worker.run(ThreadPoolExecutor.java:624)
[00:03:38] [Craft Scheduler Thread - 9/WARN]: 	at java.lang.Thread.run(Thread.java:748)
[00:03:38] [Craft Scheduler Thread - 9/WARN]: java.lang.NullPointerException
[00:03:38] [Craft Scheduler Thread - 9/WARN]: 	at us.zonix.practice.board.adapter.PracticeBoard.getLobbyBoard(PracticeBoard.java:133)
[00:03:38] [Craft Scheduler Thread - 9/WARN]: 	at us.zonix.practice.board.adapter.PracticeBoard.getScoreboard(PracticeBoard.java:74)
[00:03:38] [Craft Scheduler Thread - 9/WARN]: 	at us.zonix.practice.board.BoardManager.run(BoardManager.java:42)
[00:03:38] [Craft Scheduler Thread - 9/WARN]: 	at org.bukkit.craftbukkit.v1_8_R3.scheduler.CraftTask.run(CraftTask.java:64)
[00:03:38] [Craft Scheduler Thread - 9/WARN]: 	at org.bukkit.craftbukkit.v1_8_R3.scheduler.CraftAsyncTask.run(CraftAsyncTask.java:53)
[00:03:38] [Craft Scheduler Thread - 9/WARN]: 	at org.github.paperspigot.ServerSchedulerReportingWrapper.run(ServerSchedulerReportingWrapper.java:23)
[00:03:38] [Craft Scheduler Thread - 9/WARN]: 	at java.util.concurrent.ThreadPoolExecutor.runWorker(ThreadPoolExecutor.java:1149)
[00:03:38] [Craft Scheduler Thread - 9/WARN]: 	at java.util.concurrent.ThreadPoolExecutor$Worker.run(ThreadPoolExecutor.java:624)
[00:03:38] [Craft Scheduler Thread - 9/WARN]: 	at java.lang.Thread.run(Thread.java:748)
[00:03:38] [Craft Scheduler Thread - 8/WARN]: java.lang.NullPointerException
[00:03:38] [Craft Scheduler Thread - 8/WARN]: 	at us.zonix.practice.board.adapter.PracticeBoard.getLobbyBoard(PracticeBoard.java:133)
[00:03:38] [Craft Scheduler Thread - 8/WARN]: 	at us.zonix.practice.board.adapter.PracticeBoard.getScoreboard(PracticeBoard.java:74)
[00:03:38] [Craft Scheduler Thread - 8/WARN]: 	at us.zonix.practice.board.BoardManager.run(BoardManager.java:42)
[00:03:38] [Craft Scheduler Thread - 8/WARN]: 	at org.bukkit.craftbukkit.v1_8_R3.scheduler.CraftTask.run(CraftTask.java:64)
[00:03:38] [Craft Scheduler Thread - 8/WARN]: 	at org.bukkit.craftbukkit.v1_8_R3.scheduler.CraftAsyncTask.run(CraftAsyncTask.java:53)
[00:03:38] [Craft Scheduler Thread - 8/WARN]: 	at org.github.paperspigot.ServerSchedulerReportingWrapper.run(ServerSchedulerReportingWrapper.java:23)
[00:03:38] [Craft Scheduler Thread - 8/WARN]: 	at java.util.concurrent.ThreadPoolExecutor.runWorker(ThreadPoolExecutor.java:1149)
[00:03:38] [Craft Scheduler Thread - 8/WARN]: 	at java.util.concurrent.ThreadPoolExecutor$Worker.run(ThreadPoolExecutor.java:624)
[00:03:38] [Craft Scheduler Thread - 8/WARN]: 	at java.lang.Thread.run(Thread.java:748)
[00:03:38] [Craft Scheduler Thread - 8/WARN]: java.lang.NullPointerException
[00:03:38] [Craft Scheduler Thread - 8/WARN]: 	at us.zonix.practice.board.adapter.PracticeBoard.getLobbyBoard(PracticeBoard.java:133)
[00:03:38] [Craft Scheduler Thread - 8/WARN]: 	at us.zonix.practice.board.adapter.PracticeBoard.getScoreboard(PracticeBoard.java:74)
[00:03:38] [Craft Scheduler Thread - 8/WARN]: 	at us.zonix.practice.board.BoardManager.run(BoardManager.java:42)
[00:03:38] [Craft Scheduler Thread - 8/WARN]: 	at org.bukkit.craftbukkit.v1_8_R3.scheduler.CraftTask.run(CraftTask.java:64)
[00:03:38] [Craft Scheduler Thread - 8/WARN]: 	at org.bukkit.craftbukkit.v1_8_R3.scheduler.CraftAsyncTask.run(CraftAsyncTask.java:53)
[00:03:38] [Craft Scheduler Thread - 8/WARN]: 	at org.github.paperspigot.ServerSchedulerReportingWrapper.run(ServerSchedulerReportingWrapper.java:23)
[00:03:38] [Craft Scheduler Thread - 8/WARN]: 	at java.util.concurrent.ThreadPoolExecutor.runWorker(ThreadPoolExecutor.java:1149)
[00:03:38] [Craft Scheduler Thread - 8/WARN]: 	at java.util.concurrent.ThreadPoolExecutor$Worker.run(ThreadPoolExecutor.java:624)
[00:03:38] [Craft Scheduler Thread - 8/WARN]: 	at java.lang.Thread.run(Thread.java:748)
[00:03:38] [Craft Scheduler Thread - 10/WARN]: java.lang.NullPointerException
[00:03:38] [Craft Scheduler Thread - 10/WARN]: 	at us.zonix.practice.board.adapter.PracticeBoard.getLobbyBoard(PracticeBoard.java:133)
[00:03:38] [Craft Scheduler Thread - 10/WARN]: 	at us.zonix.practice.board.adapter.PracticeBoard.getScoreboard(PracticeBoard.java:74)
[00:03:38] [Craft Scheduler Thread - 10/WARN]: 	at us.zonix.practice.board.BoardManager.run(BoardManager.java:42)
[00:03:38] [Craft Scheduler Thread - 10/WARN]: 	at org.bukkit.craftbukkit.v1_8_R3.scheduler.CraftTask.run(CraftTask.java:64)
[00:03:38] [Craft Scheduler Thread - 10/WARN]: 	at org.bukkit.craftbukkit.v1_8_R3.scheduler.CraftAsyncTask.run(CraftAsyncTask.java:53)
[00:03:38] [Craft Scheduler Thread - 10/WARN]: 	at org.github.paperspigot.ServerSchedulerReportingWrapper.run(ServerSchedulerReportingWrapper.java:23)
[00:03:38] [Craft Scheduler Thread - 10/WARN]: 	at java.util.concurrent.ThreadPoolExecutor.runWorker(ThreadPoolExecutor.java:1149)
[00:03:38] [Craft Scheduler Thread - 10/WARN]: 	at java.util.concurrent.ThreadPoolExecutor$Worker.run(ThreadPoolExecutor.java:624)
[00:03:38] [Craft Scheduler Thread - 10/WARN]: 	at java.lang.Thread.run(Thread.java:748)
[00:03:38] [Craft Scheduler Thread - 10/WARN]: java.lang.NullPointerException
[00:03:38] [Craft Scheduler Thread - 10/WARN]: 	at us.zonix.practice.board.adapter.PracticeBoard.getLobbyBoard(PracticeBoard.java:133)
[00:03:38] [Craft Scheduler Thread - 10/WARN]: 	at us.zonix.practice.board.adapter.PracticeBoard.getScoreboard(PracticeBoard.java:74)
[00:03:38] [Craft Scheduler Thread - 10/WARN]: 	at us.zonix.practice.board.BoardManager.run(BoardManager.java:42)
[00:03:38] [Craft Scheduler Thread - 10/WARN]: 	at org.bukkit.craftbukkit.v1_8_R3.scheduler.CraftTask.run(CraftTask.java:64)
[00:03:38] [Craft Scheduler Thread - 10/WARN]: 	at org.bukkit.craftbukkit.v1_8_R3.scheduler.CraftAsyncTask.run(CraftAsyncTask.java:53)
[00:03:38] [Craft Scheduler Thread - 10/WARN]: 	at org.github.paperspigot.ServerSchedulerReportingWrapper.run(ServerSchedulerReportingWrapper.java:23)
[00:03:38] [Craft Scheduler Thread - 10/WARN]: 	at java.util.concurrent.ThreadPoolExecutor.runWorker(ThreadPoolExecutor.java:1149)
[00:03:38] [Craft Scheduler Thread - 10/WARN]: 	at java.util.concurrent.ThreadPoolExecutor$Worker.run(ThreadPoolExecutor.java:624)
[00:03:38] [Craft Scheduler Thread - 10/WARN]: 	at java.lang.Thread.run(Thread.java:748)
[00:03:38] [Craft Scheduler Thread - 9/WARN]: java.lang.NullPointerException
[00:03:38] [Craft Scheduler Thread - 9/WARN]: 	at us.zonix.practice.board.adapter.PracticeBoard.getLobbyBoard(PracticeBoard.java:133)
[00:03:38] [Craft Scheduler Thread - 9/WARN]: 	at us.zonix.practice.board.adapter.PracticeBoard.getScoreboard(PracticeBoard.java:74)
[00:03:38] [Craft Scheduler Thread - 9/WARN]: 	at us.zonix.practice.board.BoardManager.run(BoardManager.java:42)
[00:03:38] [Craft Scheduler Thread - 9/WARN]: 	at org.bukkit.craftbukkit.v1_8_R3.scheduler.CraftTask.run(CraftTask.java:64)
[00:03:38] [Craft Scheduler Thread - 9/WARN]: 	at org.bukkit.craftbukkit.v1_8_R3.scheduler.CraftAsyncTask.run(CraftAsyncTask.java:53)
[00:03:38] [Craft Scheduler Thread - 9/WARN]: 	at org.github.paperspigot.ServerSchedulerReportingWrapper.run(ServerSchedulerReportingWrapper.java:23)
[00:03:38] [Craft Scheduler Thread - 9/WARN]: 	at java.util.concurrent.ThreadPoolExecutor.runWorker(ThreadPoolExecutor.java:1149)
[00:03:38] [Craft Scheduler Thread - 9/WARN]: 	at java.util.concurrent.ThreadPoolExecutor$Worker.run(ThreadPoolExecutor.java:624)
[00:03:38] [Craft Scheduler Thread - 9/WARN]: 	at java.lang.Thread.run(Thread.java:748)
[00:03:38] [Craft Scheduler Thread - 9/WARN]: java.lang.NullPointerException
[00:03:38] [Craft Scheduler Thread - 9/WARN]: 	at us.zonix.practice.board.adapter.PracticeBoard.getLobbyBoard(PracticeBoard.java:133)
[00:03:38] [Craft Scheduler Thread - 9/WARN]: 	at us.zonix.practice.board.adapter.PracticeBoard.getScoreboard(PracticeBoard.java:74)
[00:03:38] [Craft Scheduler Thread - 9/WARN]: 	at us.zonix.practice.board.BoardManager.run(BoardManager.java:42)
[00:03:38] [Craft Scheduler Thread - 9/WARN]: 	at org.bukkit.craftbukkit.v1_8_R3.scheduler.CraftTask.run(CraftTask.java:64)
[00:03:38] [Craft Scheduler Thread - 9/WARN]: 	at org.bukkit.craftbukkit.v1_8_R3.scheduler.CraftAsyncTask.run(CraftAsyncTask.java:53)
[00:03:38] [Craft Scheduler Thread - 9/WARN]: 	at org.github.paperspigot.ServerSchedulerReportingWrapper.run(ServerSchedulerReportingWrapper.java:23)
[00:03:38] [Craft Scheduler Thread - 9/WARN]: 	at java.util.concurrent.ThreadPoolExecutor.runWorker(ThreadPoolExecutor.java:1149)
[00:03:38] [Craft Scheduler Thread - 9/WARN]: 	at java.util.concurrent.ThreadPoolExecutor$Worker.run(ThreadPoolExecutor.java:624)
[00:03:38] [Craft Scheduler Thread - 9/WARN]: 	at java.lang.Thread.run(Thread.java:748)
[00:03:38] [Craft Scheduler Thread - 10/WARN]: java.lang.NullPointerException
[00:03:38] [Craft Scheduler Thread - 10/WARN]: 	at us.zonix.practice.board.adapter.PracticeBoard.getLobbyBoard(PracticeBoard.java:133)
[00:03:38] [Craft Scheduler Thread - 10/WARN]: 	at us.zonix.practice.board.adapter.PracticeBoard.getScoreboard(PracticeBoard.java:74)
[00:03:38] [Craft Scheduler Thread - 10/WARN]: 	at us.zonix.practice.board.BoardManager.run(BoardManager.java:42)
[00:03:38] [Craft Scheduler Thread - 10/WARN]: 	at org.bukkit.craftbukkit.v1_8_R3.scheduler.CraftTask.run(CraftTask.java:64)
[00:03:38] [Craft Scheduler Thread - 10/WARN]: 	at org.bukkit.craftbukkit.v1_8_R3.scheduler.CraftAsyncTask.run(CraftAsyncTask.java:53)
[00:03:38] [Craft Scheduler Thread - 10/WARN]: 	at org.github.paperspigot.ServerSchedulerReportingWrapper.run(ServerSchedulerReportingWrapper.java:23)
[00:03:38] [Craft Scheduler Thread - 10/WARN]: 	at java.util.concurrent.ThreadPoolExecutor.runWorker(ThreadPoolExecutor.java:1149)
[00:03:38] [Craft Scheduler Thread - 10/WARN]: 	at java.util.concurrent.ThreadPoolExecutor$Worker.run(ThreadPoolExecutor.java:624)
[00:03:38] [Craft Scheduler Thread - 10/WARN]: 	at java.lang.Thread.run(Thread.java:748)
[00:03:38] [Craft Scheduler Thread - 10/WARN]: java.lang.NullPointerException
[00:03:38] [Craft Scheduler Thread - 10/WARN]: 	at us.zonix.practice.board.adapter.PracticeBoard.getLobbyBoard(PracticeBoard.java:133)
[00:03:38] [Craft Scheduler Thread - 10/WARN]: 	at us.zonix.practice.board.adapter.PracticeBoard.getScoreboard(PracticeBoard.java:74)
[00:03:38] [Craft Scheduler Thread - 10/WARN]: 	at us.zonix.practice.board.BoardManager.run(BoardManager.java:42)
[00:03:38] [Craft Scheduler Thread - 10/WARN]: 	at org.bukkit.craftbukkit.v1_8_R3.scheduler.CraftTask.run(CraftTask.java:64)
[00:03:38] [Craft Scheduler Thread - 10/WARN]: 	at org.bukkit.craftbukkit.v1_8_R3.scheduler.CraftAsyncTask.run(CraftAsyncTask.java:53)
[00:03:38] [Craft Scheduler Thread - 10/WARN]: 	at org.github.paperspigot.ServerSchedulerReportingWrapper.run(ServerSchedulerReportingWrapper.java:23)
[00:03:38] [Craft Scheduler Thread - 10/WARN]: 	at java.util.concurrent.ThreadPoolExecutor.runWorker(ThreadPoolExecutor.java:1149)
[00:03:38] [Craft Scheduler Thread - 10/WARN]: 	at java.util.concurrent.ThreadPoolExecutor$Worker.run(ThreadPoolExecutor.java:624)
[00:03:38] [Craft Scheduler Thread - 10/WARN]: 	at java.lang.Thread.run(Thread.java:748)
[00:03:38] [Craft Scheduler Thread - 11/WARN]: java.lang.NullPointerException
[00:03:38] [Craft Scheduler Thread - 11/WARN]: 	at us.zonix.practice.board.adapter.PracticeBoard.getLobbyBoard(PracticeBoard.java:133)
[00:03:38] [Craft Scheduler Thread - 11/WARN]: 	at us.zonix.practice.board.adapter.PracticeBoard.getScoreboard(PracticeBoard.java:74)
[00:03:38] [Craft Scheduler Thread - 11/WARN]: 	at us.zonix.practice.board.BoardManager.run(BoardManager.java:42)
[00:03:38] [Craft Scheduler Thread - 11/WARN]: 	at org.bukkit.craftbukkit.v1_8_R3.scheduler.CraftTask.run(CraftTask.java:64)
[00:03:38] [Craft Scheduler Thread - 11/WARN]: 	at org.bukkit.craftbukkit.v1_8_R3.scheduler.CraftAsyncTask.run(CraftAsyncTask.java:53)
[00:03:38] [Craft Scheduler Thread - 11/WARN]: 	at org.github.paperspigot.ServerSchedulerReportingWrapper.run(ServerSchedulerReportingWrapper.java:23)
[00:03:38] [Craft Scheduler Thread - 11/WARN]: 	at java.util.concurrent.ThreadPoolExecutor.runWorker(ThreadPoolExecutor.java:1149)
[00:03:38] [Craft Scheduler Thread - 11/WARN]: 	at java.util.concurrent.ThreadPoolExecutor$Worker.run(ThreadPoolExecutor.java:624)
[00:03:38] [Craft Scheduler Thread - 11/WARN]: 	at java.lang.Thread.run(Thread.java:748)
[00:03:38] [Craft Scheduler Thread - 11/WARN]: java.lang.NullPointerException
[00:03:38] [Craft Scheduler Thread - 11/WARN]: 	at us.zonix.practice.board.adapter.PracticeBoard.getLobbyBoard(PracticeBoard.java:133)
[00:03:38] [Craft Scheduler Thread - 11/WARN]: 	at us.zonix.practice.board.adapter.PracticeBoard.getScoreboard(PracticeBoard.java:74)
[00:03:38] [Craft Scheduler Thread - 11/WARN]: 	at us.zonix.practice.board.BoardManager.run(BoardManager.java:42)
[00:03:38] [Craft Scheduler Thread - 11/WARN]: 	at org.bukkit.craftbukkit.v1_8_R3.scheduler.CraftTask.run(CraftTask.java:64)
[00:03:38] [Craft Scheduler Thread - 11/WARN]: 	at org.bukkit.craftbukkit.v1_8_R3.scheduler.CraftAsyncTask.run(CraftAsyncTask.java:53)
[00:03:38] [Craft Scheduler Thread - 11/WARN]: 	at org.github.paperspigot.ServerSchedulerReportingWrapper.run(ServerSchedulerReportingWrapper.java:23)
[00:03:38] [Craft Scheduler Thread - 11/WARN]: 	at java.util.concurrent.ThreadPoolExecutor.runWorker(ThreadPoolExecutor.java:1149)
[00:03:38] [Craft Scheduler Thread - 11/WARN]: 	at java.util.concurrent.ThreadPoolExecutor$Worker.run(ThreadPoolExecutor.java:624)
[00:03:38] [Craft Scheduler Thread - 11/WARN]: 	at java.lang.Thread.run(Thread.java:748)
[00:03:39] [Craft Scheduler Thread - 10/WARN]: java.lang.NullPointerException
[00:03:39] [Craft Scheduler Thread - 10/WARN]: 	at us.zonix.practice.board.adapter.PracticeBoard.getLobbyBoard(PracticeBoard.java:133)
[00:03:39] [Craft Scheduler Thread - 10/WARN]: 	at us.zonix.practice.board.adapter.PracticeBoard.getScoreboard(PracticeBoard.java:74)
[00:03:39] [Craft Scheduler Thread - 10/WARN]: 	at us.zonix.practice.board.BoardManager.run(BoardManager.java:42)
[00:03:39] [Craft Scheduler Thread - 10/WARN]: 	at org.bukkit.craftbukkit.v1_8_R3.scheduler.CraftTask.run(CraftTask.java:64)
[00:03:39] [Craft Scheduler Thread - 10/WARN]: 	at org.bukkit.craftbukkit.v1_8_R3.scheduler.CraftAsyncTask.run(CraftAsyncTask.java:53)
[00:03:39] [Craft Scheduler Thread - 10/WARN]: 	at org.github.paperspigot.ServerSchedulerReportingWrapper.run(ServerSchedulerReportingWrapper.java:23)
[00:03:39] [Craft Scheduler Thread - 10/WARN]: 	at java.util.concurrent.ThreadPoolExecutor.runWorker(ThreadPoolExecutor.java:1149)
[00:03:39] [Craft Scheduler Thread - 10/WARN]: 	at java.util.concurrent.ThreadPoolExecutor$Worker.run(ThreadPoolExecutor.java:624)
[00:03:39] [Craft Scheduler Thread - 10/WARN]: 	at java.lang.Thread.run(Thread.java:748)
[00:03:39] [Craft Scheduler Thread - 10/WARN]: java.lang.NullPointerException
[00:03:39] [Craft Scheduler Thread - 10/WARN]: 	at us.zonix.practice.board.adapter.PracticeBoard.getLobbyBoard(PracticeBoard.java:133)
[00:03:39] [Craft Scheduler Thread - 10/WARN]: 	at us.zonix.practice.board.adapter.PracticeBoard.getScoreboard(PracticeBoard.java:74)
[00:03:39] [Craft Scheduler Thread - 10/WARN]: 	at us.zonix.practice.board.BoardManager.run(BoardManager.java:42)
[00:03:39] [Craft Scheduler Thread - 10/WARN]: 	at org.bukkit.craftbukkit.v1_8_R3.scheduler.CraftTask.run(CraftTask.java:64)
[00:03:39] [Craft Scheduler Thread - 10/WARN]: 	at org.bukkit.craftbukkit.v1_8_R3.scheduler.CraftAsyncTask.run(CraftAsyncTask.java:53)
[00:03:39] [Craft Scheduler Thread - 10/WARN]: 	at org.github.paperspigot.ServerSchedulerReportingWrapper.run(ServerSchedulerReportingWrapper.java:23)
[00:03:39] [Craft Scheduler Thread - 10/WARN]: 	at java.util.concurrent.ThreadPoolExecutor.runWorker(ThreadPoolExecutor.java:1149)
[00:03:39] [Craft Scheduler Thread - 10/WARN]: 	at java.util.concurrent.ThreadPoolExecutor$Worker.run(ThreadPoolExecutor.java:624)
[00:03:39] [Craft Scheduler Thread - 10/WARN]: 	at java.lang.Thread.run(Thread.java:748)
[00:03:39] [Craft Scheduler Thread - 8/WARN]: java.lang.NullPointerException
[00:03:39] [Craft Scheduler Thread - 8/WARN]: 	at us.zonix.practice.board.adapter.PracticeBoard.getLobbyBoard(PracticeBoard.java:133)
[00:03:39] [Craft Scheduler Thread - 8/WARN]: 	at us.zonix.practice.board.adapter.PracticeBoard.getScoreboard(PracticeBoard.java:74)
[00:03:39] [Craft Scheduler Thread - 8/WARN]: 	at us.zonix.practice.board.BoardManager.run(BoardManager.java:42)
[00:03:39] [Craft Scheduler Thread - 8/WARN]: 	at org.bukkit.craftbukkit.v1_8_R3.scheduler.CraftTask.run(CraftTask.java:64)
[00:03:39] [Craft Scheduler Thread - 8/WARN]: 	at org.bukkit.craftbukkit.v1_8_R3.scheduler.CraftAsyncTask.run(CraftAsyncTask.java:53)
[00:03:39] [Craft Scheduler Thread - 8/WARN]: 	at org.github.paperspigot.ServerSchedulerReportingWrapper.run(ServerSchedulerReportingWrapper.java:23)
[00:03:39] [Craft Scheduler Thread - 8/WARN]: 	at java.util.concurrent.ThreadPoolExecutor.runWorker(ThreadPoolExecutor.java:1149)
[00:03:39] [Craft Scheduler Thread - 8/WARN]: 	at java.util.concurrent.ThreadPoolExecutor$Worker.run(ThreadPoolExecutor.java:624)
[00:03:39] [Craft Scheduler Thread - 8/WARN]: 	at java.lang.Thread.run(Thread.java:748)
[00:03:39] [Craft Scheduler Thread - 8/WARN]: java.lang.NullPointerException
[00:03:39] [Craft Scheduler Thread - 8/WARN]: 	at us.zonix.practice.board.adapter.PracticeBoard.getLobbyBoard(PracticeBoard.java:133)
[00:03:39] [Craft Scheduler Thread - 8/WARN]: 	at us.zonix.practice.board.adapter.PracticeBoard.getScoreboard(PracticeBoard.java:74)
[00:03:39] [Craft Scheduler Thread - 8/WARN]: 	at us.zonix.practice.board.BoardManager.run(BoardManager.java:42)
[00:03:39] [Craft Scheduler Thread - 8/WARN]: 	at org.bukkit.craftbukkit.v1_8_R3.scheduler.CraftTask.run(CraftTask.java:64)
[00:03:39] [Craft Scheduler Thread - 8/WARN]: 	at org.bukkit.craftbukkit.v1_8_R3.scheduler.CraftAsyncTask.run(CraftAsyncTask.java:53)
[00:03:39] [Craft Scheduler Thread - 8/WARN]: 	at org.github.paperspigot.ServerSchedulerReportingWrapper.run(ServerSchedulerReportingWrapper.java:23)
[00:03:39] [Craft Scheduler Thread - 8/WARN]: 	at java.util.concurrent.ThreadPoolExecutor.runWorker(ThreadPoolExecutor.java:1149)
[00:03:39] [Craft Scheduler Thread - 8/WARN]: 	at java.util.concurrent.ThreadPoolExecutor$Worker.run(ThreadPoolExecutor.java:624)
[00:03:39] [Craft Scheduler Thread - 8/WARN]: 	at java.lang.Thread.run(Thread.java:748)
[00:03:39] [Craft Scheduler Thread - 9/WARN]: java.lang.NullPointerException
[00:03:39] [Craft Scheduler Thread - 9/WARN]: 	at us.zonix.practice.board.adapter.PracticeBoard.getLobbyBoard(PracticeBoard.java:133)
[00:03:39] [Craft Scheduler Thread - 9/WARN]: 	at us.zonix.practice.board.adapter.PracticeBoard.getScoreboard(PracticeBoard.java:74)
[00:03:39] [Craft Scheduler Thread - 9/WARN]: 	at us.zonix.practice.board.BoardManager.run(BoardManager.java:42)
[00:03:39] [Craft Scheduler Thread - 9/WARN]: 	at org.bukkit.craftbukkit.v1_8_R3.scheduler.CraftTask.run(CraftTask.java:64)
[00:03:39] [Craft Scheduler Thread - 9/WARN]: 	at org.bukkit.craftbukkit.v1_8_R3.scheduler.CraftAsyncTask.run(CraftAsyncTask.java:53)
[00:03:39] [Craft Scheduler Thread - 9/WARN]: 	at org.github.paperspigot.ServerSchedulerReportingWrapper.run(ServerSchedulerReportingWrapper.java:23)
[00:03:39] [Craft Scheduler Thread - 9/WARN]: 	at java.util.concurrent.ThreadPoolExecutor.runWorker(ThreadPoolExecutor.java:1149)
[00:03:39] [Craft Scheduler Thread - 9/WARN]: 	at java.util.concurrent.ThreadPoolExecutor$Worker.run(ThreadPoolExecutor.java:624)
[00:03:39] [Craft Scheduler Thread - 9/WARN]: 	at java.lang.Thread.run(Thread.java:748)
[00:03:39] [Craft Scheduler Thread - 9/WARN]: java.lang.NullPointerException
[00:03:39] [Craft Scheduler Thread - 9/WARN]: 	at us.zonix.practice.board.adapter.PracticeBoard.getLobbyBoard(PracticeBoard.java:133)
[00:03:39] [Craft Scheduler Thread - 9/WARN]: 	at us.zonix.practice.board.adapter.PracticeBoard.getScoreboard(PracticeBoard.java:74)
[00:03:39] [Craft Scheduler Thread - 9/WARN]: 	at us.zonix.practice.board.BoardManager.run(BoardManager.java:42)
[00:03:39] [Craft Scheduler Thread - 9/WARN]: 	at org.bukkit.craftbukkit.v1_8_R3.scheduler.CraftTask.run(CraftTask.java:64)
[00:03:39] [Craft Scheduler Thread - 9/WARN]: 	at org.bukkit.craftbukkit.v1_8_R3.scheduler.CraftAsyncTask.run(CraftAsyncTask.java:53)
[00:03:39] [Craft Scheduler Thread - 9/WARN]: 	at org.github.paperspigot.ServerSchedulerReportingWrapper.run(ServerSchedulerReportingWrapper.java:23)
[00:03:39] [Craft Scheduler Thread - 9/WARN]: 	at java.util.concurrent.ThreadPoolExecutor.runWorker(ThreadPoolExecutor.java:1149)
[00:03:39] [Craft Scheduler Thread - 9/WARN]: 	at java.util.concurrent.ThreadPoolExecutor$Worker.run(ThreadPoolExecutor.java:624)
[00:03:39] [Craft Scheduler Thread - 9/WARN]: 	at java.lang.Thread.run(Thread.java:748)
[00:03:39] [Server thread/INFO]: Weird_Kid247 lost connection: Disconnected
[00:03:39] [Server thread/ERROR]: Could not pass event PlayerQuitEvent to Practice v1.0
org.bukkit.event.EventException
	at org.bukkit.plugin.java.JavaPluginLoader$1.execute(JavaPluginLoader.java:302) ~[server.jar:git-edaterSpigot-7e8d4bd]
	at co.aikar.timings.TimedEventExecutor.execute(TimedEventExecutor.java:74) ~[server.jar:git-edaterSpigot-7e8d4bd]
	at org.bukkit.plugin.RegisteredListener.callEvent(RegisteredListener.java:65) ~[server.jar:git-edaterSpigot-7e8d4bd]
	at org.bukkit.plugin.SimplePluginManager.callEventHandler(SimplePluginManager.java:569) [server.jar:git-edaterSpigot-7e8d4bd]
	at org.bukkit.plugin.SimplePluginManager.dispatchEvent(SimplePluginManager.java:534) [server.jar:git-edaterSpigot-7e8d4bd]
	at org.bukkit.plugin.SimplePluginManager.access$0(SimplePluginManager.java:531) [server.jar:git-edaterSpigot-7e8d4bd]
	at org.bukkit.plugin.SimplePluginManager$2.callEvent(SimplePluginManager.java:536) [server.jar:git-edaterSpigot-7e8d4bd]
	at org.bukkit.plugin.SimplePluginManager.callEventBody(SimplePluginManager.java:586) [server.jar:git-edaterSpigot-7e8d4bd]
	at org.bukkit.plugin.SimplePluginManager.callEventHandler(SimplePluginManager.java:579) [server.jar:git-edaterSpigot-7e8d4bd]
	at org.bukkit.plugin.SimplePluginManager.dispatchEvent(SimplePluginManager.java:534) [server.jar:git-edaterSpigot-7e8d4bd]
	at org.bukkit.plugin.SimplePluginManager.access$0(SimplePluginManager.java:531) [server.jar:git-edaterSpigot-7e8d4bd]
	at org.bukkit.plugin.SimplePluginManager$2.callEvent(SimplePluginManager.java:536) [server.jar:git-edaterSpigot-7e8d4bd]
	at org.bukkit.plugin.SimplePluginManager.callEventBody(SimplePluginManager.java:586) [server.jar:git-edaterSpigot-7e8d4bd]
	at org.bukkit.plugin.SimplePluginManager.callEventHandler(SimplePluginManager.java:579) [server.jar:git-edaterSpigot-7e8d4bd]
	at org.bukkit.plugin.SimplePluginManager.dispatchEvent(SimplePluginManager.java:534) [server.jar:git-edaterSpigot-7e8d4bd]
	at org.bukkit.plugin.SimplePluginManager.access$0(SimplePluginManager.java:531) [server.jar:git-edaterSpigot-7e8d4bd]
	at org.bukkit.plugin.SimplePluginManager$2.callEvent(SimplePluginManager.java:536) [server.jar:git-edaterSpigot-7e8d4bd]
	at org.bukkit.plugin.SimplePluginManager.callEventBody(SimplePluginManager.java:586) [server.jar:git-edaterSpigot-7e8d4bd]
	at org.bukkit.plugin.SimplePluginManager.callEventHandler(SimplePluginManager.java:579) [server.jar:git-edaterSpigot-7e8d4bd]
	at org.bukkit.plugin.SimplePluginManager.dispatchEvent(SimplePluginManager.java:534) [server.jar:git-edaterSpigot-7e8d4bd]
	at org.bukkit.plugin.SimplePluginManager.access$0(SimplePluginManager.java:531) [server.jar:git-edaterSpigot-7e8d4bd]
	at org.bukkit.plugin.SimplePluginManager$2.callEvent(SimplePluginManager.java:536) [server.jar:git-edaterSpigot-7e8d4bd]
	at org.bukkit.plugin.SimplePluginManager.callEventBody(SimplePluginManager.java:586) [server.jar:git-edaterSpigot-7e8d4bd]
	at org.bukkit.plugin.SimplePluginManager.callEventHandler(SimplePluginManager.java:579) [server.jar:git-edaterSpigot-7e8d4bd]
	at org.bukkit.plugin.SimplePluginManager.dispatchEvent(SimplePluginManager.java:534) [server.jar:git-edaterSpigot-7e8d4bd]
	at org.bukkit.plugin.SimplePluginManager.access$0(SimplePluginManager.java:531) [server.jar:git-edaterSpigot-7e8d4bd]
	at org.bukkit.plugin.SimplePluginManager$2.callEvent(SimplePluginManager.java:536) [server.jar:git-edaterSpigot-7e8d4bd]
	at org.bukkit.plugin.SimplePluginManager.callEventBody(SimplePluginManager.java:586) [server.jar:git-edaterSpigot-7e8d4bd]
	at org.bukkit.plugin.SimplePluginManager.callEventHandler(SimplePluginManager.java:579) [server.jar:git-edaterSpigot-7e8d4bd]
	at org.bukkit.plugin.SimplePluginManager.dispatchEvent(SimplePluginManager.java:534) [server.jar:git-edaterSpigot-7e8d4bd]
	at org.bukkit.plugin.SimplePluginManager.access$0(SimplePluginManager.java:531) [server.jar:git-edaterSpigot-7e8d4bd]
	at org.bukkit.plugin.SimplePluginManager$2.callEvent(SimplePluginManager.java:536) [server.jar:git-edaterSpigot-7e8d4bd]
	at org.bukkit.plugin.SimplePluginManager.callEventBody(SimplePluginManager.java:586) [server.jar:git-edaterSpigot-7e8d4bd]
	at org.bukkit.plugin.SimplePluginManager.callEventHandler(SimplePluginManager.java:579) [server.jar:git-edaterSpigot-7e8d4bd]
	at org.bukkit.plugin.SimplePluginManager.dispatchEvent(SimplePluginManager.java:534) [server.jar:git-edaterSpigot-7e8d4bd]
	at org.bukkit.plugin.SimplePluginManager.callEventSynchronously(SimplePluginManager.java:527) [server.jar:git-edaterSpigot-7e8d4bd]
	at org.bukkit.plugin.SimplePluginManager.callEvent(SimplePluginManager.java:521) [server.jar:git-edaterSpigot-7e8d4bd]
	at org.bukkit.plugin.SimplePluginManager.callEvent(SimplePluginManager.java:496) [server.jar:git-edaterSpigot-7e8d4bd]
	at net.minecraft.server.v1_8_R3.PlayerList.disconnect(PlayerList.java:368) [server.jar:git-edaterSpigot-7e8d4bd]
	at net.minecraft.server.v1_8_R3.PlayerConnection.a(PlayerConnection.java:950) [server.jar:git-edaterSpigot-7e8d4bd]
	at net.minecraft.server.v1_8_R3.NetworkManager.l(NetworkManager.java:367) [server.jar:git-edaterSpigot-7e8d4bd]
	at net.minecraft.server.v1_8_R3.ServerConnection.c(ServerConnection.java:146) [server.jar:git-edaterSpigot-7e8d4bd]
	at net.minecraft.server.v1_8_R3.MinecraftServer.B(MinecraftServer.java:892) [server.jar:git-edaterSpigot-7e8d4bd]
	at net.minecraft.server.v1_8_R3.DedicatedServer.B(DedicatedServer.java:366) [server.jar:git-edaterSpigot-7e8d4bd]
	at net.minecraft.server.v1_8_R3.MinecraftServer.A(MinecraftServer.java:729) [server.jar:git-edaterSpigot-7e8d4bd]
	at net.minecraft.server.v1_8_R3.MinecraftServer.run(MinecraftServer.java:629) [server.jar:git-edaterSpigot-7e8d4bd]
	at java.lang.Thread.run(Thread.java:748) [?:1.8.0_282]
Caused by: java.lang.NullPointerException
	at us.zonix.practice.managers.QueueManager.removePlayerFromQueue(QueueManager.java:285) ~[?:?]
	at us.zonix.practice.listeners.PlayerListener.onPlayerQuit(PlayerListener.java:183) ~[?:?]
	at sun.reflect.NativeMethodAccessorImpl.invoke0(Native Method) ~[?:1.8.0_282]
	at sun.reflect.NativeMethodAccessorImpl.invoke(NativeMethodAccessorImpl.java:62) ~[?:1.8.0_282]
	at sun.reflect.DelegatingMethodAccessorImpl.invoke(DelegatingMethodAccessorImpl.java:43) ~[?:1.8.0_282]
	at java.lang.reflect.Method.invoke(Method.java:498) ~[?:1.8.0_282]
	at org.bukkit.plugin.java.JavaPluginLoader$1.execute(JavaPluginLoader.java:300) ~[server.jar:git-edaterSpigot-7e8d4bd]
	... 46 more
[00:03:39] [Craft Scheduler Thread - 10/WARN]: java.lang.NullPointerException
[00:03:39] [Craft Scheduler Thread - 10/WARN]: 	at us.zonix.practice.board.adapter.PracticeBoard.getLobbyBoard(PracticeBoard.java:133)
[00:03:39] [Craft Scheduler Thread - 10/WARN]: 	at us.zonix.practice.board.adapter.PracticeBoard.getScoreboard(PracticeBoard.java:74)
[00:03:39] [Craft Scheduler Thread - 10/WARN]: 	at us.zonix.practice.board.BoardManager.run(BoardManager.java:42)
[00:03:39] [Craft Scheduler Thread - 10/WARN]: 	at org.bukkit.craftbukkit.v1_8_R3.scheduler.CraftTask.run(CraftTask.java:64)
[00:03:39] [Craft Scheduler Thread - 10/WARN]: 	at org.bukkit.craftbukkit.v1_8_R3.scheduler.CraftAsyncTask.run(CraftAsyncTask.java:53)
[00:03:39] [Craft Scheduler Thread - 10/WARN]: 	at org.github.paperspigot.ServerSchedulerReportingWrapper.run(ServerSchedulerReportingWrapper.java:23)
[00:03:39] [Craft Scheduler Thread - 10/WARN]: 	at java.util.concurrent.ThreadPoolExecutor.runWorker(ThreadPoolExecutor.java:1149)
[00:03:39] [Craft Scheduler Thread - 10/WARN]: 	at java.util.concurrent.ThreadPoolExecutor$Worker.run(ThreadPoolExecutor.java:624)
[00:03:39] [Craft Scheduler Thread - 10/WARN]: 	at java.lang.Thread.run(Thread.java:748)
[00:03:39] [Craft Scheduler Thread - 9/WARN]: java.lang.NullPointerException
[00:03:39] [Craft Scheduler Thread - 9/WARN]: 	at us.zonix.practice.board.adapter.PracticeBoard.getLobbyBoard(PracticeBoard.java:133)
[00:03:39] [Craft Scheduler Thread - 9/WARN]: 	at us.zonix.practice.board.adapter.PracticeBoard.getScoreboard(PracticeBoard.java:74)
[00:03:39] [Craft Scheduler Thread - 9/WARN]: 	at us.zonix.practice.board.BoardManager.run(BoardManager.java:42)
[00:03:39] [Craft Scheduler Thread - 9/WARN]: 	at org.bukkit.craftbukkit.v1_8_R3.scheduler.CraftTask.run(CraftTask.java:64)
[00:03:39] [Craft Scheduler Thread - 9/WARN]: 	at org.bukkit.craftbukkit.v1_8_R3.scheduler.CraftAsyncTask.run(CraftAsyncTask.java:53)
[00:03:39] [Craft Scheduler Thread - 9/WARN]: 	at org.github.paperspigot.ServerSchedulerReportingWrapper.run(ServerSchedulerReportingWrapper.java:23)
[00:03:39] [Craft Scheduler Thread - 9/WARN]: 	at java.util.concurrent.ThreadPoolExecutor.runWorker(ThreadPoolExecutor.java:1149)
[00:03:39] [Craft Scheduler Thread - 9/WARN]: 	at java.util.concurrent.ThreadPoolExecutor$Worker.run(ThreadPoolExecutor.java:624)
[00:03:39] [Craft Scheduler Thread - 9/WARN]: 	at java.lang.Thread.run(Thread.java:748)
[00:03:39] [Craft Scheduler Thread - 8/WARN]: java.lang.NullPointerException
[00:03:39] [Craft Scheduler Thread - 8/WARN]: 	at us.zonix.practice.board.adapter.PracticeBoard.getLobbyBoard(PracticeBoard.java:133)
[00:03:39] [Craft Scheduler Thread - 8/WARN]: 	at us.zonix.practice.board.adapter.PracticeBoard.getScoreboard(PracticeBoard.java:74)
[00:03:39] [Craft Scheduler Thread - 8/WARN]: 	at us.zonix.practice.board.BoardManager.run(BoardManager.java:42)
[00:03:39] [Craft Scheduler Thread - 8/WARN]: 	at org.bukkit.craftbukkit.v1_8_R3.scheduler.CraftTask.run(CraftTask.java:64)
[00:03:39] [Craft Scheduler Thread - 8/WARN]: 	at org.bukkit.craftbukkit.v1_8_R3.scheduler.CraftAsyncTask.run(CraftAsyncTask.java:53)
[00:03:39] [Craft Scheduler Thread - 8/WARN]: 	at org.github.paperspigot.ServerSchedulerReportingWrapper.run(ServerSchedulerReportingWrapper.java:23)
[00:03:39] [Craft Scheduler Thread - 8/WARN]: 	at java.util.concurrent.ThreadPoolExecutor.runWorker(ThreadPoolExecutor.java:1149)
[00:03:39] [Craft Scheduler Thread - 8/WARN]: 	at java.util.concurrent.ThreadPoolExecutor$Worker.run(ThreadPoolExecutor.java:624)
[00:03:39] [Craft Scheduler Thread - 8/WARN]: 	at java.lang.Thread.run(Thread.java:748)
[00:03:39] [Craft Scheduler Thread - 8/WARN]: java.lang.NullPointerException
[00:03:39] [Craft Scheduler Thread - 8/WARN]: 	at us.zonix.practice.board.adapter.PracticeBoard.getLobbyBoard(PracticeBoard.java:133)
[00:03:39] [Craft Scheduler Thread - 8/WARN]: 	at us.zonix.practice.board.adapter.PracticeBoard.getScoreboard(PracticeBoard.java:74)
[00:03:39] [Craft Scheduler Thread - 8/WARN]: 	at us.zonix.practice.board.BoardManager.run(BoardManager.java:42)
[00:03:39] [Craft Scheduler Thread - 8/WARN]: 	at org.bukkit.craftbukkit.v1_8_R3.scheduler.CraftTask.run(CraftTask.java:64)
[00:03:39] [Craft Scheduler Thread - 8/WARN]: 	at org.bukkit.craftbukkit.v1_8_R3.scheduler.CraftAsyncTask.run(CraftAsyncTask.java:53)
[00:03:39] [Craft Scheduler Thread - 8/WARN]: 	at org.github.paperspigot.ServerSchedulerReportingWrapper.run(ServerSchedulerReportingWrapper.java:23)
[00:03:39] [Craft Scheduler Thread - 8/WARN]: 	at java.util.concurrent.ThreadPoolExecutor.runWorker(ThreadPoolExecutor.java:1149)
[00:03:39] [Craft Scheduler Thread - 8/WARN]: 	at java.util.concurrent.ThreadPoolExecutor$Worker.run(ThreadPoolExecutor.java:624)
[00:03:39] [Craft Scheduler Thread - 8/WARN]: 	at java.lang.Thread.run(Thread.java:748)
[00:03:39] [Craft Scheduler Thread - 9/WARN]: java.lang.NullPointerException
[00:03:39] [Craft Scheduler Thread - 9/WARN]: 	at us.zonix.practice.board.adapter.PracticeBoard.getLobbyBoard(PracticeBoard.java:133)
[00:03:39] [Craft Scheduler Thread - 9/WARN]: 	at us.zonix.practice.board.adapter.PracticeBoard.getScoreboard(PracticeBoard.java:74)
[00:03:39] [Craft Scheduler Thread - 9/WARN]: 	at us.zonix.practice.board.BoardManager.run(BoardManager.java:42)
[00:03:39] [Craft Scheduler Thread - 9/WARN]: 	at org.bukkit.craftbukkit.v1_8_R3.scheduler.CraftTask.run(CraftTask.java:64)
[00:03:39] [Craft Scheduler Thread - 9/WARN]: 	at org.bukkit.craftbukkit.v1_8_R3.scheduler.CraftAsyncTask.run(CraftAsyncTask.java:53)
[00:03:39] [Craft Scheduler Thread - 9/WARN]: 	at org.github.paperspigot.ServerSchedulerReportingWrapper.run(ServerSchedulerReportingWrapper.java:23)
[00:03:39] [Craft Scheduler Thread - 9/WARN]: 	at java.util.concurrent.ThreadPoolExecutor.runWorker(ThreadPoolExecutor.java:1149)
[00:03:39] [Craft Scheduler Thread - 9/WARN]: 	at java.util.concurrent.ThreadPoolExecutor$Worker.run(ThreadPoolExecutor.java:624)
[00:03:39] [Craft Scheduler Thread - 9/WARN]: 	at java.lang.Thread.run(Thread.java:748)
[00:03:39] [Craft Scheduler Thread - 9/WARN]: java.lang.NullPointerException
[00:03:39] [Craft Scheduler Thread - 9/WARN]: 	at us.zonix.practice.board.adapter.PracticeBoard.getLobbyBoard(PracticeBoard.java:133)
[00:03:39] [Craft Scheduler Thread - 9/WARN]: 	at us.zonix.practice.board.adapter.PracticeBoard.getScoreboard(PracticeBoard.java:74)
[00:03:39] [Craft Scheduler Thread - 9/WARN]: 	at us.zonix.practice.board.BoardManager.run(BoardManager.java:42)
[00:03:39] [Craft Scheduler Thread - 9/WARN]: 	at org.bukkit.craftbukkit.v1_8_R3.scheduler.CraftTask.run(CraftTask.java:64)
[00:03:39] [Craft Scheduler Thread - 9/WARN]: 	at org.bukkit.craftbukkit.v1_8_R3.scheduler.CraftAsyncTask.run(CraftAsyncTask.java:53)
[00:03:39] [Craft Scheduler Thread - 9/WARN]: 	at org.github.paperspigot.ServerSchedulerReportingWrapper.run(ServerSchedulerReportingWrapper.java:23)
[00:03:39] [Craft Scheduler Thread - 9/WARN]: 	at java.util.concurrent.ThreadPoolExecutor.runWorker(ThreadPoolExecutor.java:1149)
[00:03:39] [Craft Scheduler Thread - 9/WARN]: 	at java.util.concurrent.ThreadPoolExecutor$Worker.run(ThreadPoolExecutor.java:624)
[00:03:39] [Craft Scheduler Thread - 9/WARN]: 	at java.lang.Thread.run(Thread.java:748)
[00:03:39] [Craft Scheduler Thread - 9/WARN]: java.lang.NullPointerException
[00:03:39] [Craft Scheduler Thread - 9/WARN]: 	at us.zonix.practice.board.adapter.PracticeBoard.getLobbyBoard(PracticeBoard.java:133)
[00:03:39] [Craft Scheduler Thread - 9/WARN]: 	at us.zonix.practice.board.adapter.PracticeBoard.getScoreboard(PracticeBoard.java:74)
[00:03:39] [Craft Scheduler Thread - 9/WARN]: 	at us.zonix.practice.board.BoardManager.run(BoardManager.java:42)
[00:03:39] [Craft Scheduler Thread - 9/WARN]: 	at org.bukkit.craftbukkit.v1_8_R3.scheduler.CraftTask.run(CraftTask.java:64)
[00:03:39] [Craft Scheduler Thread - 9/WARN]: 	at org.bukkit.craftbukkit.v1_8_R3.scheduler.CraftAsyncTask.run(CraftAsyncTask.java:53)
[00:03:39] [Craft Scheduler Thread - 9/WARN]: 	at org.github.paperspigot.ServerSchedulerReportingWrapper.run(ServerSchedulerReportingWrapper.java:23)
[00:03:39] [Craft Scheduler Thread - 9/WARN]: 	at java.util.concurrent.ThreadPoolExecutor.runWorker(ThreadPoolExecutor.java:1149)
[00:03:39] [Craft Scheduler Thread - 9/WARN]: 	at java.util.concurrent.ThreadPoolExecutor$Worker.run(ThreadPoolExecutor.java:624)
[00:03:39] [Craft Scheduler Thread - 9/WARN]: 	at java.lang.Thread.run(Thread.java:748)
[00:03:39] [Craft Scheduler Thread - 9/WARN]: java.lang.NullPointerException
[00:03:39] [Craft Scheduler Thread - 9/WARN]: 	at us.zonix.practice.board.adapter.PracticeBoard.getLobbyBoard(PracticeBoard.java:133)
[00:03:39] [Craft Scheduler Thread - 9/WARN]: 	at us.zonix.practice.board.adapter.PracticeBoard.getScoreboard(PracticeBoard.java:74)
[00:03:39] [Craft Scheduler Thread - 9/WARN]: 	at us.zonix.practice.board.BoardManager.run(BoardManager.java:42)
[00:03:39] [Craft Scheduler Thread - 9/WARN]: 	at org.bukkit.craftbukkit.v1_8_R3.scheduler.CraftTask.run(CraftTask.java:64)
[00:03:39] [Craft Scheduler Thread - 9/WARN]: 	at org.bukkit.craftbukkit.v1_8_R3.scheduler.CraftAsyncTask.run(CraftAsyncTask.java:53)
[00:03:39] [Craft Scheduler Thread - 9/WARN]: 	at org.github.paperspigot.ServerSchedulerReportingWrapper.run(ServerSchedulerReportingWrapper.java:23)
[00:03:39] [Craft Scheduler Thread - 9/WARN]: 	at java.util.concurrent.ThreadPoolExecutor.runWorker(ThreadPoolExecutor.java:1149)
[00:03:39] [Craft Scheduler Thread - 9/WARN]: 	at java.util.concurrent.ThreadPoolExecutor$Worker.run(ThreadPoolExecutor.java:624)
[00:03:39] [Craft Scheduler Thread - 9/WARN]: 	at java.lang.Thread.run(Thread.java:748)
[00:03:39] [Craft Scheduler Thread - 10/WARN]: java.lang.NullPointerException
[00:03:39] [Craft Scheduler Thread - 10/WARN]: 	at us.zonix.practice.board.adapter.PracticeBoard.getLobbyBoard(PracticeBoard.java:133)
[00:03:39] [Craft Scheduler Thread - 10/WARN]: 	at us.zonix.practice.board.adapter.PracticeBoard.getScoreboard(PracticeBoard.java:74)
[00:03:39] [Craft Scheduler Thread - 10/WARN]: 	at us.zonix.practice.board.BoardManager.run(BoardManager.java:42)
[00:03:39] [Craft Scheduler Thread - 10/WARN]: 	at org.bukkit.craftbukkit.v1_8_R3.scheduler.CraftTask.run(CraftTask.java:64)
[00:03:39] [Craft Scheduler Thread - 10/WARN]: 	at org.bukkit.craftbukkit.v1_8_R3.scheduler.CraftAsyncTask.run(CraftAsyncTask.java:53)
[00:03:39] [Craft Scheduler Thread - 10/WARN]: 	at org.github.paperspigot.ServerSchedulerReportingWrapper.run(ServerSchedulerReportingWrapper.java:23)
[00:03:39] [Craft Scheduler Thread - 10/WARN]: 	at java.util.concurrent.ThreadPoolExecutor.runWorker(ThreadPoolExecutor.java:1149)
[00:03:39] [Craft Scheduler Thread - 10/WARN]: 	at java.util.concurrent.ThreadPoolExecutor$Worker.run(ThreadPoolExecutor.java:624)
[00:03:39] [Craft Scheduler Thread - 10/WARN]: 	at java.lang.Thread.run(Thread.java:748)
[00:03:39] [Craft Scheduler Thread - 10/WARN]: java.lang.NullPointerException
[00:03:39] [Craft Scheduler Thread - 10/WARN]: 	at us.zonix.practice.board.adapter.PracticeBoard.getLobbyBoard(PracticeBoard.java:133)
[00:03:39] [Craft Scheduler Thread - 10/WARN]: 	at us.zonix.practice.board.adapter.PracticeBoard.getScoreboard(PracticeBoard.java:74)
[00:03:39] [Craft Scheduler Thread - 10/WARN]: 	at us.zonix.practice.board.BoardManager.run(BoardManager.java:42)
[00:03:39] [Craft Scheduler Thread - 10/WARN]: 	at org.bukkit.craftbukkit.v1_8_R3.scheduler.CraftTask.run(CraftTask.java:64)
[00:03:39] [Craft Scheduler Thread - 10/WARN]: 	at org.bukkit.craftbukkit.v1_8_R3.scheduler.CraftAsyncTask.run(CraftAsyncTask.java:53)
[00:03:39] [Craft Scheduler Thread - 10/WARN]: 	at org.github.paperspigot.ServerSchedulerReportingWrapper.run(ServerSchedulerReportingWrapper.java:23)
[00:03:39] [Craft Scheduler Thread - 10/WARN]: 	at java.util.concurrent.ThreadPoolExecutor.runWorker(ThreadPoolExecutor.java:1149)
[00:03:39] [Craft Scheduler Thread - 10/WARN]: 	at java.util.concurrent.ThreadPoolExecutor$Worker.run(ThreadPoolExecutor.java:624)
[00:03:39] [Craft Scheduler Thread - 10/WARN]: 	at java.lang.Thread.run(Thread.java:748)
[00:03:39] [Craft Scheduler Thread - 3/WARN]: java.lang.NullPointerException
[00:03:39] [Craft Scheduler Thread - 3/WARN]: 	at us.zonix.practice.board.adapter.PracticeBoard.getLobbyBoard(PracticeBoard.java:133)
[00:03:39] [Craft Scheduler Thread - 3/WARN]: 	at us.zonix.practice.board.adapter.PracticeBoard.getScoreboard(PracticeBoard.java:74)
[00:03:39] [Craft Scheduler Thread - 3/WARN]: 	at us.zonix.practice.board.BoardManager.run(BoardManager.java:42)
[00:03:39] [Craft Scheduler Thread - 3/WARN]: 	at org.bukkit.craftbukkit.v1_8_R3.scheduler.CraftTask.run(CraftTask.java:64)
[00:03:39] [Craft Scheduler Thread - 3/WARN]: 	at org.bukkit.craftbukkit.v1_8_R3.scheduler.CraftAsyncTask.run(CraftAsyncTask.java:53)
[00:03:39] [Craft Scheduler Thread - 3/WARN]: 	at org.github.paperspigot.ServerSchedulerReportingWrapper.run(ServerSchedulerReportingWrapper.java:23)
[00:03:39] [Craft Scheduler Thread - 3/WARN]: 	at java.util.concurrent.ThreadPoolExecutor.runWorker(ThreadPoolExecutor.java:1149)
[00:03:39] [Craft Scheduler Thread - 3/WARN]: 	at java.util.concurrent.ThreadPoolExecutor$Worker.run(ThreadPoolExecutor.java:624)
[00:03:39] [Craft Scheduler Thread - 3/WARN]: 	at java.lang.Thread.run(Thread.java:748)
[00:03:39] [Craft Scheduler Thread - 3/WARN]: java.lang.NullPointerException
[00:03:39] [Craft Scheduler Thread - 3/WARN]: 	at us.zonix.practice.board.adapter.PracticeBoard.getLobbyBoard(PracticeBoard.java:133)
[00:03:39] [Craft Scheduler Thread - 3/WARN]: 	at us.zonix.practice.board.adapter.PracticeBoard.getScoreboard(PracticeBoard.java:74)
[00:03:39] [Craft Scheduler Thread - 3/WARN]: 	at us.zonix.practice.board.BoardManager.run(BoardManager.java:42)
[00:03:39] [Craft Scheduler Thread - 3/WARN]: 	at org.bukkit.craftbukkit.v1_8_R3.scheduler.CraftTask.run(CraftTask.java:64)
[00:03:39] [Craft Scheduler Thread - 3/WARN]: 	at org.bukkit.craftbukkit.v1_8_R3.scheduler.CraftAsyncTask.run(CraftAsyncTask.java:53)
[00:03:39] [Craft Scheduler Thread - 3/WARN]: 	at org.github.paperspigot.ServerSchedulerReportingWrapper.run(ServerSchedulerReportingWrapper.java:23)
[00:03:39] [Craft Scheduler Thread - 3/WARN]: 	at java.util.concurrent.ThreadPoolExecutor.runWorker(ThreadPoolExecutor.java:1149)
[00:03:39] [Craft Scheduler Thread - 3/WARN]: 	at java.util.concurrent.ThreadPoolExecutor$Worker.run(ThreadPoolExecutor.java:624)
[00:03:39] [Craft Scheduler Thread - 3/WARN]: 	at java.lang.Thread.run(Thread.java:748)
[00:03:39] [Craft Scheduler Thread - 10/WARN]: java.lang.NullPointerException
[00:03:39] [Craft Scheduler Thread - 10/WARN]: 	at us.zonix.practice.board.adapter.PracticeBoard.getLobbyBoard(PracticeBoard.java:133)
[00:03:39] [Craft Scheduler Thread - 10/WARN]: 	at us.zonix.practice.board.adapter.PracticeBoard.getScoreboard(PracticeBoard.java:74)
[00:03:39] [Craft Scheduler Thread - 10/WARN]: 	at us.zonix.practice.board.BoardManager.run(BoardManager.java:42)
[00:03:39] [Craft Scheduler Thread - 10/WARN]: 	at org.bukkit.craftbukkit.v1_8_R3.scheduler.CraftTask.run(CraftTask.java:64)
[00:03:39] [Craft Scheduler Thread - 10/WARN]: 	at org.bukkit.craftbukkit.v1_8_R3.scheduler.CraftAsyncTask.run(CraftAsyncTask.java:53)
[00:03:39] [Craft Scheduler Thread - 10/WARN]: 	at org.github.paperspigot.ServerSchedulerReportingWrapper.run(ServerSchedulerReportingWrapper.java:23)
[00:03:39] [Craft Scheduler Thread - 10/WARN]: 	at java.util.concurrent.ThreadPoolExecutor.runWorker(ThreadPoolExecutor.java:1149)
[00:03:39] [Craft Scheduler Thread - 10/WARN]: 	at java.util.concurrent.ThreadPoolExecutor$Worker.run(ThreadPoolExecutor.java:624)
[00:03:39] [Craft Scheduler Thread - 10/WARN]: 	at java.lang.Thread.run(Thread.java:748)
[00:03:39] [Craft Scheduler Thread - 10/WARN]: java.lang.NullPointerException
[00:03:39] [Craft Scheduler Thread - 10/WARN]: 	at us.zonix.practice.board.adapter.PracticeBoard.getLobbyBoard(PracticeBoard.java:133)
[00:03:39] [Craft Scheduler Thread - 10/WARN]: 	at us.zonix.practice.board.adapter.PracticeBoard.getScoreboard(PracticeBoard.java:74)
[00:03:39] [Craft Scheduler Thread - 10/WARN]: 	at us.zonix.practice.board.BoardManager.run(BoardManager.java:42)
[00:03:39] [Craft Scheduler Thread - 10/WARN]: 	at org.bukkit.craftbukkit.v1_8_R3.scheduler.CraftTask.run(CraftTask.java:64)
[00:03:39] [Craft Scheduler Thread - 10/WARN]: 	at org.bukkit.craftbukkit.v1_8_R3.scheduler.CraftAsyncTask.run(CraftAsyncTask.java:53)
[00:03:39] [Craft Scheduler Thread - 10/WARN]: 	at org.github.paperspigot.ServerSchedulerReportingWrapper.run(ServerSchedulerReportingWrapper.java:23)
[00:03:39] [Craft Scheduler Thread - 10/WARN]: 	at java.util.concurrent.ThreadPoolExecutor.runWorker(ThreadPoolExecutor.java:1149)
[00:03:39] [Craft Scheduler Thread - 10/WARN]: 	at java.util.concurrent.ThreadPoolExecutor$Worker.run(ThreadPoolExecutor.java:624)
[00:03:39] [Craft Scheduler Thread - 10/WARN]: 	at java.lang.Thread.run(Thread.java:748)
[00:03:39] [Craft Scheduler Thread - 9/WARN]: java.lang.NullPointerException
[00:03:39] [Craft Scheduler Thread - 9/WARN]: 	at us.zonix.practice.board.adapter.PracticeBoard.getLobbyBoard(PracticeBoard.java:133)
[00:03:39] [Craft Scheduler Thread - 9/WARN]: 	at us.zonix.practice.board.adapter.PracticeBoard.getScoreboard(PracticeBoard.java:74)
[00:03:39] [Craft Scheduler Thread - 9/WARN]: 	at us.zonix.practice.board.BoardManager.run(BoardManager.java:42)
[00:03:39] [Craft Scheduler Thread - 9/WARN]: 	at org.bukkit.craftbukkit.v1_8_R3.scheduler.CraftTask.run(CraftTask.java:64)
[00:03:39] [Craft Scheduler Thread - 9/WARN]: 	at org.bukkit.craftbukkit.v1_8_R3.scheduler.CraftAsyncTask.run(CraftAsyncTask.java:53)
[00:03:39] [Craft Scheduler Thread - 9/WARN]: 	at org.github.paperspigot.ServerSchedulerReportingWrapper.run(ServerSchedulerReportingWrapper.java:23)
[00:03:39] [Craft Scheduler Thread - 9/WARN]: 	at java.util.concurrent.ThreadPoolExecutor.runWorker(ThreadPoolExecutor.java:1149)
[00:03:39] [Craft Scheduler Thread - 9/WARN]: 	at java.util.concurrent.ThreadPoolExecutor$Worker.run(ThreadPoolExecutor.java:624)
[00:03:39] [Craft Scheduler Thread - 9/WARN]: 	at java.lang.Thread.run(Thread.java:748)
[00:03:39] [Craft Scheduler Thread - 9/WARN]: java.lang.NullPointerException
[00:03:39] [Craft Scheduler Thread - 9/WARN]: 	at us.zonix.practice.board.adapter.PracticeBoard.getLobbyBoard(PracticeBoard.java:133)
[00:03:39] [Craft Scheduler Thread - 9/WARN]: 	at us.zonix.practice.board.adapter.PracticeBoard.getScoreboard(PracticeBoard.java:74)
[00:03:39] [Craft Scheduler Thread - 9/WARN]: 	at us.zonix.practice.board.BoardManager.run(BoardManager.java:42)
[00:03:39] [Craft Scheduler Thread - 9/WARN]: 	at org.bukkit.craftbukkit.v1_8_R3.scheduler.CraftTask.run(CraftTask.java:64)
[00:03:39] [Craft Scheduler Thread - 9/WARN]: 	at org.bukkit.craftbukkit.v1_8_R3.scheduler.CraftAsyncTask.run(CraftAsyncTask.java:53)
[00:03:39] [Craft Scheduler Thread - 9/WARN]: 	at org.github.paperspigot.ServerSchedulerReportingWrapper.run(ServerSchedulerReportingWrapper.java:23)
[00:03:39] [Craft Scheduler Thread - 9/WARN]: 	at java.util.concurrent.ThreadPoolExecutor.runWorker(ThreadPoolExecutor.java:1149)
[00:03:39] [Craft Scheduler Thread - 9/WARN]: 	at java.util.concurrent.ThreadPoolExecutor$Worker.run(ThreadPoolExecutor.java:624)
[00:03:39] [Craft Scheduler Thread - 9/WARN]: 	at java.lang.Thread.run(Thread.java:748)
[00:03:39] [Craft Scheduler Thread - 11/WARN]: java.lang.NullPointerException
[00:03:39] [Craft Scheduler Thread - 11/WARN]: 	at us.zonix.practice.board.adapter.PracticeBoard.getLobbyBoard(PracticeBoard.java:133)
[00:03:39] [Craft Scheduler Thread - 11/WARN]: 	at us.zonix.practice.board.adapter.PracticeBoard.getScoreboard(PracticeBoard.java:74)
[00:03:39] [Craft Scheduler Thread - 11/WARN]: 	at us.zonix.practice.board.BoardManager.run(BoardManager.java:42)
[00:03:39] [Craft Scheduler Thread - 11/WARN]: 	at org.bukkit.craftbukkit.v1_8_R3.scheduler.CraftTask.run(CraftTask.java:64)
[00:03:39] [Craft Scheduler Thread - 11/WARN]: 	at org.bukkit.craftbukkit.v1_8_R3.scheduler.CraftAsyncTask.run(CraftAsyncTask.java:53)
[00:03:39] [Craft Scheduler Thread - 11/WARN]: 	at org.github.paperspigot.ServerSchedulerReportingWrapper.run(ServerSchedulerReportingWrapper.java:23)
[00:03:39] [Craft Scheduler Thread - 11/WARN]: 	at java.util.concurrent.ThreadPoolExecutor.runWorker(ThreadPoolExecutor.java:1149)
[00:03:39] [Craft Scheduler Thread - 11/WARN]: 	at java.util.concurrent.ThreadPoolExecutor$Worker.run(ThreadPoolExecutor.java:624)
[00:03:39] [Craft Scheduler Thread - 11/WARN]: 	at java.lang.Thread.run(Thread.java:748)
[00:03:40] [Craft Scheduler Thread - 11/WARN]: java.lang.NullPointerException
[00:03:40] [Craft Scheduler Thread - 11/WARN]: 	at us.zonix.practice.board.adapter.PracticeBoard.getLobbyBoard(PracticeBoard.java:133)
[00:03:40] [Craft Scheduler Thread - 11/WARN]: 	at us.zonix.practice.board.adapter.PracticeBoard.getScoreboard(PracticeBoard.java:74)
[00:03:40] [Craft Scheduler Thread - 11/WARN]: 	at us.zonix.practice.board.BoardManager.run(BoardManager.java:42)
[00:03:40] [Craft Scheduler Thread - 11/WARN]: 	at org.bukkit.craftbukkit.v1_8_R3.scheduler.CraftTask.run(CraftTask.java:64)
[00:03:40] [Craft Scheduler Thread - 11/WARN]: 	at org.bukkit.craftbukkit.v1_8_R3.scheduler.CraftAsyncTask.run(CraftAsyncTask.java:53)
[00:03:40] [Craft Scheduler Thread - 11/WARN]: 	at org.github.paperspigot.ServerSchedulerReportingWrapper.run(ServerSchedulerReportingWrapper.java:23)
[00:03:40] [Craft Scheduler Thread - 11/WARN]: 	at java.util.concurrent.ThreadPoolExecutor.runWorker(ThreadPoolExecutor.java:1149)
[00:03:40] [Craft Scheduler Thread - 11/WARN]: 	at java.util.concurrent.ThreadPoolExecutor$Worker.run(ThreadPoolExecutor.java:624)
[00:03:40] [Craft Scheduler Thread - 11/WARN]: 	at java.lang.Thread.run(Thread.java:748)
[00:03:40] [Craft Scheduler Thread - 3/WARN]: java.lang.NullPointerException
[00:03:40] [Craft Scheduler Thread - 3/WARN]: 	at us.zonix.practice.board.adapter.PracticeBoard.getLobbyBoard(PracticeBoard.java:133)
[00:03:40] [Craft Scheduler Thread - 3/WARN]: 	at us.zonix.practice.board.adapter.PracticeBoard.getScoreboard(PracticeBoard.java:74)
[00:03:40] [Craft Scheduler Thread - 3/WARN]: 	at us.zonix.practice.board.BoardManager.run(BoardManager.java:42)
[00:03:40] [Craft Scheduler Thread - 3/WARN]: 	at org.bukkit.craftbukkit.v1_8_R3.scheduler.CraftTask.run(CraftTask.java:64)
[00:03:40] [Craft Scheduler Thread - 3/WARN]: 	at org.bukkit.craftbukkit.v1_8_R3.scheduler.CraftAsyncTask.run(CraftAsyncTask.java:53)
[00:03:40] [Craft Scheduler Thread - 3/WARN]: 	at org.github.paperspigot.ServerSchedulerReportingWrapper.run(ServerSchedulerReportingWrapper.java:23)
[00:03:40] [Craft Scheduler Thread - 3/WARN]: 	at java.util.concurrent.ThreadPoolExecutor.runWorker(ThreadPoolExecutor.java:1149)
[00:03:40] [Craft Scheduler Thread - 3/WARN]: 	at java.util.concurrent.ThreadPoolExecutor$Worker.run(ThreadPoolExecutor.java:624)
[00:03:40] [Craft Scheduler Thread - 3/WARN]: 	at java.lang.Thread.run(Thread.java:748)
[00:03:40] [Craft Scheduler Thread - 3/WARN]: java.lang.NullPointerException
[00:03:40] [Craft Scheduler Thread - 3/WARN]: 	at us.zonix.practice.board.adapter.PracticeBoard.getLobbyBoard(PracticeBoard.java:133)
[00:03:40] [Craft Scheduler Thread - 3/WARN]: 	at us.zonix.practice.board.adapter.PracticeBoard.getScoreboard(PracticeBoard.java:74)
[00:03:40] [Craft Scheduler Thread - 3/WARN]: 	at us.zonix.practice.board.BoardManager.run(BoardManager.java:42)
[00:03:40] [Craft Scheduler Thread - 3/WARN]: 	at org.bukkit.craftbukkit.v1_8_R3.scheduler.CraftTask.run(CraftTask.java:64)
[00:03:40] [Craft Scheduler Thread - 3/WARN]: 	at org.bukkit.craftbukkit.v1_8_R3.scheduler.CraftAsyncTask.run(CraftAsyncTask.java:53)
[00:03:40] [Craft Scheduler Thread - 3/WARN]: 	at org.github.paperspigot.ServerSchedulerReportingWrapper.run(ServerSchedulerReportingWrapper.java:23)
[00:03:40] [Craft Scheduler Thread - 3/WARN]: 	at java.util.concurrent.ThreadPoolExecutor.runWorker(ThreadPoolExecutor.java:1149)
[00:03:40] [Craft Scheduler Thread - 3/WARN]: 	at java.util.concurrent.ThreadPoolExecutor$Worker.run(ThreadPoolExecutor.java:624)
[00:03:40] [Craft Scheduler Thread - 3/WARN]: 	at java.lang.Thread.run(Thread.java:748)
[00:03:40] [Craft Scheduler Thread - 9/WARN]: java.lang.NullPointerException
[00:03:40] [Craft Scheduler Thread - 9/WARN]: 	at us.zonix.practice.board.adapter.PracticeBoard.getLobbyBoard(PracticeBoard.java:133)
[00:03:40] [Craft Scheduler Thread - 9/WARN]: 	at us.zonix.practice.board.adapter.PracticeBoard.getScoreboard(PracticeBoard.java:74)
[00:03:40] [Craft Scheduler Thread - 9/WARN]: 	at us.zonix.practice.board.BoardManager.run(BoardManager.java:42)
[00:03:40] [Craft Scheduler Thread - 9/WARN]: 	at org.bukkit.craftbukkit.v1_8_R3.scheduler.CraftTask.run(CraftTask.java:64)
[00:03:40] [Craft Scheduler Thread - 9/WARN]: 	at org.bukkit.craftbukkit.v1_8_R3.scheduler.CraftAsyncTask.run(CraftAsyncTask.java:53)
[00:03:40] [Craft Scheduler Thread - 9/WARN]: 	at org.github.paperspigot.ServerSchedulerReportingWrapper.run(ServerSchedulerReportingWrapper.java:23)
[00:03:40] [Craft Scheduler Thread - 9/WARN]: 	at java.util.concurrent.ThreadPoolExecutor.runWorker(ThreadPoolExecutor.java:1149)
[00:03:40] [Craft Scheduler Thread - 9/WARN]: 	at java.util.concurrent.ThreadPoolExecutor$Worker.run(ThreadPoolExecutor.java:624)
[00:03:40] [Craft Scheduler Thread - 9/WARN]: 	at java.lang.Thread.run(Thread.java:748)
[00:03:40] [Craft Scheduler Thread - 9/WARN]: java.lang.NullPointerException
[00:03:40] [Craft Scheduler Thread - 9/WARN]: 	at us.zonix.practice.board.adapter.PracticeBoard.getLobbyBoard(PracticeBoard.java:133)
[00:03:40] [Craft Scheduler Thread - 9/WARN]: 	at us.zonix.practice.board.adapter.PracticeBoard.getScoreboard(PracticeBoard.java:74)
[00:03:40] [Craft Scheduler Thread - 9/WARN]: 	at us.zonix.practice.board.BoardManager.run(BoardManager.java:42)
[00:03:40] [Craft Scheduler Thread - 9/WARN]: 	at org.bukkit.craftbukkit.v1_8_R3.scheduler.CraftTask.run(CraftTask.java:64)
[00:03:40] [Craft Scheduler Thread - 9/WARN]: 	at org.bukkit.craftbukkit.v1_8_R3.scheduler.CraftAsyncTask.run(CraftAsyncTask.java:53)
[00:03:40] [Craft Scheduler Thread - 9/WARN]: 	at org.github.paperspigot.ServerSchedulerReportingWrapper.run(ServerSchedulerReportingWrapper.java:23)
[00:03:40] [Craft Scheduler Thread - 9/WARN]: 	at java.util.concurrent.ThreadPoolExecutor.runWorker(ThreadPoolExecutor.java:1149)
[00:03:40] [Craft Scheduler Thread - 9/WARN]: 	at java.util.concurrent.ThreadPoolExecutor$Worker.run(ThreadPoolExecutor.java:624)
[00:03:40] [Craft Scheduler Thread - 9/WARN]: 	at java.lang.Thread.run(Thread.java:748)
[00:03:40] [Craft Scheduler Thread - 11/WARN]: java.lang.NullPointerException
[00:03:40] [Craft Scheduler Thread - 11/WARN]: 	at us.zonix.practice.board.adapter.PracticeBoard.getLobbyBoard(PracticeBoard.java:133)
[00:03:40] [Craft Scheduler Thread - 11/WARN]: 	at us.zonix.practice.board.adapter.PracticeBoard.getScoreboard(PracticeBoard.java:74)
[00:03:40] [Craft Scheduler Thread - 11/WARN]: 	at us.zonix.practice.board.BoardManager.run(BoardManager.java:42)
[00:03:40] [Craft Scheduler Thread - 11/WARN]: 	at org.bukkit.craftbukkit.v1_8_R3.scheduler.CraftTask.run(CraftTask.java:64)
[00:03:40] [Craft Scheduler Thread - 11/WARN]: 	at org.bukkit.craftbukkit.v1_8_R3.scheduler.CraftAsyncTask.run(CraftAsyncTask.java:53)
[00:03:40] [Craft Scheduler Thread - 11/WARN]: 	at org.github.paperspigot.ServerSchedulerReportingWrapper.run(ServerSchedulerReportingWrapper.java:23)
[00:03:40] [Craft Scheduler Thread - 11/WARN]: 	at java.util.concurrent.ThreadPoolExecutor.runWorker(ThreadPoolExecutor.java:1149)
[00:03:40] [Craft Scheduler Thread - 11/WARN]: 	at java.util.concurrent.ThreadPoolExecutor$Worker.run(ThreadPoolExecutor.java:624)
[00:03:40] [Craft Scheduler Thread - 11/WARN]: 	at java.lang.Thread.run(Thread.java:748)
[00:03:40] [Craft Scheduler Thread - 11/WARN]: java.lang.NullPointerException
[00:03:40] [Craft Scheduler Thread - 11/WARN]: 	at us.zonix.practice.board.adapter.PracticeBoard.getLobbyBoard(PracticeBoard.java:133)
[00:03:40] [Craft Scheduler Thread - 11/WARN]: 	at us.zonix.practice.board.adapter.PracticeBoard.getScoreboard(PracticeBoard.java:74)
[00:03:40] [Craft Scheduler Thread - 11/WARN]: 	at us.zonix.practice.board.BoardManager.run(BoardManager.java:42)
[00:03:40] [Craft Scheduler Thread - 11/WARN]: 	at org.bukkit.craftbukkit.v1_8_R3.scheduler.CraftTask.run(CraftTask.java:64)
[00:03:40] [Craft Scheduler Thread - 11/WARN]: 	at org.bukkit.craftbukkit.v1_8_R3.scheduler.CraftAsyncTask.run(CraftAsyncTask.java:53)
[00:03:40] [Craft Scheduler Thread - 11/WARN]: 	at org.github.paperspigot.ServerSchedulerReportingWrapper.run(ServerSchedulerReportingWrapper.java:23)
[00:03:40] [Craft Scheduler Thread - 11/WARN]: 	at java.util.concurrent.ThreadPoolExecutor.runWorker(ThreadPoolExecutor.java:1149)
[00:03:40] [Craft Scheduler Thread - 11/WARN]: 	at java.util.concurrent.ThreadPoolExecutor$Worker.run(ThreadPoolExecutor.java:624)
[00:03:40] [Craft Scheduler Thread - 11/WARN]: 	at java.lang.Thread.run(Thread.java:748)
[00:03:40] [Craft Scheduler Thread - 10/WARN]: java.lang.NullPointerException
[00:03:40] [Craft Scheduler Thread - 10/WARN]: 	at us.zonix.practice.board.adapter.PracticeBoard.getLobbyBoard(PracticeBoard.java:133)
[00:03:40] [Craft Scheduler Thread - 10/WARN]: 	at us.zonix.practice.board.adapter.PracticeBoard.getScoreboard(PracticeBoard.java:74)
[00:03:40] [Craft Scheduler Thread - 10/WARN]: 	at us.zonix.practice.board.BoardManager.run(BoardManager.java:42)
[00:03:40] [Craft Scheduler Thread - 10/WARN]: 	at org.bukkit.craftbukkit.v1_8_R3.scheduler.CraftTask.run(CraftTask.java:64)
[00:03:40] [Craft Scheduler Thread - 10/WARN]: 	at org.bukkit.craftbukkit.v1_8_R3.scheduler.CraftAsyncTask.run(CraftAsyncTask.java:53)
[00:03:40] [Craft Scheduler Thread - 10/WARN]: 	at org.github.paperspigot.ServerSchedulerReportingWrapper.run(ServerSchedulerReportingWrapper.java:23)
[00:03:40] [Craft Scheduler Thread - 10/WARN]: 	at java.util.concurrent.ThreadPoolExecutor.runWorker(ThreadPoolExecutor.java:1149)
[00:03:40] [Craft Scheduler Thread - 10/WARN]: 	at java.util.concurrent.ThreadPoolExecutor$Worker.run(ThreadPoolExecutor.java:624)
[00:03:40] [Craft Scheduler Thread - 10/WARN]: 	at java.lang.Thread.run(Thread.java:748)
[00:03:40] [Craft Scheduler Thread - 10/WARN]: java.lang.NullPointerException
[00:03:40] [Craft Scheduler Thread - 10/WARN]: 	at us.zonix.practice.board.adapter.PracticeBoard.getLobbyBoard(PracticeBoard.java:133)
[00:03:40] [Craft Scheduler Thread - 10/WARN]: 	at us.zonix.practice.board.adapter.PracticeBoard.getScoreboard(PracticeBoard.java:74)
[00:03:40] [Craft Scheduler Thread - 10/WARN]: 	at us.zonix.practice.board.BoardManager.run(BoardManager.java:42)
[00:03:40] [Craft Scheduler Thread - 10/WARN]: 	at org.bukkit.craftbukkit.v1_8_R3.scheduler.CraftTask.run(CraftTask.java:64)
[00:03:40] [Craft Scheduler Thread - 10/WARN]: 	at org.bukkit.craftbukkit.v1_8_R3.scheduler.CraftAsyncTask.run(CraftAsyncTask.java:53)
[00:03:40] [Craft Scheduler Thread - 10/WARN]: 	at org.github.paperspigot.ServerSchedulerReportingWrapper.run(ServerSchedulerReportingWrapper.java:23)
[00:03:40] [Craft Scheduler Thread - 10/WARN]: 	at java.util.concurrent.ThreadPoolExecutor.runWorker(ThreadPoolExecutor.java:1149)
[00:03:40] [Craft Scheduler Thread - 10/WARN]: 	at java.util.concurrent.ThreadPoolExecutor$Worker.run(ThreadPoolExecutor.java:624)
[00:03:40] [Craft Scheduler Thread - 10/WARN]: 	at java.lang.Thread.run(Thread.java:748)
[00:03:40] [Craft Scheduler Thread - 10/WARN]: java.lang.NullPointerException
[00:03:40] [Craft Scheduler Thread - 10/WARN]: 	at us.zonix.practice.board.adapter.PracticeBoard.getLobbyBoard(PracticeBoard.java:133)
[00:03:40] [Craft Scheduler Thread - 10/WARN]: 	at us.zonix.practice.board.adapter.PracticeBoard.getScoreboard(PracticeBoard.java:74)
[00:03:40] [Craft Scheduler Thread - 10/WARN]: 	at us.zonix.practice.board.BoardManager.run(BoardManager.java:42)
[00:03:40] [Craft Scheduler Thread - 10/WARN]: 	at org.bukkit.craftbukkit.v1_8_R3.scheduler.CraftTask.run(CraftTask.java:64)
[00:03:40] [Craft Scheduler Thread - 10/WARN]: 	at org.bukkit.craftbukkit.v1_8_R3.scheduler.CraftAsyncTask.run(CraftAsyncTask.java:53)
[00:03:40] [Craft Scheduler Thread - 10/WARN]: 	at org.github.paperspigot.ServerSchedulerReportingWrapper.run(ServerSchedulerReportingWrapper.java:23)
[00:03:40] [Craft Scheduler Thread - 10/WARN]: 	at java.util.concurrent.ThreadPoolExecutor.runWorker(ThreadPoolExecutor.java:1149)
[00:03:40] [Craft Scheduler Thread - 10/WARN]: 	at java.util.concurrent.ThreadPoolExecutor$Worker.run(ThreadPoolExecutor.java:624)
[00:03:40] [Craft Scheduler Thread - 10/WARN]: 	at java.lang.Thread.run(Thread.java:748)
[00:03:40] [Craft Scheduler Thread - 10/WARN]: java.lang.NullPointerException
[00:03:40] [Craft Scheduler Thread - 10/WARN]: 	at us.zonix.practice.board.adapter.PracticeBoard.getLobbyBoard(PracticeBoard.java:133)
[00:03:40] [Craft Scheduler Thread - 10/WARN]: 	at us.zonix.practice.board.adapter.PracticeBoard.getScoreboard(PracticeBoard.java:74)
[00:03:40] [Craft Scheduler Thread - 10/WARN]: 	at us.zonix.practice.board.BoardManager.run(BoardManager.java:42)
[00:03:40] [Craft Scheduler Thread - 10/WARN]: 	at org.bukkit.craftbukkit.v1_8_R3.scheduler.CraftTask.run(CraftTask.java:64)
[00:03:40] [Craft Scheduler Thread - 10/WARN]: 	at org.bukkit.craftbukkit.v1_8_R3.scheduler.CraftAsyncTask.run(CraftAsyncTask.java:53)
[00:03:40] [Craft Scheduler Thread - 10/WARN]: 	at org.github.paperspigot.ServerSchedulerReportingWrapper.run(ServerSchedulerReportingWrapper.java:23)
[00:03:40] [Craft Scheduler Thread - 10/WARN]: 	at java.util.concurrent.ThreadPoolExecutor.runWorker(ThreadPoolExecutor.java:1149)
[00:03:40] [Craft Scheduler Thread - 10/WARN]: 	at java.util.concurrent.ThreadPoolExecutor$Worker.run(ThreadPoolExecutor.java:624)
[00:03:40] [Craft Scheduler Thread - 10/WARN]: 	at java.lang.Thread.run(Thread.java:748)
[00:03:40] [Craft Scheduler Thread - 0/WARN]: java.lang.NullPointerException
[00:03:40] [Craft Scheduler Thread - 0/WARN]: 	at us.zonix.practice.board.adapter.PracticeBoard.getLobbyBoard(PracticeBoard.java:133)
[00:03:40] [Craft Scheduler Thread - 0/WARN]: 	at us.zonix.practice.board.adapter.PracticeBoard.getScoreboard(PracticeBoard.java:74)
[00:03:40] [Craft Scheduler Thread - 0/WARN]: 	at us.zonix.practice.board.BoardManager.run(BoardManager.java:42)
[00:03:40] [Craft Scheduler Thread - 0/WARN]: 	at org.bukkit.craftbukkit.v1_8_R3.scheduler.CraftTask.run(CraftTask.java:64)
[00:03:40] [Craft Scheduler Thread - 0/WARN]: 	at org.bukkit.craftbukkit.v1_8_R3.scheduler.CraftAsyncTask.run(CraftAsyncTask.java:53)
[00:03:40] [Craft Scheduler Thread - 0/WARN]: 	at org.github.paperspigot.ServerSchedulerReportingWrapper.run(ServerSchedulerReportingWrapper.java:23)
[00:03:40] [Craft Scheduler Thread - 0/WARN]: 	at java.util.concurrent.ThreadPoolExecutor.runWorker(ThreadPoolExecutor.java:1149)
[00:03:40] [Craft Scheduler Thread - 0/WARN]: 	at java.util.concurrent.ThreadPoolExecutor$Worker.run(ThreadPoolExecutor.java:624)
[00:03:40] [Craft Scheduler Thread - 0/WARN]: 	at java.lang.Thread.run(Thread.java:748)
[00:03:40] [Craft Scheduler Thread - 0/WARN]: java.lang.NullPointerException
[00:03:40] [Craft Scheduler Thread - 0/WARN]: 	at us.zonix.practice.board.adapter.PracticeBoard.getLobbyBoard(PracticeBoard.java:133)
[00:03:40] [Craft Scheduler Thread - 0/WARN]: 	at us.zonix.practice.board.adapter.PracticeBoard.getScoreboard(PracticeBoard.java:74)
[00:03:40] [Craft Scheduler Thread - 0/WARN]: 	at us.zonix.practice.board.BoardManager.run(BoardManager.java:42)
[00:03:40] [Craft Scheduler Thread - 0/WARN]: 	at org.bukkit.craftbukkit.v1_8_R3.scheduler.CraftTask.run(CraftTask.java:64)
[00:03:40] [Craft Scheduler Thread - 0/WARN]: 	at org.bukkit.craftbukkit.v1_8_R3.scheduler.CraftAsyncTask.run(CraftAsyncTask.java:53)
[00:03:40] [Craft Scheduler Thread - 0/WARN]: 	at org.github.paperspigot.ServerSchedulerReportingWrapper.run(ServerSchedulerReportingWrapper.java:23)
[00:03:40] [Craft Scheduler Thread - 0/WARN]: 	at java.util.concurrent.ThreadPoolExecutor.runWorker(ThreadPoolExecutor.java:1149)
[00:03:40] [Craft Scheduler Thread - 0/WARN]: 	at java.util.concurrent.ThreadPoolExecutor$Worker.run(ThreadPoolExecutor.java:624)
[00:03:40] [Craft Scheduler Thread - 0/WARN]: 	at java.lang.Thread.run(Thread.java:748)
[00:03:40] [Craft Scheduler Thread - 10/WARN]: java.lang.NullPointerException
[00:03:40] [Craft Scheduler Thread - 10/WARN]: 	at us.zonix.practice.board.adapter.PracticeBoard.getLobbyBoard(PracticeBoard.java:133)
[00:03:40] [Craft Scheduler Thread - 10/WARN]: 	at us.zonix.practice.board.adapter.PracticeBoard.getScoreboard(PracticeBoard.java:74)
[00:03:40] [Craft Scheduler Thread - 10/WARN]: 	at us.zonix.practice.board.BoardManager.run(BoardManager.java:42)
[00:03:40] [Craft Scheduler Thread - 10/WARN]: 	at org.bukkit.craftbukkit.v1_8_R3.scheduler.CraftTask.run(CraftTask.java:64)
[00:03:40] [Craft Scheduler Thread - 10/WARN]: 	at org.bukkit.craftbukkit.v1_8_R3.scheduler.CraftAsyncTask.run(CraftAsyncTask.java:53)
[00:03:40] [Craft Scheduler Thread - 10/WARN]: 	at org.github.paperspigot.ServerSchedulerReportingWrapper.run(ServerSchedulerReportingWrapper.java:23)
[00:03:40] [Craft Scheduler Thread - 10/WARN]: 	at java.util.concurrent.ThreadPoolExecutor.runWorker(ThreadPoolExecutor.java:1149)
[00:03:40] [Craft Scheduler Thread - 10/WARN]: 	at java.util.concurrent.ThreadPoolExecutor$Worker.run(ThreadPoolExecutor.java:624)
[00:03:40] [Craft Scheduler Thread - 10/WARN]: 	at java.lang.Thread.run(Thread.java:748)
[00:03:40] [Craft Scheduler Thread - 10/WARN]: java.lang.NullPointerException
[00:03:40] [Craft Scheduler Thread - 10/WARN]: 	at us.zonix.practice.board.adapter.PracticeBoard.getLobbyBoard(PracticeBoard.java:133)
[00:03:40] [Craft Scheduler Thread - 10/WARN]: 	at us.zonix.practice.board.adapter.PracticeBoard.getScoreboard(PracticeBoard.java:74)
[00:03:40] [Craft Scheduler Thread - 10/WARN]: 	at us.zonix.practice.board.BoardManager.run(BoardManager.java:42)
[00:03:40] [Craft Scheduler Thread - 10/WARN]: 	at org.bukkit.craftbukkit.v1_8_R3.scheduler.CraftTask.run(CraftTask.java:64)
[00:03:40] [Craft Scheduler Thread - 10/WARN]: 	at org.bukkit.craftbukkit.v1_8_R3.scheduler.CraftAsyncTask.run(CraftAsyncTask.java:53)
[00:03:40] [Craft Scheduler Thread - 10/WARN]: 	at org.github.paperspigot.ServerSchedulerReportingWrapper.run(ServerSchedulerReportingWrapper.java:23)
[00:03:40] [Craft Scheduler Thread - 10/WARN]: 	at java.util.concurrent.ThreadPoolExecutor.runWorker(ThreadPoolExecutor.java:1149)
[00:03:40] [Craft Scheduler Thread - 10/WARN]: 	at java.util.concurrent.ThreadPoolExecutor$Worker.run(ThreadPoolExecutor.java:624)
[00:03:40] [Craft Scheduler Thread - 10/WARN]: 	at java.lang.Thread.run(Thread.java:748)
[00:03:40] [Craft Scheduler Thread - 3/WARN]: java.lang.NullPointerException
[00:03:40] [Craft Scheduler Thread - 3/WARN]: 	at us.zonix.practice.board.adapter.PracticeBoard.getLobbyBoard(PracticeBoard.java:133)
[00:03:40] [Craft Scheduler Thread - 3/WARN]: 	at us.zonix.practice.board.adapter.PracticeBoard.getScoreboard(PracticeBoard.java:74)
[00:03:40] [Craft Scheduler Thread - 3/WARN]: 	at us.zonix.practice.board.BoardManager.run(BoardManager.java:42)
[00:03:40] [Craft Scheduler Thread - 3/WARN]: 	at org.bukkit.craftbukkit.v1_8_R3.scheduler.CraftTask.run(CraftTask.java:64)
[00:03:40] [Craft Scheduler Thread - 3/WARN]: 	at org.bukkit.craftbukkit.v1_8_R3.scheduler.CraftAsyncTask.run(CraftAsyncTask.java:53)
[00:03:40] [Craft Scheduler Thread - 3/WARN]: 	at org.github.paperspigot.ServerSchedulerReportingWrapper.run(ServerSchedulerReportingWrapper.java:23)
[00:03:40] [Craft Scheduler Thread - 3/WARN]: 	at java.util.concurrent.ThreadPoolExecutor.runWorker(ThreadPoolExecutor.java:1149)
[00:03:40] [Craft Scheduler Thread - 3/WARN]: 	at java.util.concurrent.ThreadPoolExecutor$Worker.run(ThreadPoolExecutor.java:624)
[00:03:40] [Craft Scheduler Thread - 3/WARN]: 	at java.lang.Thread.run(Thread.java:748)
[00:03:40] [Craft Scheduler Thread - 3/WARN]: java.lang.NullPointerException
[00:03:40] [Craft Scheduler Thread - 3/WARN]: 	at us.zonix.practice.board.adapter.PracticeBoard.getLobbyBoard(PracticeBoard.java:133)
[00:03:40] [Craft Scheduler Thread - 3/WARN]: 	at us.zonix.practice.board.adapter.PracticeBoard.getScoreboard(PracticeBoard.java:74)
[00:03:40] [Craft Scheduler Thread - 3/WARN]: 	at us.zonix.practice.board.BoardManager.run(BoardManager.java:42)
[00:03:40] [Craft Scheduler Thread - 3/WARN]: 	at org.bukkit.craftbukkit.v1_8_R3.scheduler.CraftTask.run(CraftTask.java:64)
[00:03:40] [Craft Scheduler Thread - 3/WARN]: 	at org.bukkit.craftbukkit.v1_8_R3.scheduler.CraftAsyncTask.run(CraftAsyncTask.java:53)
[00:03:40] [Craft Scheduler Thread - 3/WARN]: 	at org.github.paperspigot.ServerSchedulerReportingWrapper.run(ServerSchedulerReportingWrapper.java:23)
[00:03:40] [Craft Scheduler Thread - 3/WARN]: 	at java.util.concurrent.ThreadPoolExecutor.runWorker(ThreadPoolExecutor.java:1149)
[00:03:40] [Craft Scheduler Thread - 3/WARN]: 	at java.util.concurrent.ThreadPoolExecutor$Worker.run(ThreadPoolExecutor.java:624)
[00:03:40] [Craft Scheduler Thread - 3/WARN]: 	at java.lang.Thread.run(Thread.java:748)
[00:03:40] [Craft Scheduler Thread - 9/WARN]: java.lang.NullPointerException
[00:03:40] [Craft Scheduler Thread - 9/WARN]: 	at us.zonix.practice.board.adapter.PracticeBoard.getLobbyBoard(PracticeBoard.java:133)
[00:03:40] [Craft Scheduler Thread - 9/WARN]: 	at us.zonix.practice.board.adapter.PracticeBoard.getScoreboard(PracticeBoard.java:74)
[00:03:40] [Craft Scheduler Thread - 9/WARN]: 	at us.zonix.practice.board.BoardManager.run(BoardManager.java:42)
[00:03:40] [Craft Scheduler Thread - 9/WARN]: 	at org.bukkit.craftbukkit.v1_8_R3.scheduler.CraftTask.run(CraftTask.java:64)
[00:03:40] [Craft Scheduler Thread - 9/WARN]: 	at org.bukkit.craftbukkit.v1_8_R3.scheduler.CraftAsyncTask.run(CraftAsyncTask.java:53)
[00:03:40] [Craft Scheduler Thread - 9/WARN]: 	at org.github.paperspigot.ServerSchedulerReportingWrapper.run(ServerSchedulerReportingWrapper.java:23)
[00:03:40] [Craft Scheduler Thread - 9/WARN]: 	at java.util.concurrent.ThreadPoolExecutor.runWorker(ThreadPoolExecutor.java:1149)
[00:03:40] [Craft Scheduler Thread - 9/WARN]: 	at java.util.concurrent.ThreadPoolExecutor$Worker.run(ThreadPoolExecutor.java:624)
[00:03:40] [Craft Scheduler Thread - 9/WARN]: 	at java.lang.Thread.run(Thread.java:748)
[00:03:40] [Server thread/INFO]: BankrolHayden lost connection: Disconnected
[00:03:40] [Server thread/ERROR]: Could not pass event PlayerQuitEvent to Practice v1.0
org.bukkit.event.EventException
	at org.bukkit.plugin.java.JavaPluginLoader$1.execute(JavaPluginLoader.java:302) ~[server.jar:git-edaterSpigot-7e8d4bd]
	at co.aikar.timings.TimedEventExecutor.execute(TimedEventExecutor.java:74) ~[server.jar:git-edaterSpigot-7e8d4bd]
	at org.bukkit.plugin.RegisteredListener.callEvent(RegisteredListener.java:65) ~[server.jar:git-edaterSpigot-7e8d4bd]
	at org.bukkit.plugin.SimplePluginManager.callEventHandler(SimplePluginManager.java:569) [server.jar:git-edaterSpigot-7e8d4bd]
	at org.bukkit.plugin.SimplePluginManager.dispatchEvent(SimplePluginManager.java:534) [server.jar:git-edaterSpigot-7e8d4bd]
	at org.bukkit.plugin.SimplePluginManager.access$0(SimplePluginManager.java:531) [server.jar:git-edaterSpigot-7e8d4bd]
	at org.bukkit.plugin.SimplePluginManager$2.callEvent(SimplePluginManager.java:536) [server.jar:git-edaterSpigot-7e8d4bd]
	at org.bukkit.plugin.SimplePluginManager.callEventBody(SimplePluginManager.java:586) [server.jar:git-edaterSpigot-7e8d4bd]
	at org.bukkit.plugin.SimplePluginManager.callEventHandler(SimplePluginManager.java:579) [server.jar:git-edaterSpigot-7e8d4bd]
	at org.bukkit.plugin.SimplePluginManager.dispatchEvent(SimplePluginManager.java:534) [server.jar:git-edaterSpigot-7e8d4bd]
	at org.bukkit.plugin.SimplePluginManager.access$0(SimplePluginManager.java:531) [server.jar:git-edaterSpigot-7e8d4bd]
	at org.bukkit.plugin.SimplePluginManager$2.callEvent(SimplePluginManager.java:536) [server.jar:git-edaterSpigot-7e8d4bd]
	at org.bukkit.plugin.SimplePluginManager.callEventBody(SimplePluginManager.java:586) [server.jar:git-edaterSpigot-7e8d4bd]
	at org.bukkit.plugin.SimplePluginManager.callEventHandler(SimplePluginManager.java:579) [server.jar:git-edaterSpigot-7e8d4bd]
	at org.bukkit.plugin.SimplePluginManager.dispatchEvent(SimplePluginManager.java:534) [server.jar:git-edaterSpigot-7e8d4bd]
	at org.bukkit.plugin.SimplePluginManager.access$0(SimplePluginManager.java:531) [server.jar:git-edaterSpigot-7e8d4bd]
	at org.bukkit.plugin.SimplePluginManager$2.callEvent(SimplePluginManager.java:536) [server.jar:git-edaterSpigot-7e8d4bd]
	at org.bukkit.plugin.SimplePluginManager.callEventBody(SimplePluginManager.java:586) [server.jar:git-edaterSpigot-7e8d4bd]
	at org.bukkit.plugin.SimplePluginManager.callEventHandler(SimplePluginManager.java:579) [server.jar:git-edaterSpigot-7e8d4bd]
	at org.bukkit.plugin.SimplePluginManager.dispatchEvent(SimplePluginManager.java:534) [server.jar:git-edaterSpigot-7e8d4bd]
	at org.bukkit.plugin.SimplePluginManager.access$0(SimplePluginManager.java:531) [server.jar:git-edaterSpigot-7e8d4bd]
	at org.bukkit.plugin.SimplePluginManager$2.callEvent(SimplePluginManager.java:536) [server.jar:git-edaterSpigot-7e8d4bd]
	at org.bukkit.plugin.SimplePluginManager.callEventBody(SimplePluginManager.java:586) [server.jar:git-edaterSpigot-7e8d4bd]
	at org.bukkit.plugin.SimplePluginManager.callEventHandler(SimplePluginManager.java:579) [server.jar:git-edaterSpigot-7e8d4bd]
	at org.bukkit.plugin.SimplePluginManager.dispatchEvent(SimplePluginManager.java:534) [server.jar:git-edaterSpigot-7e8d4bd]
	at org.bukkit.plugin.SimplePluginManager.access$0(SimplePluginManager.java:531) [server.jar:git-edaterSpigot-7e8d4bd]
	at org.bukkit.plugin.SimplePluginManager$2.callEvent(SimplePluginManager.java:536) [server.jar:git-edaterSpigot-7e8d4bd]
	at org.bukkit.plugin.SimplePluginManager.callEventBody(SimplePluginManager.java:586) [server.jar:git-edaterSpigot-7e8d4bd]
	at org.bukkit.plugin.SimplePluginManager.callEventHandler(SimplePluginManager.java:579) [server.jar:git-edaterSpigot-7e8d4bd]
	at org.bukkit.plugin.SimplePluginManager.dispatchEvent(SimplePluginManager.java:534) [server.jar:git-edaterSpigot-7e8d4bd]
	at org.bukkit.plugin.SimplePluginManager.access$0(SimplePluginManager.java:531) [server.jar:git-edaterSpigot-7e8d4bd]
	at org.bukkit.plugin.SimplePluginManager$2.callEvent(SimplePluginManager.java:536) [server.jar:git-edaterSpigot-7e8d4bd]
	at org.bukkit.plugin.SimplePluginManager.callEventBody(SimplePluginManager.java:586) [server.jar:git-edaterSpigot-7e8d4bd]
	at org.bukkit.plugin.SimplePluginManager.callEventHandler(SimplePluginManager.java:579) [server.jar:git-edaterSpigot-7e8d4bd]
	at org.bukkit.plugin.SimplePluginManager.dispatchEvent(SimplePluginManager.java:534) [server.jar:git-edaterSpigot-7e8d4bd]
	at org.bukkit.plugin.SimplePluginManager.callEventSynchronously(SimplePluginManager.java:527) [server.jar:git-edaterSpigot-7e8d4bd]
	at org.bukkit.plugin.SimplePluginManager.callEvent(SimplePluginManager.java:521) [server.jar:git-edaterSpigot-7e8d4bd]
	at org.bukkit.plugin.SimplePluginManager.callEvent(SimplePluginManager.java:496) [server.jar:git-edaterSpigot-7e8d4bd]
	at net.minecraft.server.v1_8_R3.PlayerList.disconnect(PlayerList.java:368) [server.jar:git-edaterSpigot-7e8d4bd]
	at net.minecraft.server.v1_8_R3.PlayerConnection.a(PlayerConnection.java:950) [server.jar:git-edaterSpigot-7e8d4bd]
	at net.minecraft.server.v1_8_R3.NetworkManager.l(NetworkManager.java:367) [server.jar:git-edaterSpigot-7e8d4bd]
	at net.minecraft.server.v1_8_R3.ServerConnection.c(ServerConnection.java:146) [server.jar:git-edaterSpigot-7e8d4bd]
	at net.minecraft.server.v1_8_R3.MinecraftServer.B(MinecraftServer.java:892) [server.jar:git-edaterSpigot-7e8d4bd]
	at net.minecraft.server.v1_8_R3.DedicatedServer.B(DedicatedServer.java:366) [server.jar:git-edaterSpigot-7e8d4bd]
	at net.minecraft.server.v1_8_R3.MinecraftServer.A(MinecraftServer.java:729) [server.jar:git-edaterSpigot-7e8d4bd]
	at net.minecraft.server.v1_8_R3.MinecraftServer.run(MinecraftServer.java:629) [server.jar:git-edaterSpigot-7e8d4bd]
	at java.lang.Thread.run(Thread.java:748) [?:1.8.0_282]
Caused by: java.lang.NullPointerException
	at us.zonix.practice.managers.QueueManager.removePlayerFromQueue(QueueManager.java:285) ~[?:?]
	at us.zonix.practice.listeners.PlayerListener.onPlayerQuit(PlayerListener.java:183) ~[?:?]
	at sun.reflect.NativeMethodAccessorImpl.invoke0(Native Method) ~[?:1.8.0_282]
	at sun.reflect.NativeMethodAccessorImpl.invoke(NativeMethodAccessorImpl.java:62) ~[?:1.8.0_282]
	at sun.reflect.DelegatingMethodAccessorImpl.invoke(DelegatingMethodAccessorImpl.java:43) ~[?:1.8.0_282]
	at java.lang.reflect.Method.invoke(Method.java:498) ~[?:1.8.0_282]
	at org.bukkit.plugin.java.JavaPluginLoader$1.execute(JavaPluginLoader.java:300) ~[server.jar:git-edaterSpigot-7e8d4bd]
	... 46 more
[00:03:42] [Thread-23/INFO]: UUID of player Weird_Kid247 is bff23c05-a3f7-45a5-b604-90b473c801c0
[00:03:42] [Server thread/INFO]: Weird_Kid247[/73.72.162.169:44551] logged in with entity id 2824 at ([world]0.0, 60.0, 0.0)
[00:03:47] [Thread-24/INFO]: UUID of player BankrolHayden is 0b5cd2ba-133d-49e8-a272-bef974e207c5
[00:03:47] [Server thread/INFO]: BankrolHayden[/160.19.107.244:56619] logged in with entity id 3216 at ([world]0.0, 60.0, 0.0)
[00:03:49] [Server thread/INFO]: Weird_Kid247 issued server command: /duel BankrolHayden
[00:03:58] [Server thread/INFO]: Weird_Kid247 lost connection: Disconnected
[00:04:11] [Craft Scheduler Thread - 4/INFO]:        
[00:04:11] [Craft Scheduler Thread - 4/INFO]: [!] Follow our Twitter for Updates!
https://www.twitter.com/ZonixNetworkUS
[00:04:11] [Craft Scheduler Thread - 4/INFO]:        
[00:04:13] [Server thread/INFO]: BankrolHayden lost connection: Disconnected
[00:05:11] [Craft Scheduler Thread - 6/INFO]:        
[00:05:11] [Craft Scheduler Thread - 6/INFO]: [!] Report players that you think are breaking rules!
Command: /report <player> <reason>
[00:05:11] [Craft Scheduler Thread - 6/INFO]:        
[00:06:11] [Craft Scheduler Thread - 12/INFO]:        
[00:06:11] [Craft Scheduler Thread - 12/INFO]: [!] Butterfly clicking is strongly discouraged and CAN result in a ban!
[00:06:11] [Craft Scheduler Thread - 12/INFO]:        
[00:07:11] [Craft Scheduler Thread - 2/INFO]:        
[00:07:11] [Craft Scheduler Thread - 2/INFO]: [!] Do you need help? Please use /request <message>
[00:07:11] [Craft Scheduler Thread - 2/INFO]:        
[00:08:11] [Craft Scheduler Thread - 3/INFO]:        
[00:08:11] [Craft Scheduler Thread - 3/INFO]: [!] Donors get access to special abilities!
[00:08:11] [Craft Scheduler Thread - 3/INFO]:        
[00:09:11] [Craft Scheduler Thread - 2/INFO]:        
[00:09:11] [Craft Scheduler Thread - 2/INFO]: [!] Do not block glitch it may result in a ban.
[00:09:11] [Craft Scheduler Thread - 2/INFO]:        
[00:10:11] [Craft Scheduler Thread - 5/INFO]:        
[00:10:11] [Craft Scheduler Thread - 5/INFO]: [!] Follow our Twitter for Updates!
https://www.twitter.com/ZonixNetworkUS
[00:10:11] [Craft Scheduler Thread - 5/INFO]:        
[00:11:11] [Craft Scheduler Thread - 10/INFO]:        
[00:11:11] [Craft Scheduler Thread - 10/INFO]: [!] Report players that you think are breaking rules!
Command: /report <player> <reason>
[00:11:11] [Craft Scheduler Thread - 10/INFO]:        
[00:12:11] [Craft Scheduler Thread - 5/INFO]:        
[00:12:11] [Craft Scheduler Thread - 5/INFO]: [!] Butterfly clicking is strongly discouraged and CAN result in a ban!
[00:12:11] [Craft Scheduler Thread - 5/INFO]:        
[00:13:11] [Craft Scheduler Thread - 5/INFO]:        
[00:13:11] [Craft Scheduler Thread - 5/INFO]: [!] Do you need help? Please use /request <message>
[00:13:11] [Craft Scheduler Thread - 5/INFO]:        
[00:14:11] [Craft Scheduler Thread - 10/INFO]:        
[00:14:11] [Craft Scheduler Thread - 10/INFO]: [!] Donors get access to special abilities!
[00:14:11] [Craft Scheduler Thread - 10/INFO]:        
[00:15:11] [Craft Scheduler Thread - 14/INFO]:        
[00:15:11] [Craft Scheduler Thread - 14/INFO]: [!] Do not block glitch it may result in a ban.
[00:15:11] [Craft Scheduler Thread - 14/INFO]:        
[00:16:11] [Craft Scheduler Thread - 3/INFO]:        
[00:16:11] [Craft Scheduler Thread - 3/INFO]: [!] Follow our Twitter for Updates!
https://www.twitter.com/ZonixNetworkUS
[00:16:11] [Craft Scheduler Thread - 3/INFO]:        
[00:17:11] [Craft Scheduler Thread - 3/INFO]:        
[00:17:11] [Craft Scheduler Thread - 3/INFO]: [!] Report players that you think are breaking rules!
Command: /report <player> <reason>
[00:17:11] [Craft Scheduler Thread - 3/INFO]:        
[00:18:11] [Craft Scheduler Thread - 3/INFO]:        
[00:18:11] [Craft Scheduler Thread - 3/INFO]: [!] Butterfly clicking is strongly discouraged and CAN result in a ban!
[00:18:11] [Craft Scheduler Thread - 3/INFO]:        
[00:19:11] [Craft Scheduler Thread - 17/INFO]:        
[00:19:11] [Craft Scheduler Thread - 17/INFO]: [!] Do you need help? Please use /request <message>
[00:19:11] [Craft Scheduler Thread - 17/INFO]:        
[00:20:11] [Craft Scheduler Thread - 20/INFO]:        
[00:20:11] [Craft Scheduler Thread - 20/INFO]: [!] Donors get access to special abilities!
[00:20:11] [Craft Scheduler Thread - 20/INFO]:        
[00:21:11] [Craft Scheduler Thread - 20/INFO]:        
[00:21:11] [Craft Scheduler Thread - 20/INFO]: [!] Do not block glitch it may result in a ban.
[00:21:11] [Craft Scheduler Thread - 20/INFO]:        
[00:22:11] [Craft Scheduler Thread - 15/INFO]:        
[00:22:11] [Craft Scheduler Thread - 15/INFO]: [!] Follow our Twitter for Updates!
https://www.twitter.com/ZonixNetworkUS
[00:22:11] [Craft Scheduler Thread - 15/INFO]:        
[00:23:11] [Craft Scheduler Thread - 15/INFO]:        
[00:23:11] [Craft Scheduler Thread - 15/INFO]: [!] Report players that you think are breaking rules!
Command: /report <player> <reason>
[00:23:11] [Craft Scheduler Thread - 15/INFO]:        
[00:24:11] [Craft Scheduler Thread - 12/INFO]:        
[00:24:11] [Craft Scheduler Thread - 12/INFO]: [!] Butterfly clicking is strongly discouraged and CAN result in a ban!
[00:24:11] [Craft Scheduler Thread - 12/INFO]:        
[00:25:11] [Craft Scheduler Thread - 12/INFO]:        
[00:25:11] [Craft Scheduler Thread - 12/INFO]: [!] Do you need help? Please use /request <message>
[00:25:11] [Craft Scheduler Thread - 12/INFO]:        
[00:26:11] [Craft Scheduler Thread - 3/INFO]:        
[00:26:11] [Craft Scheduler Thread - 3/INFO]: [!] Donors get access to special abilities!
[00:26:11] [Craft Scheduler Thread - 3/INFO]:        
[00:27:11] [Craft Scheduler Thread - 21/INFO]:        
[00:27:11] [Craft Scheduler Thread - 21/INFO]: [!] Do not block glitch it may result in a ban.
[00:27:11] [Craft Scheduler Thread - 21/INFO]:        
[00:28:11] [Craft Scheduler Thread - 12/INFO]:        
[00:28:11] [Craft Scheduler Thread - 12/INFO]: [!] Follow our Twitter for Updates!
https://www.twitter.com/ZonixNetworkUS
[00:28:11] [Craft Scheduler Thread - 12/INFO]:        
[00:29:11] [Craft Scheduler Thread - 24/INFO]:        
[00:29:11] [Craft Scheduler Thread - 24/INFO]: [!] Report players that you think are breaking rules!
Command: /report <player> <reason>
[00:29:11] [Craft Scheduler Thread - 24/INFO]:        
[00:30:11] [Craft Scheduler Thread - 10/INFO]:        
[00:30:11] [Craft Scheduler Thread - 10/INFO]: [!] Butterfly clicking is strongly discouraged and CAN result in a ban!
[00:30:11] [Craft Scheduler Thread - 10/INFO]:        
[00:31:11] [Craft Scheduler Thread - 10/INFO]:        
[00:31:11] [Craft Scheduler Thread - 10/INFO]: [!] Do you need help? Please use /request <message>
[00:31:11] [Craft Scheduler Thread - 10/INFO]:        
[00:32:11] [Craft Scheduler Thread - 22/INFO]:        
[00:32:11] [Craft Scheduler Thread - 22/INFO]: [!] Donors get access to special abilities!
[00:32:11] [Craft Scheduler Thread - 22/INFO]:        
[00:33:11] [Craft Scheduler Thread - 28/INFO]:        
[00:33:11] [Craft Scheduler Thread - 28/INFO]: [!] Do not block glitch it may result in a ban.
[00:33:11] [Craft Scheduler Thread - 28/INFO]:        
[00:34:11] [Craft Scheduler Thread - 28/INFO]:        
[00:34:11] [Craft Scheduler Thread - 28/INFO]: [!] Follow our Twitter for Updates!
https://www.twitter.com/ZonixNetworkUS
[00:34:11] [Craft Scheduler Thread - 28/INFO]:        
